buildingId,isPartOf,buildingTitle,kind,type,description,ownercustodianName,ownercustodianId,balanceHolderName,balanceHolderId,userName,userId,dk018classId,dk018classDescription,unitName,buildingArea,CATUTTC,addressPostCode,addressAdminUnitL1,addressAdminUnitL2,addressAdminUnitL3,addressAdminUnitL4,addressPostName,addressPostDistrict,addressPostStreet,addressLocatorDesignator,addressLocatorBuilding,addressLocatorName,registrationStatus,registrationId,registrationDate,constructionReadiness,condition,utilitiesAvailable,validityDate
52-45906,null,"АДМІНІСТРАТИВНЕ","10.1220.10.023-Будівлі адміністративні","ОКРЕМО СТОЯЧИЙ","АДМІНІСТРАТИВНЕ",Київська міська рада,22883141,"КОМУНАЛЬНЕ ПІДПРИЄМСТВО ""КИЇВЖИТЛОСПЕЦЕКСПЛУАТАЦІЯ""","03366500",null,null,"10.1220.10.023","Будівлі адміністративні",кв. м.,"493.6",UA80000000000093317,"03142",Україна,м. Київ,null,null,null,"СВЯТОШИНСЬКИЙ","БУЛЬВАР АКАДЕМІКА ВЕРНАДСЬКОГО",xxx,null,null,Зареєстровано,"1376405580000",null,null,"ЗАДОВІЛЬНИЙ",null,2025-04-03
55-46009,null,"АДМІНІСТРАТИВНЕ","10.1220.10.023-Будівлі адміністративні","ПРИМІЩЕННЯ В Н/Б","АДМІНІСТРАТИВНЕ",Київська міська рада,22883141,"КОМУНАЛЬНЕ ПІДПРИЄМСТВО ""КИЇВЖИТЛОСПЕЦЕКСПЛУАТАЦІЯ""","03366500",null,null,"10.1220.10.023","Будівлі адміністративні",кв. м.,"1235.0",UA80000000000093317,"04214",Україна,м. Київ,null,null,null,"ОБОЛОНСЬКИЙ","ГЕРОЇВ ДНІПРА",xxx,null,null,Зареєстровано,"2139439080000",null,null,"ЗАДОВІЛЬНИЙ",null,2025-04-03
66-45909,null,"АДМІНІСТРАТИВНЕ","10.1220.10.023-Будівлі адміністративні","ОКРЕМО СТОЯЧИЙ","АДМІНІСТРАТИВНЕ",Київська міська рада,22883141,"КОМУНАЛЬНЕ ПІДПРИЄМСТВО ""КИЇВЖИТЛОСПЕЦЕКСПЛУАТАЦІЯ""","03366500",null,null,"10.1220.10.023","Будівлі адміністративні",кв. м.,"2773.7",UA80000000000093317,"03148",Україна,м. Київ,null,null,null,"СВЯТОШИНСЬКИЙ","ПОКОТИЛА ВОЛОДИМИРА (КАРТВЕЛІШВІЛІ)",xxx,null,null,Зареєстровано,"2013952180000",null,null,"ЗАДОВІЛЬНИЙ",null,2025-04-03
81-46081,null,"АДМІНІСТРАТИВНЕ","10.1220.10.023-Будівлі адміністративні","ПРИМІЩЕННЯ В Н/Б","АДМІНІСТРАТИВНЕ",Київська міська рада,22883141,"КОМУНАЛЬНЕ ПІДПРИЄМСТВО ""КИЇВЖИТЛОСПЕЦЕКСПЛУАТАЦІЯ""","03366500",null,null,"10.1220.10.023","Будівлі адміністративні",кв. м.,"6654.9",UA80000000000093317,"02166",Україна,м. Київ,null,null,null,"ДЕСНЯНСЬКИЙ"," ЛІСОВИЙ ПРОСПЕКТ",xxx,null,null,Невідомо,null,null,null,"ЗАДОВІЛЬНИЙ",null,2025-04-03
92-46023,null,"АДМІНІСТРАТИВНЕ","10.1220.10.023-Будівлі адміністративні","ПРИМІЩЕННЯ В Н/Б","АДМІНІСТРАТИВНЕ",Київська міська рада,22883141,"КОМУНАЛЬНЕ ПІДПРИЄМСТВО ""КИЇВЖИТЛОСПЕЦЕКСПЛУАТАЦІЯ""","03366500",null,null,"10.1220.10.023","Будівлі адміністративні",кв. м.,"2261.2",UA80000000000093317,"02032",Україна,м. Київ,null,null,null,"ДЕСНЯНСЬКИЙ","ЧЕРВОНОЇ КАЛИНИ (ВОЛОДИМИРА МАЯКОВСЬКОГО)",xxx,null,null,Зареєстровано,"2675353180000",null,null,"ЗАДОВІЛЬНИЙ",null,2025-05-05
109-48921,null,"Багатофункціональні","10.6000.02.001-Багатофункціональні нежитлові приміщення","ПРИМІЩЕННЯ В Ж/Б","ІНШЕ",Київська міська рада,22883141,"КОМУНАЛЬНЕ ПІДПРИЄМСТВО ""КЕРУЮЧА КОМПАНІЯ З ОБСЛУГОВУВАННЯ ЖИТЛОВОГО ФОНДУ СВЯТОШИНСЬКОГО РАЙОНУ М. КИЄВА""","39607507",null,null,"10.6000.02.001","Багатофункціональні нежитлові приміщення",кв. м.,"2970.2",UA80000000000093317,"03115",Україна,м. Київ,null,null,null,"СВЯТОШИНСЬКИЙ","ГЕТЬМАНА КИРИЛА РОЗУМОВСЬКОГО (МИКОЛИ КРАСНОВА)",xxx,null,null,Зареєстровано,"1790719080000",null,null,"ЗАДОВІЛЬНИЙ",null,2025-04-01
130-46118,null,"МАГАЗИН","10.1220.10.023-Будівлі адміністративні","ПРИБУДОВАНЕ ПРИМІЩ. ДО Ж/Б","МАГАЗИН",Київська міська рада,22883141,"КОМУНАЛЬНЕ ПІДПРИЄМСТВО ""КИЇВЖИТЛОСПЕЦЕКСПЛУАТАЦІЯ""","03366500",null,null,"10.1220.10.023","Будівлі адміністративні",кв. м.,"513.9",UA80000000000093317,"04201",Україна,м. Київ,null,null,null,"ОБОЛОНСЬКИЙ","РОКОССОВСЬКОГО МАРШАЛА ПРОСП.",xxx,null,null,Зареєстровано,"2182921280000,2182871080000",null,null,"ЗАДОВІЛЬНИЙ",null,2025-05-05
135-46180,null,"АДМІНІСТРАТИВНО-ПОБУТОВЕ","10.1220.10.023-Будівлі адміністративні","ПРИМІЩЕННЯ В Н/Б","АДМІНІСТРАТИВНО-ПОБУТОВЕ",Київська міська рада,22883141,"КОМУНАЛЬНЕ ПІДПРИЄМСТВО ""КИЇВЖИТЛОСПЕЦЕКСПЛУАТАЦІЯ""","03366500",null,null,"10.1220.10.023","Будівлі адміністративні",кв. м.,"1250.0",UA80000000000093317,"252111",Україна,м. Київ,null,null,null,"ШЕВЧЕНКІВСЬКИЙ","МРІЇ (ТУПОЛЄВА АКАДЕМІКА)",xxx,null,null,Невідомо,null,null,null,"ЗАДОВІЛЬНИЙ",null,2025-04-03
145-48933,null,"ВІЛЬНЕ","10.6000.02.008-Вільні нежитлові приміщення","ПРИМІЩЕННЯ В Ж/Б","СКЛАД",Київська міська рада,22883141,"КОМУНАЛЬНЕ ПІДПРИЄМСТВО ""КЕРУЮЧА КОМПАНІЯ З ОБСЛУГОВУВАННЯ ЖИТЛОВОГО ФОНДУ СВЯТОШИНСЬКОГО РАЙОНУ М. КИЄВА""","39607507",null,null,"10.6000.02.008","Вільні нежитлові приміщення",кв. м.,"408.0",UA80000000000093317,"03115",Україна,м. Київ,null,null,null,"СВЯТОШИНСЬКИЙ","БЕРЕСТЕЙСЬКИЙ ПРОСПЕКТ (ПРОСПЕКТ ПЕРЕМОГИ)",xxx,null,null,Зареєстровано,"1285567480000",null,null,"ЗАДОВІЛЬНИЙ",null,2025-04-01
166-45923,null,"АДМІНІСТРАТИВНЕ","10.1220.10.023-Будівлі адміністративні","ОКРЕМО СТОЯЧИЙ","АДМІНІСТРАТИВНЕ",Київська міська рада,22883141,"КОМУНАЛЬНЕ ПІДПРИЄМСТВО ""КИЇВЖИТЛОСПЕЦЕКСПЛУАТАЦІЯ""","03366500",null,null,"10.1220.10.023","Будівлі адміністративні",кв. м.,"685.2",UA80000000000093317,"02091",Україна,м. Київ,null,null,null,"ДАРНИЦЬКИЙ","ХАРКІВСЬКЕ ШОСЕ",xxx,null,null,Невідомо,null,null,null,"ЗАДОВІЛЬНИЙ",null,2025-04-03
167-45900,null,"АДМІНІСТРАТИВНЕ","10.1220.10.023-Будівлі адміністративні","ПРИМІЩЕННЯ В Н/Б","АДМІНІСТРАТИВНЕ",Київська міська рада,22883141,"КОМУНАЛЬНЕ ПІДПРИЄМСТВО ""КИЇВЖИТЛОСПЕЦЕКСПЛУАТАЦІЯ""","03366500",null,null,"10.1220.10.023","Будівлі адміністративні",кв. м.,"423.1",UA80000000000093317,"02091",Україна,м. Київ,null,null,null,"ДАРНИЦЬКИЙ","ХАРКІВСЬКЕ ШОСЕ",xxx,null,null,Зареєстровано,"2179491880000",null,null,"ЗАДОВІЛЬНИЙ",null,2025-04-03
180-49571,null,"АДМІНІСТРАТИВНЕ, ВІЛЬНІ","10.12-Будівлі (приміщення) нежитлові","ПРИМІЩЕННЯ В Ж/Б","АДМІНІСТРАТИВНЕ",Київська міська рада,22883141,"КОМУНАЛЬНЕ ПІДПРИЄМСТВО ""КЕРУЮЧА КОМПАНІЯ З ОБСЛУГОВУВАННЯ ЖИТЛОВОГО ФОНДУ ПОДІЛЬСЬКОГО РАЙОНУ М.КИЄВА""","39609111",null,null,"10.12","Будівлі (приміщення) нежитлові",кв. м.,"599.8",UA80000000000093317,"04136",Україна,м. Київ,null,null,null,"ПОДІЛЬСЬКИЙ","СИРЕЦЬКА",xxx,null,null,Зареєстровано,"1717023680000",null,null,"ЗАДОВІЛЬНИЙ",null,2025-01-12
268-16789,null,"незаконно відчуженне нежитлове приміщення, відкрито кримінальне провадження",null,"ПРИМІЩЕННЯ В Ж/Б","ІНШЕ",Київська міська рада,22883141,"КОМУНАЛЬНЕ ПІДПРИЄМСТВО ""КЕРУЮЧА КОМПАНІЯ З ОБСЛУГОВУВАННЯ ЖИТЛОВОГО ФОНДУ ШЕВЧЕНКІВСЬКОГО РАЙОНУ М.КИЄВА""","34966254",null,null,null,null,кв. м.,"2358.0",UA80000000000093317,"04053",Україна,м. Київ,null,null,null,"ШЕВЧЕНКІВСЬКИЙ","СІЧОВИХ СТРІЛЬЦІВ (АРТЕМА)",xxx,null,null,Невідомо,null,null,null,"ЗАДОВІЛЬНИЙ",null,2024-06-04
269-17107,null,null,null,"ПРИМІЩЕННЯ В Ж/Б",null,Київська міська рада,22883141,"КОМУНАЛЬНЕ ПІДПРИЄМСТВО ""КЕРУЮЧА КОМПАНІЯ З ОБСЛУГОВУВАННЯ ЖИТЛОВОГО ФОНДУ ШЕВЧЕНКІВСЬКОГО РАЙОНУ М.КИЄВА""","34966254",null,null,null,null,кв. м.,"4942.11",UA80000000000093317,null,Україна,м. Київ,null,null,null,"ШЕВЧЕНКІВСЬКИЙ","СІЧОВИХ СТРІЛЬЦІВ",xxx,null,null,Зареєстровано,"1229582280000",null,null,"ЗАДОВІЛЬНИЙ",null,2024-11-12
318-47989,null,"Лікувально-профілактичні","10.1264.40.003-Будівлі поліклінік","ОКРЕМО СТОЯЧИЙ","ПОЛІКЛІНІКА",Київська міська рада,22883141,"КОМУНАЛЬНЕ НЕКОМЕРЦІЙНЕ ПІДПРИЄМСТВО ""ЦЕНТР ПЕРВИННОЇ МЕДИКО-САНІТАРНОЇ ДОПОМОГИ № 2"" ШЕВЧЕНКІВСЬКОГО РАЙОНУ МІСТА КИЄВА","38948312",null,null,"10.1264.40.003","Будівлі поліклінік",кв. м.,"8596.8",UA80000000000093317,"04050",Україна,м. Київ,null,null,null,"ШЕВЧЕНКІВСЬКИЙ","ПИМОНЕНКА МИКОЛИ",xxx,null,null,Зареєстровано,"1239375780000",null,null,"ЗАДОВІЛЬНИЙ",null,2025-05-21
323-47988,null,"ЛІКУВАЛЬНО-ПРОФІЛАКТИЧНІ","10.1264.40.003-Будівлі поліклінік","ОКРЕМО СТОЯЧИЙ","ПОЛІКЛІНІКА",Київська міська рада,22883141,"КОМУНАЛЬНЕ НЕКОМЕРЦІЙНЕ ПІДПРИЄМСТВО ""ЦЕНТР ПЕРВИННОЇ МЕДИКО-САНІТАРНОЇ ДОПОМОГИ № 2"" ШЕВЧЕНКІВСЬКОГО РАЙОНУ МІСТА КИЄВА","38948312",null,null,"10.1264.40.003","Будівлі поліклінік",кв. м.,"1279.8",UA80000000000093317,"04050",Україна,м. Київ,null,null,null,"ШЕВЧЕНКІВСЬКИЙ","БІЛОРУСЬКА",xxx,null,null,Зареєстровано,"1239399680000",null,null,"ЗАДОВІЛЬНИЙ",null,2025-03-14
350-48396,null,"вільне","10.12-Будівлі (приміщення) нежитлові","ПРИМІЩЕННЯ В Ж/Б","ІНШЕ",Київська міська рада,22883141,"КОМУНАЛЬНЕ ПІДПРИЄМСТВО ""КЕРУЮЧА КОМПАНІЯ З ОБСЛУГОВУВАННЯ ЖИТЛОВОГО ФОНДУ ПЕЧЕРСЬКОГО РАЙОНУ М.КИЄВА""","35692211",null,null,"10.12","Будівлі (приміщення) нежитлові",кв. м.,"2116.1",UA80000000000093317,null,Україна,м. Київ,null,null,null,"ПЕЧЕРСЬКИЙ","АРСЕНАЛЬНА",xxx,null,null,Зареєстровано,"1290177680000",null,null,"ЗАДОВІЛЬНИЙ",null,2025-02-25
351-48453,null,"оренда-ГО, вільне","10.12-Будівлі (приміщення) нежитлові","ПРИМІЩЕННЯ В Ж/Б","ІНШЕ",Київська міська рада,22883141,"КОМУНАЛЬНЕ ПІДПРИЄМСТВО ""КЕРУЮЧА КОМПАНІЯ З ОБСЛУГОВУВАННЯ ЖИТЛОВОГО ФОНДУ ПЕЧЕРСЬКОГО РАЙОНУ М.КИЄВА""","35692211",null,null,"10.12","Будівлі (приміщення) нежитлові",кв. м.,"1601.8",UA80000000000093317,null,Україна,м. Київ,null,null,null,"ПЕЧЕРСЬКИЙ","ЛЕВАНДОВСЬКА (АНІЩЕНКА)",xxx,null,null,Зареєстровано,"1553992080000",null,null,"ЗАДОВІЛЬНИЙ",null,2025-02-19
353-48016,null,"оренда- ФПО-П (побутове обслуг. населення), ГУ НП (розміщ. офіцерів поліції), вільне","10.6000.01-Приміщення в житлових будинках та спорудах","ПРИМІЩЕННЯ В Ж/Б","ПОБУТОВІ ПОСЛУГИ",Київська міська рада,22883141,"КОМУНАЛЬНЕ ПІДПРИЄМСТВО ""КЕРУЮЧА КОМПАНІЯ З ОБСЛУГОВУВАННЯ ЖИТЛОВОГО ФОНДУ ПЕЧЕРСЬКОГО РАЙОНУ М.КИЄВА""","35692211",null,null,"10.6000.01","Приміщення в житлових будинках та спорудах",кв. м.,"4167.3",UA80000000000093317,null,Україна,м. Київ,null,null,null,"ПЕЧЕРСЬКИЙ","БАСТІОННА",xxx,null,null,Зареєстровано,"1064595580000",null,null,"ЗАДОВІЛЬНИЙ",null,2025-02-28
370-15043,null,"буфет, вільне","10.6000.01-Приміщення в житлових будинках та спорудах","ПРИМІЩЕННЯ В Ж/Б","БУФЕТ",Київська міська рада,22883141,"КОМУНАЛЬНЕ ПІДПРИЄМСТВО ""КЕРУЮЧА КОМПАНІЯ З ОБСЛУГОВУВАННЯ ЖИТЛОВОГО ФОНДУ ШЕВЧЕНКІВСЬКОГО РАЙОНУ М.КИЄВА""","34966254",null,null,"10.6000.01","Приміщення в житлових будинках та спорудах",кв. м.,"1393.84",UA80000000000093317,null,Україна,м. Київ,null,null,null,"ШЕВЧЕНКІВСЬКИЙ","ГОНЧАРА ОЛЕСЯ",xxx,null,null,Невідомо,null,null,null,"ЗАДОВІЛЬНИЙ",null,2025-01-31
387-14909,null,"вільне",null,"ПРИМІЩЕННЯ В Ж/Б",null,Київська міська рада,22883141,"КОМУНАЛЬНЕ ПІДПРИЄМСТВО ""КЕРУЮЧА КОМПАНІЯ З ОБСЛУГОВУВАННЯ ЖИТЛОВОГО ФОНДУ ШЕВЧЕНКІВСЬКОГО РАЙОНУ М.КИЄВА""","34966254",null,null,null,null,кв. м.,"891.9",UA80000000000093317,null,Україна,м. Київ,null,null,null,"ШЕВЧЕНКІВСЬКИЙ","ДМИТРІВСЬКА",xxx,null,null,Невідомо,null,null,null,"РЕКОНСТРУКЦІЯ",null,2025-02-03
391-2086,null,"РИНОК","10.12-Будівлі (приміщення) нежитлові","ОКРЕМО СТОЯЧИЙ","РИНОК",Київська міська рада,22883141,"КОМУНАЛЬНЕ ПІДПРИЄМСТВО ВОЛОДИМИРСЬКИЙ РИНОК","01565129",null,null,"10.12","Будівлі (приміщення) нежитлові",кв. м.,"6881.9",UA80000000000093317,"03150",Україна,м. Київ,null,null,null,"ГОЛОСІЇВСЬКИЙ","АНТОНОВИЧА (ГОРЬКОГО)",xxx,null,null,Зареєстровано,"1046726680000",null,null,"ЗАДОВІЛЬНИЙ",null,2025-01-09
397-2086,null,"РИНОК","10.12-Будівлі (приміщення) нежитлові","ОКРЕМО СТОЯЧИЙ","РИНОК",Київська міська рада,22883141,"КОМУНАЛЬНЕ ПІДПРИЄМСТВО ВОЛОДИМИРСЬКИЙ РИНОК","01565129",null,null,"10.12","Будівлі (приміщення) нежитлові",кв. м.,"6881.9",UA80000000000093317,"03150",Україна,м. Київ,null,null,null,"ГОЛОСІЇВСЬКИЙ","АНТОНОВИЧА (ГОРЬКОГО)",xxx,null,null,Зареєстровано,"1046726680000",null,null,"ЗАДОВІЛЬНИЙ",null,2025-01-09
400-2086,null,"РИНОК","10.12-Будівлі (приміщення) нежитлові","ОКРЕМО СТОЯЧИЙ","РИНОК",Київська міська рада,22883141,"КОМУНАЛЬНЕ ПІДПРИЄМСТВО ВОЛОДИМИРСЬКИЙ РИНОК","01565129",null,null,"10.12","Будівлі (приміщення) нежитлові",кв. м.,"6881.9",UA80000000000093317,"03150",Україна,м. Київ,null,null,null,"ГОЛОСІЇВСЬКИЙ","АНТОНОВИЧА (ГОРЬКОГО)",xxx,null,null,Зареєстровано,"1046726680000",null,null,"ЗАДОВІЛЬНИЙ",null,2025-01-09
401-2086,null,"РИНОК","10.12-Будівлі (приміщення) нежитлові","ОКРЕМО СТОЯЧИЙ","РИНОК",Київська міська рада,22883141,"КОМУНАЛЬНЕ ПІДПРИЄМСТВО ВОЛОДИМИРСЬКИЙ РИНОК","01565129",null,null,"10.12","Будівлі (приміщення) нежитлові",кв. м.,"6881.9",UA80000000000093317,"03150",Україна,м. Київ,null,null,null,"ГОЛОСІЇВСЬКИЙ","АНТОНОВИЧА (ГОРЬКОГО)",xxx,null,null,Зареєстровано,"1046726680000",null,null,"ЗАДОВІЛЬНИЙ",null,2025-01-09
402-2086,null,"РИНОК","10.12-Будівлі (приміщення) нежитлові","ОКРЕМО СТОЯЧИЙ","РИНОК",Київська міська рада,22883141,"КОМУНАЛЬНЕ ПІДПРИЄМСТВО ВОЛОДИМИРСЬКИЙ РИНОК","01565129",null,null,"10.12","Будівлі (приміщення) нежитлові",кв. м.,"6881.9",UA80000000000093317,"03150",Україна,м. Київ,null,null,null,"ГОЛОСІЇВСЬКИЙ","АНТОНОВИЧА (ГОРЬКОГО)",xxx,null,null,Зареєстровано,"1046726680000",null,null,"ЗАДОВІЛЬНИЙ",null,2025-01-09
407-13552,null,"власні потреби (адмінприміщення), вільні, об’єкт цивільної оборони (найпростіше укриття) -54,5 кв.м","10.12-Будівлі (приміщення) нежитлові","ПРИМІЩЕННЯ В Ж/Б","ІНШЕ",Київська міська рада,22883141,"КОМУНАЛЬНЕ ПІДПРИЄМСТВО ""КЕРУЮЧА КОМПАНІЯ З ОБСЛУГОВУВАННЯ ЖИТЛОВОГО ФОНДУ ШЕВЧЕНКІВСЬКОГО РАЙОНУ М.КИЄВА""","34966254",null,null,"10.12","Будівлі (приміщення) нежитлові",кв. м.,"2800.0",UA80000000000093317,null,Україна,м. Київ,null,null,null,"ШЕВЧЕНКІВСЬКИЙ","ДОВЖЕНКА",xxx,null,null,Зареєстровано,"22547780800",null,null,"ЗАДОВІЛЬНИЙ",null,2024-10-31
416-48191,null,"вільне, власні потреби","10.12-Будівлі (приміщення) нежитлові","ПРИМІЩЕННЯ В Ж/Б","ІНШЕ",Київська міська рада,22883141,"КОМУНАЛЬНЕ ПІДПРИЄМСТВО ""КЕРУЮЧА КОМПАНІЯ З ОБСЛУГОВУВАННЯ ЖИТЛОВОГО ФОНДУ ПЕЧЕРСЬКОГО РАЙОНУ М.КИЄВА""","35692211",null,null,"10.12","Будівлі (приміщення) нежитлові",кв. м.,"1880.7",UA80000000000093317,null,Україна,м. Київ,null,null,null,"ПЕЧЕРСЬКИЙ","ВЕЛИКА ВАСИЛЬКІВСЬКА (ЧЕРВОНОАРМІЙСЬКА)",xxx,null,null,Зареєстровано,"1739076780000",null,null,"ЗАДОВІЛЬНИЙ",null,2025-03-11
426-48215,null,"оренда- офіс, вільне","10.12-Будівлі (приміщення) нежитлові","ПРИМІЩЕННЯ В Ж/Б","АДМІНІСТРАТИВНЕ",Київська міська рада,22883141,"КОМУНАЛЬНЕ ПІДПРИЄМСТВО ""КЕРУЮЧА КОМПАНІЯ З ОБСЛУГОВУВАННЯ ЖИТЛОВОГО ФОНДУ ПЕЧЕРСЬКОГО РАЙОНУ М.КИЄВА""","35692211",null,null,"10.12","Будівлі (приміщення) нежитлові",кв. м.,"6337.4",UA80000000000093317,null,Україна,м. Київ,null,null,null,"ПЕЧЕРСЬКИЙ","ГОРОДЕЦЬКОГО АРХІТЕКТОРА",xxx,null,null,Зареєстровано,"1926960280000",null,null,"ЗАДОВІЛЬНИЙ",null,2025-03-21
430-48452,null,"вільне","10.12-Будівлі (приміщення) нежитлові","ПРИМІЩЕННЯ В Ж/Б","ІНШЕ",Київська міська рада,22883141,"КОМУНАЛЬНЕ ПІДПРИЄМСТВО ""КЕРУЮЧА КОМПАНІЯ З ОБСЛУГОВУВАННЯ ЖИТЛОВОГО ФОНДУ ПЕЧЕРСЬКОГО РАЙОНУ М.КИЄВА""","35692211",null,null,"10.12","Будівлі (приміщення) нежитлові",кв. м.,"1912.7",UA80000000000093317,null,Україна,м. Київ,null,null,null,"ПЕЧЕРСЬКИЙ","ЛЕВАНДОВСЬКА (АНІЩЕНКА)",xxx,null,null,Зареєстровано,"1288076480000",null,null,"ЗАДОВІЛЬНИЙ",null,2025-04-07
431-48227,null,"вільне","10.12-Будівлі (приміщення) нежитлові","ПРИМІЩЕННЯ В Ж/Б","ІНШЕ",Київська міська рада,22883141,"КОМУНАЛЬНЕ ПІДПРИЄМСТВО ""КЕРУЮЧА КОМПАНІЯ З ОБСЛУГОВУВАННЯ ЖИТЛОВОГО ФОНДУ ПЕЧЕРСЬКОГО РАЙОНУ М.КИЄВА""","35692211",null,null,"10.12","Будівлі (приміщення) нежитлові",кв. м.,"632.7",UA80000000000093317,null,Україна,м. Київ,null,null,null,"ПЕЧЕРСЬКИЙ","ЛЕВАНДОВСЬКА (АНІЩЕНКА)",xxx,null,null,Зареєстровано,"1290116180000",null,null,"ЗАДОВІЛЬНИЙ",null,2025-02-19
440-18206,null,"69,1 кв.м -об’єкт цивільної оборони (укриття)",null,"ПРИМІЩЕННЯ В Ж/Б",null,Київська міська рада,22883141,"КОМУНАЛЬНЕ ПІДПРИЄМСТВО ""КЕРУЮЧА КОМПАНІЯ З ОБСЛУГОВУВАННЯ ЖИТЛОВОГО ФОНДУ ШЕВЧЕНКІВСЬКОГО РАЙОНУ М.КИЄВА""","34966254",null,null,null,null,кв. м.,"3487.4",UA80000000000093317,null,Україна,м. Київ,null,null,null,"ШЕВЧЕНКІВСЬКИЙ","КОСТЕЛЬНА (ЧЕЛЮСКІНЦІВ)",xxx,null,null,Зареєстровано,"1106189480000",null,null,"ЗАДОВІЛЬНИЙ",null,2025-05-07
441-13572,null,"бібліотека, вільне","10.12-Будівлі (приміщення) нежитлові","ПРИМІЩЕННЯ В Ж/Б","БІБЛІОТЕКА",Київська міська рада,22883141,"КОМУНАЛЬНЕ ПІДПРИЄМСТВО ""КЕРУЮЧА КОМПАНІЯ З ОБСЛУГОВУВАННЯ ЖИТЛОВОГО ФОНДУ ШЕВЧЕНКІВСЬКОГО РАЙОНУ М.КИЄВА""","34966254",null,null,"10.12","Будівлі (приміщення) нежитлові",кв. м.,"3628.2",UA80000000000093317,null,Україна,м. Київ,null,null,null,"ШЕВЧЕНКІВСЬКИЙ","ТАБІРНА (ЛАГЕРНА)",xxx,null,null,Зареєстровано,"2494263080000, 2574436180000",null,null,"ЗАДОВІЛЬНИЙ",null,2024-11-12
443-47608,null,"вільне","10.12-Будівлі (приміщення) нежитлові","ПРИМІЩЕННЯ В Ж/Б","ІНШЕ",Київська міська рада,22883141,"КОМУНАЛЬНЕ ПІДПРИЄМСТВО ""КЕРУЮЧА КОМПАНІЯ З ОБСЛУГОВУВАННЯ ЖИТЛОВОГО ФОНДУ ПЕЧЕРСЬКОГО РАЙОНУ М.КИЄВА""","35692211",null,null,"10.12","Будівлі (приміщення) нежитлові",кв. м.,"3847.86",UA80000000000093317,"01011",Україна,м. Київ,null,null,null,"ПЕЧЕРСЬКИЙ","ГУСОВСЬКОГО",xxx,null,null,Зареєстровано,"1291512880000",null,null,"ЗАДОВІЛЬНИЙ",null,2025-02-19
445-48345,null,"вільне","10.12-Будівлі (приміщення) нежитлові","ПРИМІЩЕННЯ В Ж/Б","ІНШЕ",Київська міська рада,22883141,"КОМУНАЛЬНЕ ПІДПРИЄМСТВО ""КЕРУЮЧА КОМПАНІЯ З ОБСЛУГОВУВАННЯ ЖИТЛОВОГО ФОНДУ ПЕЧЕРСЬКОГО РАЙОНУ М.КИЄВА""","35692211",null,null,"10.12","Будівлі (приміщення) нежитлові",кв. м.,"1471.52",UA80000000000093317,null,Україна,м. Київ,null,null,null,"ПЕЧЕРСЬКИЙ","ГУСОВСЬКОГО",xxx,null,null,Невідомо,null,null,null,"ЗАДОВІЛЬНИЙ",null,2025-02-19
446-48406,null,"вільне","10.12-Будівлі (приміщення) нежитлові","ПРИМІЩЕННЯ В Ж/Б","ІНШЕ",Київська міська рада,22883141,"КОМУНАЛЬНЕ ПІДПРИЄМСТВО ""КЕРУЮЧА КОМПАНІЯ З ОБСЛУГОВУВАННЯ ЖИТЛОВОГО ФОНДУ ПЕЧЕРСЬКОГО РАЙОНУ М.КИЄВА""","35692211",null,null,"10.12","Будівлі (приміщення) нежитлові",кв. м.,"1677.7",UA80000000000093317,null,Україна,м. Київ,null,null,null,"ПЕЧЕРСЬКИЙ","ГУСОВСЬКОГО",xxx,null,null,Зареєстровано,"1926372180000",null,null,"ЗАДОВІЛЬНИЙ",null,2025-02-25
467-48165,null,"оренда- відділення поштового зв язку, вільні, власні потреби (тех. дільниця)","10.12-Будівлі (приміщення) нежитлові","ПРИМІЩЕННЯ В Ж/Б","ІНШЕ",Київська міська рада,22883141,"КОМУНАЛЬНЕ ПІДПРИЄМСТВО ""КЕРУЮЧА КОМПАНІЯ З ОБСЛУГОВУВАННЯ ЖИТЛОВОГО ФОНДУ ПЕЧЕРСЬКОГО РАЙОНУ М.КИЄВА""","35692211",null,null,"10.12","Будівлі (приміщення) нежитлові",кв. м.,"3776.26",UA80000000000093317,null,Україна,м. Київ,null,null,null,"ПЕЧЕРСЬКИЙ","ПРОВ. ЄВГЕНА ГУЦАЛА (КУТУЗОВА ПРОВ.)",xxx,null,null,Зареєстровано,"1144724080000",null,null,"ЗАДОВІЛЬНИЙ",null,2025-02-28
471-12209,null,"1 поверх -12,5 кв.м; підвал -242,6 кв.м -(об’єкт цивільної оборони (найпростіше укриття)","10.12-Будівлі (приміщення) нежитлові","ПРИМІЩЕННЯ В Ж/Б",null,Київська міська рада,22883141,"КОМУНАЛЬНЕ ПІДПРИЄМСТВО ""КЕРУЮЧА КОМПАНІЯ З ОБСЛУГОВУВАННЯ ЖИТЛОВОГО ФОНДУ ШЕВЧЕНКІВСЬКОГО РАЙОНУ М.КИЄВА""","34966254",null,null,"10.12","Будівлі (приміщення) нежитлові",кв. м.,"3660.36",UA80000000000093317,null,Україна,м. Київ,null,null,null,"ШЕВЧЕНКІВСЬКИЙ","ТЕЛІГИ ОЛЕНИ (КОРОТЧЕНКА)",xxx,null,null,Зареєстровано,"149738498000",null,null,"ЗАДОВІЛЬНИЙ",null,2024-10-28
481-48063,null,"оренда ТОВ, вільне, НАЙПРОСТІШЕ УКРИТТЯ (168,1 кв.м)","10.12-Будівлі (приміщення) нежитлові","ПРИМІЩЕННЯ В Ж/Б","ІНШЕ",Київська міська рада,22883141,"КОМУНАЛЬНЕ ПІДПРИЄМСТВО ""КЕРУЮЧА КОМПАНІЯ З ОБСЛУГОВУВАННЯ ЖИТЛОВОГО ФОНДУ ПЕЧЕРСЬКОГО РАЙОНУ М.КИЄВА""","35692211",null,null,"10.12","Будівлі (приміщення) нежитлові",кв. м.,"5715.16",UA80000000000093317,null,Україна,м. Київ,null,null,null,"ПЕЧЕРСЬКИЙ","ЛЕЙПЦИЗЬКА",xxx,null,null,Зареєстровано,"1573320080000",null,null,"ЗАДОВІЛЬНИЙ",null,2025-02-28
484-38082,null,"об’єкт цивільної оборони (укриття)",null,"ПРИМІЩЕННЯ В Ж/Б",null,Київська міська рада,22883141,"КОМУНАЛЬНЕ ПІДПРИЄМСТВО ""КЕРУЮЧА КОМПАНІЯ З ОБСЛУГОВУВАННЯ ЖИТЛОВОГО ФОНДУ ШЕВЧЕНКІВСЬКОГО РАЙОНУ М.КИЄВА""","34966254",null,null,null,null,кв. м.,"9564.0",UA80000000000093317,null,Україна,м. Київ,null,null,null,"ШЕВЧЕНКІВСЬКИЙ","ҐАРЕТА ДЖОНСА (СІМ'Ї ХОХЛОВИХ)",xxx,null,null,Невідомо,null,null,null,"ЗАДОВІЛЬНИЙ",null,2024-11-07
485-14766,null,"вільні","10.6000.02.008-Вільні нежитлові приміщення","ПРИМІЩЕННЯ В Ж/Б",null,Київська міська рада,22883141,"КОМУНАЛЬНЕ ПІДПРИЄМСТВО ""КЕРУЮЧА КОМПАНІЯ З ОБСЛУГОВУВАННЯ ЖИТЛОВОГО ФОНДУ ШЕВЧЕНКІВСЬКОГО РАЙОНУ М.КИЄВА""","34966254",null,null,"10.6000.02.008","Вільні нежитлові приміщення",кв. м.,"4240.53",UA80000000000093317,null,Україна,м. Київ,null,null,null,"ШЕВЧЕНКІВСЬКИЙ","ХМЕЛЬНИЦЬКОГО БОГДАНА",xxx,null,null,Зареєстровано,"1345255980000",null,null,"ЗАДОВІЛЬНИЙ",null,2025-01-09
486-47616,null,"вільне","10.12-Будівлі (приміщення) нежитлові","ПРИМІЩЕННЯ В Ж/Б","ІНШЕ",Київська міська рада,22883141,"КОМУНАЛЬНЕ ПІДПРИЄМСТВО ""КЕРУЮЧА КОМПАНІЯ З ОБСЛУГОВУВАННЯ ЖИТЛОВОГО ФОНДУ ПЕЧЕРСЬКОГО РАЙОНУ М.КИЄВА""","35692211",null,null,"10.12","Будівлі (приміщення) нежитлові",кв. м.,"1133.1",UA80000000000093317,null,Україна,м. Київ,null,null,null,"ПЕЧЕРСЬКИЙ","КНЯЗІВ ОСТРОЗЬКИХ (МОСКОВСЬКА)",xxx,null,null,Зареєстровано,"2241702280000",null,null,"ЗАДОВІЛЬНИЙ",null,2025-02-19
490-47472,null,"оренда - ТОВ, вільні","10.12-Будівлі (приміщення) нежитлові","ПРИМІЩЕННЯ В Ж/Б","ІНШЕ",Київська міська рада,22883141,"КОМУНАЛЬНЕ ПІДПРИЄМСТВО ""КЕРУЮЧА КОМПАНІЯ З ОБСЛУГОВУВАННЯ ЖИТЛОВОГО ФОНДУ ПЕЧЕРСЬКОГО РАЙОНУ М.КИЄВА""","35692211",null,null,"10.12","Будівлі (приміщення) нежитлові",кв. м.,"1421.6",UA80000000000093317,null,Україна,м. Київ,null,null,null,"ПЕЧЕРСЬКИЙ","МАЛА ШИЯНОВСЬКА (НЕМИРОВИЧА-ДАНЧЕНКА)",xxx,null,null,Зареєстровано,"1570896180000",null,null,"ЗАДОВІЛЬНИЙ",null,2025-02-25
492-48427,null,"вільне, оренда - бюджетна установа","10.12-Будівлі (приміщення) нежитлові","ПРИМІЩЕННЯ В Ж/Б","ІНШЕ",Київська міська рада,22883141,"КОМУНАЛЬНЕ ПІДПРИЄМСТВО ""КЕРУЮЧА КОМПАНІЯ З ОБСЛУГОВУВАННЯ ЖИТЛОВОГО ФОНДУ ПЕЧЕРСЬКОГО РАЙОНУ М.КИЄВА""","35692211",null,null,"10.12","Будівлі (приміщення) нежитлові",кв. м.,"3180.2",UA80000000000093317,null,Україна,м. Київ,null,null,null,"ПЕЧЕРСЬКИЙ","ОРЛИКА ПИЛИПА",xxx,null,null,Зареєстровано,"1737748680000",null,null,"ЗАДОВІЛЬНИЙ",null,2025-02-25
493-14592,null,"вільні",null,"ПРИМІЩЕННЯ В Ж/Б",null,Київська міська рада,22883141,"КОМУНАЛЬНЕ ПІДПРИЄМСТВО ""КЕРУЮЧА КОМПАНІЯ З ОБСЛУГОВУВАННЯ ЖИТЛОВОГО ФОНДУ ШЕВЧЕНКІВСЬКОГО РАЙОНУ М.КИЄВА""","34966254",null,null,null,null,кв. м.,"9683.12",UA80000000000093317,null,Україна,м. Київ,null,null,null,"ШЕВЧЕНКІВСЬКИЙ","ШУЛЯВСЬКА",xxx,null,null,Зареєстровано,"1860571380000",null,null,"ЗАДОВІЛЬНИЙ",null,2024-11-05
500-13748,null,null,null,"ПРИМІЩЕННЯ В Ж/Б",null,Київська міська рада,22883141,"КОМУНАЛЬНЕ ПІДПРИЄМСТВО ""КЕРУЮЧА КОМПАНІЯ З ОБСЛУГОВУВАННЯ ЖИТЛОВОГО ФОНДУ ШЕВЧЕНКІВСЬКОГО РАЙОНУ М.КИЄВА""","34966254",null,null,null,null,кв. м.,"1046.3",UA80000000000093317,null,Україна,м. Київ,null,null,null,"ШЕВЧЕНКІВСЬКИЙ","ЩЕРБАКІВСЬКОГО ДАНИЛА (ЩЕРБАКОВА)",xxx,null,null,Зареєстровано,"1674185680000",null,null,"ЗАДОВІЛЬНИЙ",null,2024-11-12
507-48018,null,"оренда- побутові послуги, творча майстерня, вільне, власні потреби (двірницька, слюсарна майстерня)","10.12-Будівлі (приміщення) нежитлові","ПРИМІЩЕННЯ В Ж/Б","ІНШЕ",Київська міська рада,22883141,"КОМУНАЛЬНЕ ПІДПРИЄМСТВО ""КЕРУЮЧА КОМПАНІЯ З ОБСЛУГОВУВАННЯ ЖИТЛОВОГО ФОНДУ ПЕЧЕРСЬКОГО РАЙОНУ М.КИЄВА""","35692211",null,null,"10.12","Будівлі (приміщення) нежитлові",кв. м.,"13618.2",UA80000000000093317,null,Україна,м. Київ,null,null,null,"ПЕЧЕРСЬКИЙ","ЛЕСІ УКРАЇНКИ БУЛЬВ.",xxx,null,null,Зареєстровано,"1589026680000",null,null,"ЗАДОВІЛЬНИЙ",null,2025-02-28
508-51065,null,"ВІЛЬНІ","10.12-Будівлі (приміщення) нежитлові","ПРИМІЩЕННЯ В Ж/Б","ІНШЕ",Київська міська рада,22883141,"КОМУНАЛЬНЕ ПІДПРИЄМСТВО ""КЕРУЮЧА КОМПАНІЯ З ОБСЛУГОВУВАННЯ ЖИТЛОВОГО ФОНДУ ПЕЧЕРСЬКОГО РАЙОНУ М.КИЄВА""","35692211",null,null,"10.12","Будівлі (приміщення) нежитлові",кв. м.,"837.2",UA80000000000093317,null,Україна,м. Київ,null,null,null,"ПЕЧЕРСЬКИЙ","ПРЕДСЛАВИНСЬКА",xxx,null,null,Зареєстровано,"2221260880000",null,null,"ЗАДОВІЛЬНИЙ",null,2025-02-27
513-48151,null,"вільні","10.12-Будівлі (приміщення) нежитлові","ПРИМІЩЕННЯ В Ж/Б","ІНШЕ",Київська міська рада,22883141,"КОМУНАЛЬНЕ ПІДПРИЄМСТВО ""КЕРУЮЧА КОМПАНІЯ З ОБСЛУГОВУВАННЯ ЖИТЛОВОГО ФОНДУ ПЕЧЕРСЬКОГО РАЙОНУ М.КИЄВА""","35692211",null,null,"10.12","Будівлі (приміщення) нежитлові",кв. м.,"2946.6",UA80000000000093317,null,Україна,м. Київ,null,null,null,"ПЕЧЕРСЬКИЙ","ЦИТАДЕЛЬНА",xxx,null,null,Зареєстровано,"1547147780000",null,null,"ЗАДОВІЛЬНИЙ",null,2025-02-28
516-3886,null,"вільне, власні потреби (майстерня)","10.12-Будівлі (приміщення) нежитлові","ПРИМІЩЕННЯ В Ж/Б","ВЛАСНІ ПОТРЕБИ",Київська міська рада,22883141,"КОМУНАЛЬНЕ ПІДПРИЄМСТВО ""КЕРУЮЧА КОМПАНІЯ З ОБСЛУГОВУВАННЯ ЖИТЛОВОГО ФОНДУ ШЕВЧЕНКІВСЬКОГО РАЙОНУ М.КИЄВА""","34966254",null,null,"10.12","Будівлі (приміщення) нежитлові",кв. м.,"6436.0",UA80000000000093317,null,Україна,м. Київ,null,null,null,"ШЕВЧЕНКІВСЬКИЙ","ЯРМОЛИ ВІКТОРА",xxx,null,null,Зареєстровано,"2421609680000",null,null,"ЗАДОВІЛЬНИЙ",null,2024-11-12
520-51045,null,"вільне","10.12-Будівлі (приміщення) нежитлові","ПРИМІЩЕННЯ В Ж/Б","ІНШЕ",Київська міська рада,22883141,"КОМУНАЛЬНЕ ПІДПРИЄМСТВО ""КЕРУЮЧА КОМПАНІЯ З ОБСЛУГОВУВАННЯ ЖИТЛОВОГО ФОНДУ ПЕЧЕРСЬКОГО РАЙОНУ М.КИЄВА""","35692211",null,null,"10.12","Будівлі (приміщення) нежитлові",кв. м.,"2514.0",UA80000000000093317,null,Україна,м. Київ,null,null,null,"ПЕЧЕРСЬКИЙ","БУЛЬВАР МИКОЛИ МІХНОВСЬКОГО (БУЛЬВАР ДРУЖБИ НАРОДІВ)",xxx,null,null,Зареєстровано,"1739308980000",null,null,"ЗАДОВІЛЬНИЙ",null,2025-02-26
539-51092,null,"ВІЛЬНЕ","10.12-Будівлі (приміщення) нежитлові","ПРИМІЩЕННЯ В Ж/Б","ІНШЕ",Київська міська рада,22883141,"КОМУНАЛЬНЕ ПІДПРИЄМСТВО ""КЕРУЮЧА КОМПАНІЯ З ОБСЛУГОВУВАННЯ ЖИТЛОВОГО ФОНДУ ПЕЧЕРСЬКОГО РАЙОНУ М.КИЄВА""","35692211",null,null,"10.12","Будівлі (приміщення) нежитлові",кв. м.,"2159.8",UA80000000000093317,null,Україна,м. Київ,null,null,null,"ПЕЧЕРСЬКИЙ","МАРІЇ ПРИЙМАЧЕНКО БУЛЬВ.",xxx,null,null,Зареєстровано,"1573493180000",null,null,"ЗАДОВІЛЬНИЙ",null,2025-02-25
550-48568,null,"вільне, власні потреби","10.12-Будівлі (приміщення) нежитлові","ПРИМІЩЕННЯ В Ж/Б","ІНШЕ",Київська міська рада,22883141,"КОМУНАЛЬНЕ ПІДПРИЄМСТВО ""КЕРУЮЧА КОМПАНІЯ З ОБСЛУГОВУВАННЯ ЖИТЛОВОГО ФОНДУ ПЕЧЕРСЬКОГО РАЙОНУ М.КИЄВА""","35692211",null,null,"10.12","Будівлі (приміщення) нежитлові",кв. м.,"1234.2",UA80000000000093317,null,Україна,м. Київ,null,null,null,"ПЕЧЕРСЬКИЙ","БІЛОКУР КАТЕРИНИ",xxx,null,null,Зареєстровано,"1349374280000",null,null,"ЗАДОВІЛЬНИЙ",null,2025-02-28
564-48065,null,"вільне","10.12-Будівлі (приміщення) нежитлові","ПРИМІЩЕННЯ В Ж/Б","ІНШЕ",Київська міська рада,22883141,"КОМУНАЛЬНЕ ПІДПРИЄМСТВО ""КЕРУЮЧА КОМПАНІЯ З ОБСЛУГОВУВАННЯ ЖИТЛОВОГО ФОНДУ ПЕЧЕРСЬКОГО РАЙОНУ М.КИЄВА""","35692211",null,null,"10.12","Будівлі (приміщення) нежитлові",кв. м.,"696.1",UA80000000000093317,null,Україна,м. Київ,null,null,null,"ПЕЧЕРСЬКИЙ","МИХАЙЛА БОЙЧУКА (КІКВІДЗЕ)",xxx,null,null,Зареєстровано,"2673953480000",null,null,"ЗАДОВІЛЬНИЙ",null,2025-02-28
572-48140,null,"оренда-приватний заклад охорони здоров я, вільні","10.12-Будівлі (приміщення) нежитлові","ПРИМІЩЕННЯ В Ж/Б","ЛІКУВАЛЬНЕ",Київська міська рада,22883141,"КОМУНАЛЬНЕ ПІДПРИЄМСТВО ""КЕРУЮЧА КОМПАНІЯ З ОБСЛУГОВУВАННЯ ЖИТЛОВОГО ФОНДУ ПЕЧЕРСЬКОГО РАЙОНУ М.КИЄВА""","35692211",null,null,"10.12","Будівлі (приміщення) нежитлові",кв. м.,"1159.5",UA80000000000093317,null,Україна,м. Київ,null,null,null,"ПЕЧЕРСЬКИЙ","ПІДВИСОЦЬКОГО ПРОФЕСОРА",xxx,null,null,Зареєстровано,"1699644180000",null,null,"ЗАДОВІЛЬНИЙ",null,2025-06-10
613-51300,null,"ОКРЕМО СТОЯЧА НЕЖИТЛОВА БУДІВЛЯ","10.12-Будівлі (приміщення) нежитлові","ОКРЕМО СТОЯЧИЙ","ІНШЕ",Київська міська рада,22883141,"КОМУНАЛЬНЕ ПІДПРИЄМСТВО ""КЕРУЮЧА КОМПАНІЯ З ОБСЛУГОВУВАННЯ ЖИТЛОВОГО ФОНДУ ДАРНИЦЬКОГО РАЙОНУ М.КИЄВА""","39604270",null,null,"10.12","Будівлі (приміщення) нежитлові",кв. м.,"64.0",UA80000000000093317,null,Україна,м. Київ,null,null,null,"ДАРНИЦЬКИЙ","ХАРКІВСЬКЕ ШОСЕ",xxx,null,null,Зареєстровано,"1921117980000",null,null,"ЗАДОВІЛЬНИЙ",null,2025-04-03
658-19099,null,"МЕТАЛЕВИЙ БОКС НА 3 МАШИНИ","10.1242.10.000-Гаражні бокси","СПОРУДА","ГАРАЖ",Київська міська рада,22883141,"КОМУНАЛЬНЕ ПІДПРИЄМСТВО МІЖНАРОДНИЙ АЕРОПОРТ ""КИЇВ"" (ЖУЛЯНИ)","01131514",null,null,"10.1242.10.000","Гаражні бокси",кв. м.,"123.4",UA80000000000093317,"03036",Україна,м. Київ,null,null,null,"СОЛОМ'ЯНСЬКИЙ"," ПОВІТРЯНИХ СИЛ ПРОСПЕКТ (ПОВІТРОФЛОТСЬКИЙ ПРОСПЕКТ)",xxx,null,null,Зареєстровано,"285013480000",null,null,"ПОТРЕБУЄ РЕМОНТУ",null,2025-03-30
668-21086,null,"СКЛАД ІЗОТОПІВ","10.1252.90.012-Склади цегляні","ОКРЕМО СТОЯЧИЙ","СКЛАДСЬКЕ ПРИМІЩЕННЯ",Київська міська рада,22883141,"КОМУНАЛЬНЕ ПІДПРИЄМСТВО МІЖНАРОДНИЙ АЕРОПОРТ ""КИЇВ"" (ЖУЛЯНИ)","01131514",null,null,"10.1252.90.012","Склади цегляні",кв. м.,"10.4",UA80000000000093317,"03036",Україна,м. Київ,null,null,null,"СОЛОМ'ЯНСЬКИЙ"," ПОВІТРЯНИХ СИЛ ПРОСПЕКТ (ПОВІТРОФЛОТСЬКИЙ ПРОСПЕКТ)",xxx,null,null,Зареєстровано,"277680680000",null,null,"ПОТРЕБУЄ РЕМОНТУ",null,2025-01-12
670-49836,null,"АДМІНІСТРАТИВНЕ","10.6000.01.001-Приміщення основні","ПРИМІЩЕННЯ В Ж/Б","АДМІНІСТРАТИВНЕ",Київська міська рада,22883141,"КОМУНАЛЬНЕ ПІДПРИЄМСТВО ""КЕРУЮЧА КОМПАНІЯ З ОБСЛУГОВУВАННЯ ЖИТЛОВОГО ФОНДУ ГОЛОСІЇВСЬКОГО РАЙОНУ М.КИЄВА""","32375554",null,null,"10.6000.01.001","Приміщення основні",кв. м.,"824.33",UA80000000000093317,"01004",Україна,м. Київ,null,null,null,"ГОЛОСІЇВСЬКИЙ","ВЕЛИКА ВАСИЛЬКІВСЬКА (ЧЕРВОНОАРМІЙСЬКА)",xxx,null,null,Зареєстровано,"2509804280000",null,null,"ЗАДОВІЛЬНИЙ",null,2025-04-15
672-49782,null,"СКЛАД","10.6000.01.001-Приміщення основні","ПРИМІЩЕННЯ В Ж/Б","АДМІНІСТРАТИВНО-СКЛАДСЬКЕ",Київська міська рада,22883141,"КОМУНАЛЬНЕ ПІДПРИЄМСТВО ""КЕРУЮЧА КОМПАНІЯ З ОБСЛУГОВУВАННЯ ЖИТЛОВОГО ФОНДУ ГОЛОСІЇВСЬКОГО РАЙОНУ М.КИЄВА""","32375554",null,null,"10.6000.01.001","Приміщення основні",кв. м.,"2208.9",UA80000000000093317,"03022",Україна,м. Київ,null,null,null,"ГОЛОСІЇВСЬКИЙ","ВАСИЛЬКІВСЬКА",xxx,null,null,Невідомо,null,null,null,"ЗАДОВІЛЬНИЙ",null,2025-04-15
676-49042,null,"АДМІНІСТРАТИВНЕ","10.6000.01.001-Приміщення основні","ПРИМІЩЕННЯ В Ж/Б","АДМІНІСТРАТИВНЕ",Київська міська рада,22883141,"КОМУНАЛЬНЕ ПІДПРИЄМСТВО ""КЕРУЮЧА КОМПАНІЯ З ОБСЛУГОВУВАННЯ ЖИТЛОВОГО ФОНДУ ГОЛОСІЇВСЬКОГО РАЙОНУ М.КИЄВА""","32375554",null,null,"10.6000.01.001","Приміщення основні",кв. м.,"1745.53",UA80000000000093317,"03040",Україна,м. Київ,null,null,null,"ГОЛОСІЇВСЬКИЙ","РЕЯ БРЕДБЕРІ (ДУБІНІНА ВОЛОДІ)",xxx,null,null,Невідомо,null,null,null,"ЗАДОВІЛЬНИЙ",null,2025-04-14
703-49045,null,"ТОРГІВЕЛЬНЕ, ПОБУТОВІ ПОСЛУГИ","10.6000.01.001-Приміщення основні","ПРИМІЩЕННЯ В Ж/Б","АДМІНІСТРАТИВНЕ",Київська міська рада,22883141,"КОМУНАЛЬНЕ ПІДПРИЄМСТВО ""КЕРУЮЧА КОМПАНІЯ З ОБСЛУГОВУВАННЯ ЖИТЛОВОГО ФОНДУ ГОЛОСІЇВСЬКОГО РАЙОНУ М.КИЄВА""","32375554",null,null,"10.6000.01.001","Приміщення основні",кв. м.,"1642.2",UA80000000000093317,"03194",Україна,м. Київ,null,null,null,"ГОЛОСІЇВСЬКИЙ","КОСТАНАЙСЬКА (КУСТАНАЙСЬКА)",xxx,null,null,Зареєстровано,"1952989780000",null,null,"ЗАДОВІЛЬНИЙ",null,2025-04-14
704-49790,null,"АДМІНІСТРАТИВНЕ","10.6000.01.001-Приміщення основні","ОКРЕМО СТОЯЧИЙ","АДМІНІСТРАТИВНЕ",Київська міська рада,22883141,"КОМУНАЛЬНЕ ПІДПРИЄМСТВО ""КЕРУЮЧА КОМПАНІЯ З ОБСЛУГОВУВАННЯ ЖИТЛОВОГО ФОНДУ ГОЛОСІЇВСЬКОГО РАЙОНУ М.КИЄВА""","32375554",null,null,"10.6000.01.001","Приміщення основні",кв. м.,"5940.7",UA80000000000093317,"03127",Україна,м. Київ,null,null,null,"ГОЛОСІЇВСЬКИЙ","ЮЛІЇ ЗДАНОВСЬКОЇ (ЛОМОНОСОВА)",xxx,null,null,Зареєстровано,"1203197480000",null,null,"ЗАДОВІЛЬНИЙ",null,2025-04-15
708-49084,null,"АДМІНІСТРАТИВНО-СКЛАДСЬКЕ","10.6000.01.001-Приміщення основні","ПРИМІЩЕННЯ В Ж/Б","АДМІНІСТРАТИВНО-СКЛАДСЬКЕ",Київська міська рада,22883141,"КОМУНАЛЬНЕ ПІДПРИЄМСТВО ""КЕРУЮЧА КОМПАНІЯ З ОБСЛУГОВУВАННЯ ЖИТЛОВОГО ФОНДУ ГОЛОСІЇВСЬКОГО РАЙОНУ М.КИЄВА""","32375554",null,null,"10.6000.01.001","Приміщення основні",кв. м.,"2060.0",UA80000000000093317,"01032",Україна,м. Київ,null,null,null,"ГОЛОСІЇВСЬКИЙ","САКСАГАНСЬКОГО",xxx,null,null,Зареєстровано,"2172010280000",null,null,"ЗАДОВІЛЬНИЙ",null,2025-04-14
725-49105,null,"СКЛАД","10.6000.01.001-Приміщення основні","ПРИМІЩЕННЯ В Ж/Б","АДМІНІСТРАТИВНО-СКЛАДСЬКЕ",Київська міська рада,22883141,"КОМУНАЛЬНЕ ПІДПРИЄМСТВО ""КЕРУЮЧА КОМПАНІЯ З ОБСЛУГОВУВАННЯ ЖИТЛОВОГО ФОНДУ ГОЛОСІЇВСЬКОГО РАЙОНУ М.КИЄВА""","32375554",null,null,"10.6000.01.001","Приміщення основні",кв. м.,"10699.32",UA80000000000093317,"03028",Україна,м. Київ,null,null,null,"ГОЛОСІЇВСЬКИЙ","ФЕОДОСІЙСЬКА",xxx,null,null,Зареєстровано,"2362501280000",null,null,"ЗАДОВІЛЬНИЙ",null,2025-04-14
727-49114,null,"АДМІНІСТРАТИВНЕ","10.6000.01.001-Приміщення основні","ПРИМІЩЕННЯ В Ж/Б","АДМІНІСТРАТИВНЕ",Київська міська рада,22883141,"КОМУНАЛЬНЕ ПІДПРИЄМСТВО ""КЕРУЮЧА КОМПАНІЯ З ОБСЛУГОВУВАННЯ ЖИТЛОВОГО ФОНДУ ГОЛОСІЇВСЬКОГО РАЙОНУ М.КИЄВА""","32375554",null,null,"10.6000.01.001","Приміщення основні",кв. м.,"4134.18",UA80000000000093317,null,Україна,м. Київ,null,null,null,"ГОЛОСІЇВСЬКИЙ","ВЕЛИКА ВАСИЛЬКІВСЬКА (ЧЕРВОНОАРМІЙСЬКА)",xxx,null,null,Зареєстровано,"1952709380000",null,null,"ЗАДОВІЛЬНИЙ",null,2025-04-15
767-8253,null,"ЛІКУВАЛЬНИЙ КОРПУС","10.1264-Будівлі лікарень та оздоровчих закладів","ОКРЕМО СТОЯЧИЙ","ЛІКАРНЯ",Київська міська рада,22883141,"КОМУНАЛЬНЕ НЕКОМЕРЦІЙНЕ ПІДПРИЄМСТВО КИЇВСЬКА МІСЬКА КЛІНІЧНА ЛІКАРНЯ №9 ВИКОНАВЧОГО ОРГАНУ КИЇВСЬКОЇ МІСЬКОЇ РАДИ (КИЇВСЬКОЇ МІСЬКОЇ ДЕРЖАВНОЇ АДМІНІСТРАЦІЇ)","25680295",null,null,"10.1264","Будівлі лікарень та оздоровчих закладів",кв. м.,"14868.6",UA80000000000093317,null,Україна,м. Київ,null,null,null,"ШЕВЧЕНКІВСЬКИЙ","РИЗЬКА",xxx,null,null,Зареєстровано,"1491602080000",null,null,"ЗАДОВІЛЬНИЙ",null,2025-05-26
768-35111,null,"ОВОЧЕСХОВИЩЕ","10.1264.40.004-Будівлі пунктів медичного обслуговування","ОКРЕМО СТОЯЧИЙ","ОВОЧЕСХОВИЩЕ",Київська міська рада,22883141,"КОМУНАЛЬНЕ НЕКОМЕРЦІЙНЕ ПІДПРИЄМСТВО КИЇВСЬКА МІСЬКА КЛІНІЧНА ЛІКАРНЯ №9 ВИКОНАВЧОГО ОРГАНУ КИЇВСЬКОЇ МІСЬКОЇ РАДИ (КИЇВСЬКОЇ МІСЬКОЇ ДЕРЖАВНОЇ АДМІНІСТРАЦІЇ)","25680295",null,null,"10.1264.40.004","Будівлі пунктів медичного обслуговування",кв. м.,"245.7",UA80000000000093317,null,Україна,м. Київ,null,null,null,"ШЕВЧЕНКІВСЬКИЙ","РИЗЬКА",xxx,null,null,Зареєстровано,"1491602080000",null,null,"ЗАДОВІЛЬНИЙ",null,2025-05-26
772-35109,null,"ГОСПОДАРЧИЙ БЛОК","10.1264.40.004-Будівлі пунктів медичного обслуговування","ОКРЕМО СТОЯЧИЙ","ГОСПОДАРСЬКЕ ПРИМІЩЕННЯ",Київська міська рада,22883141,"КОМУНАЛЬНЕ НЕКОМЕРЦІЙНЕ ПІДПРИЄМСТВО КИЇВСЬКА МІСЬКА КЛІНІЧНА ЛІКАРНЯ №9 ВИКОНАВЧОГО ОРГАНУ КИЇВСЬКОЇ МІСЬКОЇ РАДИ (КИЇВСЬКОЇ МІСЬКОЇ ДЕРЖАВНОЇ АДМІНІСТРАЦІЇ)","25680295",null,null,"10.1264.40.004","Будівлі пунктів медичного обслуговування",кв. м.,"184.0",UA80000000000093317,null,Україна,м. Київ,null,null,null,"ШЕВЧЕНКІВСЬКИЙ","РИЗЬКА",xxx,null,null,Зареєстровано,"1491602080000",null,null,"ЗАДОВІЛЬНИЙ",null,2025-05-26
816-47248,null,"ТЕПЛОПУНКТ","10.1264.40.003-Будівлі поліклінік","ОКРЕМО СТОЯЧИЙ","ВИРОБНИЧЕ",Київська міська рада,22883141,"КОМУНАЛЬНЕ НЕКОМЕРЦІЙНЕ ПІДПРИЄМСТВО ЦЕНТР ПЕРВИННОЇ МЕДИКО-САНІТАРНОЇ ДОПОМОГИ №1 СОЛОМ'ЯНСЬКОГО РАЙОНУ М.КИЄВА","38960408",null,null,"10.1264.40.003","Будівлі поліклінік",кв. м.,"49.8",UA80000000000093317,"03067",Україна,м. Київ,null,null,null,"СОЛОМ'ЯНСЬКИЙ","ЛЮБОМИРА ГУЗАРА (КОМАРОВА КОСМОНАВТА)",xxx,null,null,Зареєстровано,"1247971080000",null,null,"НЕЗАДОВІЛЬНИЙ",null,2025-04-10
884-28955,null,"КУЗНЯ З ПРИБУДОВОЮ","10.12-Будівлі (приміщення) нежитлові","ОКРЕМО СТОЯЧИЙ","КУЗНЯ",Київська міська рада,22883141,"КОМУНАЛЬНЕ ПІДПРИЄМСТВО ""КИЇВСЬКИЙ ІПОДРОМ""","00846346",null,null,"10.12","Будівлі (приміщення) нежитлові",кв. м.,"46.5",UA80000000000093317,"03680",Україна,м. Київ,null,null,null,"КИЄВО-СВЯТОШИНСЬКИЙ","С.БОБРИЦЯ",xxx,null,null,Невідомо,null,null,null,"ПОТРЕБУЄ РЕМОНТУ",null,2025-01-17
903-49020,null,"АДМІНІСТРАТИВНЕ","10.6000.01.001-Приміщення основні","ПРИМІЩЕННЯ В Ж/Б","АДМІНІСТРАТИВНЕ",Київська міська рада,22883141,"КОМУНАЛЬНЕ ПІДПРИЄМСТВО ""КЕРУЮЧА КОМПАНІЯ З ОБСЛУГОВУВАННЯ ЖИТЛОВОГО ФОНДУ ГОЛОСІЇВСЬКОГО РАЙОНУ М.КИЄВА""","32375554",null,null,"10.6000.01.001","Приміщення основні",кв. м.,"6059.0",UA80000000000093317,"03187",Україна,м. Київ,null,null,null,"ГОЛОСІЇВСЬКИЙ","АКАДЕМІКА ЗАБОЛОТНОГО",xxx,null,null,Зареєстровано,"2460394280000",null,null,"ЗАДОВІЛЬНИЙ",null,2025-04-14
966-20126,null,"НЕЖИТЛОВА ПЛОЩА (ОРЕНДА, ВЛАСНІ ПОТРЕБИ, ВІЛЬНІ)","10.12-Будівлі (приміщення) нежитлові","ПРИМІЩЕННЯ В Ж/Б","АДМІНІСТРАТИВНЕ",Київська міська рада,22883141,"КОМУНАЛЬНЕ ПІДПРИЄМСТВО КЕРУЮЧА КОМПАНІЯ З ОБСЛУГОВУВАННЯ ЖИТЛОВОГО ФОНДУ СОЛОМ'ЯНСЬКОГО РАЙОНУ М. КИЄВА","35756919",null,null,"10.12","Будівлі (приміщення) нежитлові",кв. м.,"64.4",UA80000000000093317,null,Україна,м. Київ,null,null,null,"СОЛОМ'ЯНСЬКИЙ","УМАНСЬКА",xxx,null,null,Зареєстровано,"2520382080000",null,null,"ЗАДОВІЛЬНИЙ",null,2025-01-07
1019-52810,null,"нежитлові приміщення в житловому будинку","10.6000.01-Приміщення в житлових будинках та спорудах","ПРИМІЩЕННЯ В Ж/Б","ІНШЕ",Київська міська рада,22883141,"КОМУНАЛЬНЕ ПІДПРИЄМСТВО ""КЕРУЮЧА КОМПАНІЯ З ОБСЛУГОВУВАННЯ ЖИТЛОВОГО ФОНДУ ДНІПРОВСЬКОГО РАЙОНУ М.КИЄВА""","39606435",null,null,"10.6000.01","Приміщення в житлових будинках та спорудах",кв. м.,"2289.1",UA80000000000093317,"02090",Україна,м. Київ,null,null,null,"ДНІПРОВСЬКИЙ","ПЛАСТОВА (СЕРГІЄНКА ІВАНА)",xxx,null,null,Невідомо,null,null,null,"ЗАДОВІЛЬНИЙ",null,2025-03-24
1021-52812,null,"нежитлові приміщення в житловому будинку","10.6000.01-Приміщення в житлових будинках та спорудах","ОКРЕМО СТОЯЧИЙ","ЖИЛИЙ БУДИНОК",Київська міська рада,22883141,"КОМУНАЛЬНЕ ПІДПРИЄМСТВО ""КЕРУЮЧА КОМПАНІЯ З ОБСЛУГОВУВАННЯ ЖИТЛОВОГО ФОНДУ ДНІПРОВСЬКОГО РАЙОНУ М.КИЄВА""","39606435",null,null,"10.6000.01","Приміщення в житлових будинках та спорудах",кв. м.,"3704.26",UA80000000000093317,"02094",Україна,м. Київ,null,null,null,"ДНІПРОВСЬКИЙ","ПЛАСТОВА (СЕРГІЄНКА ІВАНА)",xxx,null,null,Невідомо,null,null,null,"ЗАДОВІЛЬНИЙ",null,2025-03-24
1031-53242,null,"нежитлові приміщення в житловому будинку","10.6000.01-Приміщення в житлових будинках та спорудах","ОКРЕМО СТОЯЧИЙ","ЖИЛИЙ БУДИНОК",Київська міська рада,22883141,"КОМУНАЛЬНЕ ПІДПРИЄМСТВО ""КЕРУЮЧА КОМПАНІЯ З ОБСЛУГОВУВАННЯ ЖИТЛОВОГО ФОНДУ ДНІПРОВСЬКОГО РАЙОНУ М.КИЄВА""","39606435",null,null,"10.6000.01","Приміщення в житлових будинках та спорудах",кв. м.,"3136.94",UA80000000000093317,"02125",Україна,м. Київ,null,null,null,"ДНІПРОВСЬКИЙ","ВОСКРЕСЕНСЬКИЙ ПРОСПЕКТ (ПЕРОВА)",xxx,null,null,Зареєстровано,"2466330380000",null,null,"ЗАДОВІЛЬНИЙ",null,2025-03-25
1035-53231,null,"нежитлові приміщення в житловому будинку","10.6000.01-Приміщення в житлових будинках та спорудах","ОКРЕМО СТОЯЧИЙ","ЖИЛИЙ БУДИНОК",Київська міська рада,22883141,"КОМУНАЛЬНЕ ПІДПРИЄМСТВО ""КЕРУЮЧА КОМПАНІЯ З ОБСЛУГОВУВАННЯ ЖИТЛОВОГО ФОНДУ ДНІПРОВСЬКОГО РАЙОНУ М.КИЄВА""","39606435",null,null,"10.6000.01","Приміщення в житлових будинках та спорудах",кв. м.,"3458.97",UA80000000000093317,"02125",Україна,м. Київ,null,null,null,"ДНІПРОВСЬКИЙ","ВОСКРЕСЕНСЬКИЙ ПРОСПЕКТ (ПЕРОВА)",xxx,null,null,Невідомо,null,null,null,"ЗАДОВІЛЬНИЙ",null,2025-03-25
1041-53968,null,"нежитлові приміщення в житловому будинку","10.6000.01-Приміщення в житлових будинках та спорудах","ОКРЕМО СТОЯЧИЙ","ЖИЛИЙ БУДИНОК",Київська міська рада,22883141,"КОМУНАЛЬНЕ ПІДПРИЄМСТВО ""КЕРУЮЧА КОМПАНІЯ З ОБСЛУГОВУВАННЯ ЖИТЛОВОГО ФОНДУ ДНІПРОВСЬКОГО РАЙОНУ М.КИЄВА""","39606435",null,null,"10.6000.01","Приміщення в житлових будинках та спорудах",кв. м.,"1763.3",UA80000000000093317,"02100",Україна,м. Київ,null,null,null,"ДНІПРОВСЬКИЙ","БУДІВЕЛЬНИКІВ",xxx,null,null,Зареєстровано,"1385788480000",null,null,"ЗАДОВІЛЬНИЙ",null,2025-03-26
1042-53954,null,"нежитлові приміщення в житловому будинку","10.6000.01-Приміщення в житлових будинках та спорудах","ОКРЕМО СТОЯЧИЙ","ЖИЛИЙ БУДИНОК",Київська міська рада,22883141,"КОМУНАЛЬНЕ ПІДПРИЄМСТВО ""КЕРУЮЧА КОМПАНІЯ З ОБСЛУГОВУВАННЯ ЖИТЛОВОГО ФОНДУ ДНІПРОВСЬКОГО РАЙОНУ М.КИЄВА""","39606435",null,null,"10.6000.01","Приміщення в житлових будинках та спорудах",кв. м.,"6108.8",UA80000000000093317,"02100",Україна,м. Київ,null,null,null,"ДНІПРОВСЬКИЙ","БУДІВЕЛЬНИКІВ",xxx,null,null,Зареєстровано,"1856753080000",null,null,"ЗАДОВІЛЬНИЙ",null,2025-03-26
1046-53980,null,"нежитлові приміщення в житловому будинку","10.6000.01-Приміщення в житлових будинках та спорудах","ПРИМІЩЕННЯ В Ж/Б","ІНШЕ",Київська міська рада,22883141,"КОМУНАЛЬНЕ ПІДПРИЄМСТВО ""КЕРУЮЧА КОМПАНІЯ З ОБСЛУГОВУВАННЯ ЖИТЛОВОГО ФОНДУ ДНІПРОВСЬКОГО РАЙОНУ М.КИЄВА""","39606435",null,null,"10.6000.01","Приміщення в житлових будинках та спорудах",кв. м.,"3540.59",UA80000000000093317,"02100",Україна,м. Київ,null,null,null,"ДНІПРОВСЬКИЙ","БУДІВЕЛЬНИКІВ",xxx,null,null,Зареєстровано,"1470048280000",null,null,"ЗАДОВІЛЬНИЙ",null,2025-03-27
1048-53982,null,"нежитлові приміщення в житловому будинку","10.6000.01-Приміщення в житлових будинках та спорудах","ПРИМІЩЕННЯ В Ж/Б","ІНШЕ",Київська міська рада,22883141,"КОМУНАЛЬНЕ ПІДПРИЄМСТВО ""КЕРУЮЧА КОМПАНІЯ З ОБСЛУГОВУВАННЯ ЖИТЛОВОГО ФОНДУ ДНІПРОВСЬКОГО РАЙОНУ М.КИЄВА""","39606435",null,null,"10.6000.01","Приміщення в житлових будинках та спорудах",кв. м.,"5165.89",UA80000000000093317,"02100",Україна,м. Київ,null,null,null,"ДНІПРОВСЬКИЙ","БУДІВЕЛЬНИКІВ",xxx,null,null,Зареєстровано,"1545314680000",null,null,"ЗАДОВІЛЬНИЙ",null,2025-04-01
1050-53972,null,"нежитлові приміщення в житловому будинку","10.6000.01-Приміщення в житлових будинках та спорудах","ОКРЕМО СТОЯЧИЙ","ЖИЛИЙ БУДИНОК",Київська міська рада,22883141,"КОМУНАЛЬНЕ ПІДПРИЄМСТВО ""КЕРУЮЧА КОМПАНІЯ З ОБСЛУГОВУВАННЯ ЖИТЛОВОГО ФОНДУ ДНІПРОВСЬКОГО РАЙОНУ М.КИЄВА""","39606435",null,null,"10.6000.01","Приміщення в житлових будинках та спорудах",кв. м.,"1923.13",UA80000000000093317,"02100",Україна,м. Київ,null,null,null,"ДНІПРОВСЬКИЙ","БУДІВЕЛЬНИКІВ",xxx,null,null,Зареєстровано,"2397955780000",null,null,"ЗАДОВІЛЬНИЙ",null,2025-03-26
1051-53973,null,"нежитлові приміщення в житловому будинку","10.6000.01-Приміщення в житлових будинках та спорудах","ОКРЕМО СТОЯЧИЙ","ЖИЛИЙ БУДИНОК",Київська міська рада,22883141,"КОМУНАЛЬНЕ ПІДПРИЄМСТВО ""КЕРУЮЧА КОМПАНІЯ З ОБСЛУГОВУВАННЯ ЖИТЛОВОГО ФОНДУ ДНІПРОВСЬКОГО РАЙОНУ М.КИЄВА""","39606435",null,null,"10.6000.01","Приміщення в житлових будинках та спорудах",кв. м.,"1669.37",UA80000000000093317,"02100",Україна,м. Київ,null,null,null,"ДНІПРОВСЬКИЙ","БУДІВЕЛЬНИКІВ",xxx,null,null,Зареєстровано,"2405118280000",null,null,"ЗАДОВІЛЬНИЙ",null,2025-03-26
1052-52830,null,"нежитлові приміщення в житловому будинку","10.6000.01-Приміщення в житлових будинках та спорудах","ОКРЕМО СТОЯЧИЙ","ЖИЛИЙ БУДИНОК",Київська міська рада,22883141,"КОМУНАЛЬНЕ ПІДПРИЄМСТВО ""КЕРУЮЧА КОМПАНІЯ З ОБСЛУГОВУВАННЯ ЖИТЛОВОГО ФОНДУ ДНІПРОВСЬКОГО РАЙОНУ М.КИЄВА""","39606435",null,null,"10.6000.01","Приміщення в житлових будинках та спорудах",кв. м.,"4868.99",UA80000000000093317,"02100",Україна,м. Київ,null,null,null,"ДНІПРОВСЬКИЙ","ВЕРХОВНОЇ РАДИ БУЛЬВ.",xxx,null,null,Невідомо,null,null,null,"ЗАДОВІЛЬНИЙ",null,2025-03-24
1053-53983,null,"нежитлові приміщення в житловому будинку","10.6000.01-Приміщення в житлових будинках та спорудах","ОКРЕМО СТОЯЧИЙ","ЖИЛИЙ БУДИНОК",Київська міська рада,22883141,"КОМУНАЛЬНЕ ПІДПРИЄМСТВО ""КЕРУЮЧА КОМПАНІЯ З ОБСЛУГОВУВАННЯ ЖИТЛОВОГО ФОНДУ ДНІПРОВСЬКОГО РАЙОНУ М.КИЄВА""","39606435",null,null,"10.6000.01","Приміщення в житлових будинках та спорудах",кв. м.,"5082.52",UA80000000000093317,"02100",Україна,м. Київ,null,null,null,"ДНІПРОВСЬКИЙ","БУДІВЕЛЬНИКІВ",xxx,null,null,Зареєстровано,"2359892880000",null,null,"ЗАДОВІЛЬНИЙ",null,2025-03-25
1062-52841,null,"нежитлові приміщення в житловому будинку","10.6000.01-Приміщення в житлових будинках та спорудах","ОКРЕМО СТОЯЧИЙ","ЖИЛИЙ БУДИНОК",Київська міська рада,22883141,"КОМУНАЛЬНЕ ПІДПРИЄМСТВО ""КЕРУЮЧА КОМПАНІЯ З ОБСЛУГОВУВАННЯ ЖИТЛОВОГО ФОНДУ ДНІПРОВСЬКОГО РАЙОНУ М.КИЄВА""","39606435",null,null,"10.6000.01","Приміщення в житлових будинках та спорудах",кв. м.,"3461.4",UA80000000000093317,"02100",Україна,м. Київ,null,null,null,"ДНІПРОВСЬКИЙ","ВЕРХОВНОЇ РАДИ БУЛЬВ.",xxx,null,null,Зареєстровано,"1494606480000",null,null,"ЗАДОВІЛЬНИЙ",null,2025-03-24
1069-53967,null,"нежитлові приміщення в житловому будинку","10.6000.01-Приміщення в житлових будинках та спорудах","ОКРЕМО СТОЯЧИЙ","ЖИЛИЙ БУДИНОК",Київська міська рада,22883141,"КОМУНАЛЬНЕ ПІДПРИЄМСТВО ""КЕРУЮЧА КОМПАНІЯ З ОБСЛУГОВУВАННЯ ЖИТЛОВОГО ФОНДУ ДНІПРОВСЬКОГО РАЙОНУ М.КИЄВА""","39606435",null,null,"10.6000.01","Приміщення в житлових будинках та спорудах",кв. м.,"2394.71",UA80000000000093317,"02100",Україна,м. Київ,null,null,null,"ДНІПРОВСЬКИЙ","БУДІВЕЛЬНИКІВ",xxx,null,null,Зареєстровано,"2185341480000",null,null,"ЗАДОВІЛЬНИЙ",null,2025-03-25
1070-54012,null,"склад","10.6000.01-Приміщення в житлових будинках та спорудах","ПРИМІЩЕННЯ В Ж/Б","ІНШЕ",Київська міська рада,22883141,"КОМУНАЛЬНЕ ПІДПРИЄМСТВО ""КЕРУЮЧА КОМПАНІЯ З ОБСЛУГОВУВАННЯ ЖИТЛОВОГО ФОНДУ ДНІПРОВСЬКОГО РАЙОНУ М.КИЄВА""","39606435",null,null,"10.6000.01","Приміщення в житлових будинках та спорудах",кв. м.,"9507.15",UA80000000000093317,"02105",Україна,м. Київ,null,null,null,"ДНІПРОВСЬКИЙ","ЛЕОНІДА КАДЕНЮКА ПРОСПЕКТ (ГАГАРІНА ЮРІЯ )",xxx,null,null,Зареєстровано,"1872859980000",null,null,"ЗАДОВІЛЬНИЙ",null,2025-03-24
1078-52870,null,"нежитлові приміщення в житловому будинку","10.6000.01-Приміщення в житлових будинках та спорудах","ОКРЕМО СТОЯЧИЙ","ЖИЛИЙ БУДИНОК",Київська міська рада,22883141,"КОМУНАЛЬНЕ ПІДПРИЄМСТВО ""КЕРУЮЧА КОМПАНІЯ З ОБСЛУГОВУВАННЯ ЖИТЛОВОГО ФОНДУ ДНІПРОВСЬКОГО РАЙОНУ М.КИЄВА""","39606435",null,null,"10.6000.01","Приміщення в житлових будинках та спорудах",кв. м.,"4389.85",UA80000000000093317,"02094",Україна,м. Київ,null,null,null,"ДНІПРОВСЬКИЙ","ДМИТРА БАГАЛІЯ (ПОЖАРСЬКОГО)",xxx,null,null,Зареєстровано,"1543447480000",null,null,"ЗАДОВІЛЬНИЙ",null,2025-03-20
1080-52878,null,"нежитлові приміщення в житловому будинку","10.6000.01-Приміщення в житлових будинках та спорудах","ОКРЕМО СТОЯЧИЙ","ЖИЛИЙ БУДИНОК",Київська міська рада,22883141,"КОМУНАЛЬНЕ ПІДПРИЄМСТВО ""КЕРУЮЧА КОМПАНІЯ З ОБСЛУГОВУВАННЯ ЖИТЛОВОГО ФОНДУ ДНІПРОВСЬКОГО РАЙОНУ М.КИЄВА""","39606435",null,null,"10.6000.01","Приміщення в житлових будинках та спорудах",кв. м.,"3603.8",UA80000000000093317,"02100",Україна,м. Київ,null,null,null,"ДНІПРОВСЬКИЙ","ГЕТЬМАНА ПАВЛА ПОЛУБОТКА (ПОПУДРЕНКА)",xxx,null,null,Зареєстровано,"2398890180000",null,null,"ЗАДОВІЛЬНИЙ",null,2025-03-20
1109-53952,null,"нежитлові приміщення в житловому будинку","10.6000.01-Приміщення в житлових будинках та спорудах","ОКРЕМО СТОЯЧИЙ","ЖИЛИЙ БУДИНОК",Київська міська рада,22883141,"КОМУНАЛЬНЕ ПІДПРИЄМСТВО ""КЕРУЮЧА КОМПАНІЯ З ОБСЛУГОВУВАННЯ ЖИТЛОВОГО ФОНДУ ДНІПРОВСЬКОГО РАЙОНУ М.КИЄВА""","39606435",null,null,"10.6000.01","Приміщення в житлових будинках та спорудах",кв. м.,"9394.4",UA80000000000093317,null,Україна,м. Київ,null,null,null,"ДНІПРОВСЬКИЙ","ХАРКІВСЬКЕ ШОСЕ",xxx,null,null,Невідомо,null,null,null,"ЗАДОВІЛЬНИЙ",null,2025-03-27
1129-53067,null,"нежитлові приміщення в житловому будинку","10.6000.01-Приміщення в житлових будинках та спорудах","ОКРЕМО СТОЯЧИЙ","ІНШЕ",Київська міська рада,22883141,"КОМУНАЛЬНЕ ПІДПРИЄМСТВО ""КЕРУЮЧА КОМПАНІЯ З ОБСЛУГОВУВАННЯ ЖИТЛОВОГО ФОНДУ ДНІПРОВСЬКОГО РАЙОНУ М.КИЄВА""","39606435",null,null,"10.6000.01","Приміщення в житлових будинках та спорудах",кв. м.,"16677.33",UA80000000000093317,"02090",Україна,м. Київ,null,null,null,"ДНІПРОВСЬКИЙ","БИШІВСЬКИЙ ПРОВУЛОК",xxx,null,null,Невідомо,null,null,null,"ЗАДОВІЛЬНИЙ",null,2025-03-31
1134-53091,null,"нежитлові приміщення в житловому будинку","10.6000.01-Приміщення в житлових будинках та спорудах","ОКРЕМО СТОЯЧИЙ","ЖИЛИЙ БУДИНОК",Київська міська рада,22883141,"КОМУНАЛЬНЕ ПІДПРИЄМСТВО ""КЕРУЮЧА КОМПАНІЯ З ОБСЛУГОВУВАННЯ ЖИТЛОВОГО ФОНДУ ДНІПРОВСЬКОГО РАЙОНУ М.КИЄВА""","39606435",null,null,"10.6000.01","Приміщення в житлових будинках та спорудах",кв. м.,"2700.6",UA80000000000093317,null,Україна,м. Київ,null,null,null,"ДНІПРОВСЬКИЙ","АЛМАТИНСЬКА (АЛМА-АТИНСЬКА)",xxx,null,null,Зареєстровано,"1221813480000",null,null,"ЗАДОВІЛЬНИЙ",null,2025-03-25
1135-53094,null,"нежитлові приміщення в житловому будинку","10.6000.01-Приміщення в житлових будинках та спорудах","ОКРЕМО СТОЯЧИЙ","ЖИЛИЙ БУДИНОК",Київська міська рада,22883141,"КОМУНАЛЬНЕ ПІДПРИЄМСТВО ""КЕРУЮЧА КОМПАНІЯ З ОБСЛУГОВУВАННЯ ЖИТЛОВОГО ФОНДУ ДНІПРОВСЬКОГО РАЙОНУ М.КИЄВА""","39606435",null,null,"10.6000.01","Приміщення в житлових будинках та спорудах",кв. м.,"2061.7",UA80000000000093317,null,Україна,м. Київ,null,null,null,"ДНІПРОВСЬКИЙ","АЛМАТИНСЬКА (АЛМА-АТИНСЬКА)",xxx,null,null,Зареєстровано,"1386075980000",null,null,"ЗАДОВІЛЬНИЙ",null,2025-03-24
1138-53096,null,"нежитлові приміщення в житловому будинку","10-НЕРУХОМЕ МАЙНО, НЕРУХОМІСТЬ (НЕРУХОМІ РЕЧІ) ","ОКРЕМО СТОЯЧИЙ","ЖИЛИЙ БУДИНОК",Київська міська рада,22883141,"КОМУНАЛЬНЕ ПІДПРИЄМСТВО ""КЕРУЮЧА КОМПАНІЯ З ОБСЛУГОВУВАННЯ ЖИТЛОВОГО ФОНДУ ДНІПРОВСЬКОГО РАЙОНУ М.КИЄВА""","39606435",null,null,"10","НЕРУХОМЕ МАЙНО, НЕРУХОМІСТЬ (НЕРУХОМІ РЕЧІ) ",кв. м.,"6751.5",UA80000000000093317,null,Україна,м. Київ,null,null,null,"ДНІПРОВСЬКИЙ","АЛМАТИНСЬКА (АЛМА-АТИНСЬКА)",xxx,null,null,Зареєстровано,"1230233480000",null,null,"ЗАДОВІЛЬНИЙ",null,2025-03-31
1139-53099,null,"нежитлові приміщення в житловому будинку","10.6000.01-Приміщення в житлових будинках та спорудах","ОКРЕМО СТОЯЧИЙ","ЖИЛИЙ БУДИНОК",Київська міська рада,22883141,"КОМУНАЛЬНЕ ПІДПРИЄМСТВО ""КЕРУЮЧА КОМПАНІЯ З ОБСЛУГОВУВАННЯ ЖИТЛОВОГО ФОНДУ ДНІПРОВСЬКОГО РАЙОНУ М.КИЄВА""","39606435",null,null,"10.6000.01","Приміщення в житлових будинках та спорудах",кв. м.,"2621.7",UA80000000000093317,"02092",Україна,м. Київ,null,null,null,"ДНІПРОВСЬКИЙ","АЛМАТИНСЬКА (АЛМА-АТИНСЬКА)",xxx,null,null,Зареєстровано,"1222214680000",null,null,"ЗАДОВІЛЬНИЙ",null,2025-03-31
1144-53123,null,"нежитлові приміщення в житловому будинку","10.6000.01-Приміщення в житлових будинках та спорудах","ОКРЕМО СТОЯЧИЙ","ЖИЛИЙ БУДИНОК",Київська міська рада,22883141,"КОМУНАЛЬНЕ ПІДПРИЄМСТВО ""КЕРУЮЧА КОМПАНІЯ З ОБСЛУГОВУВАННЯ ЖИТЛОВОГО ФОНДУ ДНІПРОВСЬКОГО РАЙОНУ М.КИЄВА""","39606435",null,null,"10.6000.01","Приміщення в житлових будинках та спорудах",кв. м.,"1675.9",UA80000000000093317,null,Україна,м. Київ,null,null,null,"ДНІПРОВСЬКИЙ","АЛМАТИНСЬКА (АЛМА-АТИНСЬКА)",xxx,null,null,Зареєстровано,"2465393080000",null,null,"ЗАДОВІЛЬНИЙ",null,2025-03-25
1145-53125,null,"нежитлові приміщення в житловому будинку","10.6000.01-Приміщення в житлових будинках та спорудах","ОКРЕМО СТОЯЧИЙ","ЖИЛИЙ БУДИНОК",Київська міська рада,22883141,"КОМУНАЛЬНЕ ПІДПРИЄМСТВО ""КЕРУЮЧА КОМПАНІЯ З ОБСЛУГОВУВАННЯ ЖИТЛОВОГО ФОНДУ ДНІПРОВСЬКОГО РАЙОНУ М.КИЄВА""","39606435",null,null,"10.6000.01","Приміщення в житлових будинках та спорудах",кв. м.,"1782.2",UA80000000000093317,null,Україна,м. Київ,null,null,null,"ДНІПРОВСЬКИЙ","АЛМАТИНСЬКА (АЛМА-АТИНСЬКА)",xxx,null,null,Зареєстровано,"1561805980000",null,null,"ЗАДОВІЛЬНИЙ",null,2025-03-25
1146-53126,null,"нежитлові приміщення вбудовані в житловий будинок","10.6000.01-Приміщення в житлових будинках та спорудах","ПРИМІЩЕННЯ В Ж/Б","ЖИЛИЙ БУДИНОК",Київська міська рада,22883141,"КОМУНАЛЬНЕ ПІДПРИЄМСТВО ""КЕРУЮЧА КОМПАНІЯ З ОБСЛУГОВУВАННЯ ЖИТЛОВОГО ФОНДУ ДНІПРОВСЬКОГО РАЙОНУ М.КИЄВА""","39606435",null,null,"10.6000.01","Приміщення в житлових будинках та спорудах",кв. м.,"3795.3",UA80000000000093317,null,Україна,м. Київ,null,null,null,"ДНІПРОВСЬКИЙ","АЛМАТИНСЬКА (АЛМА-АТИНСЬКА)",xxx,null,null,Зареєстровано,"1561710580000",null,null,"ЗАДОВІЛЬНИЙ",null,2025-03-25
1150-53901,null,"нежитлові приміщення в житловому будинку","10.6000.01-Приміщення в житлових будинках та спорудах","ОКРЕМО СТОЯЧИЙ","ЖИЛИЙ БУДИНОК",Київська міська рада,22883141,"КОМУНАЛЬНЕ ПІДПРИЄМСТВО ""КЕРУЮЧА КОМПАНІЯ З ОБСЛУГОВУВАННЯ ЖИТЛОВОГО ФОНДУ ДНІПРОВСЬКОГО РАЙОНУ М.КИЄВА""","39606435",null,null,"10.6000.01","Приміщення в житлових будинках та спорудах",кв. м.,"7312.86",UA80000000000093317,null,Україна,м. Київ,null,null,null,"ДНІПРОВСЬКИЙ","ЛІТИНСЬКА",xxx,null,null,Зареєстровано,"2362442680000",null,null,"ЗАДОВІЛЬНИЙ",null,2025-03-28
1151-53141,null,"нежитлові приміщення в житловому будинку","10.6000.01-Приміщення в житлових будинках та спорудах","ОКРЕМО СТОЯЧИЙ","ЖИЛИЙ БУДИНОК",Київська міська рада,22883141,"КОМУНАЛЬНЕ ПІДПРИЄМСТВО ""КЕРУЮЧА КОМПАНІЯ З ОБСЛУГОВУВАННЯ ЖИТЛОВОГО ФОНДУ ДНІПРОВСЬКОГО РАЙОНУ М.КИЄВА""","39606435",null,null,"10.6000.01","Приміщення в житлових будинках та спорудах",кв. м.,"3133.5",UA80000000000093317,null,Україна,м. Київ,null,null,null,"ДНІПРОВСЬКИЙ","МАКАРЕНКА",xxx,null,null,Невідомо,null,null,null,"ЗАДОВІЛЬНИЙ",null,2025-03-25
1152-53149,null,"нежитлові приміщення в житловому будинку","10.6000.01-Приміщення в житлових будинках та спорудах","ОКРЕМО СТОЯЧИЙ","ЖИЛИЙ БУДИНОК",Київська міська рада,22883141,"КОМУНАЛЬНЕ ПІДПРИЄМСТВО ""КЕРУЮЧА КОМПАНІЯ З ОБСЛУГОВУВАННЯ ЖИТЛОВОГО ФОНДУ ДНІПРОВСЬКОГО РАЙОНУ М.КИЄВА""","39606435",null,null,"10.6000.01","Приміщення в житлових будинках та спорудах",кв. м.,"17444.19",UA80000000000093317,null,Україна,м. Київ,null,null,null,"ДНІПРОВСЬКИЙ","МАРГАНЕЦЬКА",xxx,null,null,Зареєстровано,"1502812780000",null,null,"ЗАДОВІЛЬНИЙ",null,2025-03-24
1171-53445,null,"нежитлові приміщення в житловому будинку","10.6000.01-Приміщення в житлових будинках та спорудах","ОКРЕМО СТОЯЧИЙ","ІНШЕ",Київська міська рада,22883141,"КОМУНАЛЬНЕ ПІДПРИЄМСТВО ""КЕРУЮЧА КОМПАНІЯ З ОБСЛУГОВУВАННЯ ЖИТЛОВОГО ФОНДУ ДНІПРОВСЬКОГО РАЙОНУ М.КИЄВА""","39606435",null,null,"10.6000.01","Приміщення в житлових будинках та спорудах",кв. м.,"11868.42",UA80000000000093317,"252175",Україна,м. Київ,null,null,null,"ДНІПРОВСЬКИЙ","ЕНТУЗІАСТІВ",xxx,null,null,Зареєстровано,"2149464780000",null,null,"ЗАДОВІЛЬНИЙ",null,2025-03-26
1176-53454,null,"нежитлові приміщення в житловому будинку","10.6000.01-Приміщення в житлових будинках та спорудах","ОКРЕМО СТОЯЧИЙ","ІНШЕ",Київська міська рада,22883141,"КОМУНАЛЬНЕ ПІДПРИЄМСТВО ""КЕРУЮЧА КОМПАНІЯ З ОБСЛУГОВУВАННЯ ЖИТЛОВОГО ФОНДУ ДНІПРОВСЬКОГО РАЙОНУ М.КИЄВА""","39606435",null,null,"10.6000.01","Приміщення в житлових будинках та спорудах",кв. м.,"12450.88",UA80000000000093317,"253147",Україна,м. Київ,null,null,null,"ДНІПРОВСЬКИЙ","РУСАНІВСЬКА НАБЕРЕЖНА",xxx,null,null,Зареєстровано,"2140801080000",null,null,"ЗАДОВІЛЬНИЙ",null,2025-03-25
1177-53454,null,"нежитлові приміщення в житловому будинку","10.6000.01-Приміщення в житлових будинках та спорудах","ОКРЕМО СТОЯЧИЙ","ІНШЕ",Київська міська рада,22883141,"КОМУНАЛЬНЕ ПІДПРИЄМСТВО ""КЕРУЮЧА КОМПАНІЯ З ОБСЛУГОВУВАННЯ ЖИТЛОВОГО ФОНДУ ДНІПРОВСЬКОГО РАЙОНУ М.КИЄВА""","39606435",null,null,"10.6000.01","Приміщення в житлових будинках та спорудах",кв. м.,"12450.88",UA80000000000093317,"253147",Україна,м. Київ,null,null,null,"ДНІПРОВСЬКИЙ","РУСАНІВСЬКА НАБЕРЕЖНА",xxx,null,null,Зареєстровано,"2140801080000",null,null,"ЗАДОВІЛЬНИЙ",null,2025-03-25
1178-53456,null,"нежитлові приміщення в житловому будинку","10.6000.01-Приміщення в житлових будинках та спорудах","ОКРЕМО СТОЯЧИЙ","ІНШЕ",Київська міська рада,22883141,"КОМУНАЛЬНЕ ПІДПРИЄМСТВО ""КЕРУЮЧА КОМПАНІЯ З ОБСЛУГОВУВАННЯ ЖИТЛОВОГО ФОНДУ ДНІПРОВСЬКОГО РАЙОНУ М.КИЄВА""","39606435",null,null,"10.6000.01","Приміщення в житлових будинках та спорудах",кв. м.,"12546.64",UA80000000000093317,"253147",Україна,м. Київ,null,null,null,"ДНІПРОВСЬКИЙ","РУСАНІВСЬКА НАБЕРЕЖНА",xxx,null,null,Зареєстровано,"2140762680000",null,null,"ЗАДОВІЛЬНИЙ",null,2025-03-25
1179-53456,null,"нежитлові приміщення в житловому будинку","10.6000.01-Приміщення в житлових будинках та спорудах","ОКРЕМО СТОЯЧИЙ","ІНШЕ",Київська міська рада,22883141,"КОМУНАЛЬНЕ ПІДПРИЄМСТВО ""КЕРУЮЧА КОМПАНІЯ З ОБСЛУГОВУВАННЯ ЖИТЛОВОГО ФОНДУ ДНІПРОВСЬКОГО РАЙОНУ М.КИЄВА""","39606435",null,null,"10.6000.01","Приміщення в житлових будинках та спорудах",кв. м.,"12546.64",UA80000000000093317,"253147",Україна,м. Київ,null,null,null,"ДНІПРОВСЬКИЙ","РУСАНІВСЬКА НАБЕРЕЖНА",xxx,null,null,Зареєстровано,"2140762680000",null,null,"ЗАДОВІЛЬНИЙ",null,2025-03-25
1186-53421,null,"нежитлові приміщення в житловому будинку","10.6000.01-Приміщення в житлових будинках та спорудах","ОКРЕМО СТОЯЧИЙ","ІНШЕ",Київська міська рада,22883141,"КОМУНАЛЬНЕ ПІДПРИЄМСТВО ""КЕРУЮЧА КОМПАНІЯ З ОБСЛУГОВУВАННЯ ЖИТЛОВОГО ФОНДУ ДНІПРОВСЬКОГО РАЙОНУ М.КИЄВА""","39606435",null,null,"10.6000.01","Приміщення в житлових будинках та спорудах",кв. м.,"5746.87",UA80000000000093317,"253147",Україна,м. Київ,null,null,null,"ДНІПРОВСЬКИЙ","РУСАНІВСЬКИЙ БУЛЬВ.",xxx,null,null,Зареєстровано,"1527062080000",null,null,"ЗАДОВІЛЬНИЙ",null,2025-03-26
1194-53042,null,"нежитлові приміщення в житловому будинку","10.6000.01-Приміщення в житлових будинках та спорудах","ОКРЕМО СТОЯЧИЙ","ІНШЕ",Київська міська рада,22883141,"КОМУНАЛЬНЕ ПІДПРИЄМСТВО ""КЕРУЮЧА КОМПАНІЯ З ОБСЛУГОВУВАННЯ ЖИТЛОВОГО ФОНДУ ДНІПРОВСЬКОГО РАЙОНУ М.КИЄВА""","39606435",null,null,"10.6000.01","Приміщення в житлових будинках та спорудах",кв. м.,"3872.14",UA80000000000093317,"02090",Україна,м. Київ,null,null,null,"ДНІПРОВСЬКИЙ","ПРАЗЬКА",xxx,null,null,Невідомо,null,null,null,"ЗАДОВІЛЬНИЙ",null,2025-03-24
1195-53042,null,"нежитлові приміщення в житловому будинку","10.6000.01-Приміщення в житлових будинках та спорудах","ОКРЕМО СТОЯЧИЙ","ІНШЕ",Київська міська рада,22883141,"КОМУНАЛЬНЕ ПІДПРИЄМСТВО ""КЕРУЮЧА КОМПАНІЯ З ОБСЛУГОВУВАННЯ ЖИТЛОВОГО ФОНДУ ДНІПРОВСЬКОГО РАЙОНУ М.КИЄВА""","39606435",null,null,"10.6000.01","Приміщення в житлових будинках та спорудах",кв. м.,"3872.14",UA80000000000093317,"02090",Україна,м. Київ,null,null,null,"ДНІПРОВСЬКИЙ","ПРАЗЬКА",xxx,null,null,Невідомо,null,null,null,"ЗАДОВІЛЬНИЙ",null,2025-03-24
1197-52986,null,"нежитлові приміщення в житловому будинку","10.6000.01-Приміщення в житлових будинках та спорудах","ОКРЕМО СТОЯЧИЙ","ЖИЛИЙ БУДИНОК",Київська міська рада,22883141,"КОМУНАЛЬНЕ ПІДПРИЄМСТВО ""КЕРУЮЧА КОМПАНІЯ З ОБСЛУГОВУВАННЯ ЖИТЛОВОГО ФОНДУ ДНІПРОВСЬКОГО РАЙОНУ М.КИЄВА""","39606435",null,null,"10.6000.01","Приміщення в житлових будинках та спорудах",кв. м.,"3467.22",UA80000000000093317,null,Україна,м. Київ,null,null,null,"ДНІПРОВСЬКИЙ","СОБОРНОСТІ ПРОСПЕКТ (ВОЗЗ'ЄДНАННЯ ПРОСП.)",xxx,null,null,Невідомо,null,null,null,"ЗАДОВІЛЬНИЙ",null,2025-03-24
1200-53681,null,"окремо розташ.буд.","10.6000.01-Приміщення в житлових будинках та спорудах","ПРИМІЩЕННЯ В Ж/Б","ІНШЕ",Київська міська рада,22883141,"КОМУНАЛЬНЕ ПІДПРИЄМСТВО ""КЕРУЮЧА КОМПАНІЯ З ОБСЛУГОВУВАННЯ ЖИТЛОВОГО ФОНДУ ДНІПРОВСЬКОГО РАЙОНУ М.КИЄВА""","39606435",null,null,"10.6000.01","Приміщення в житлових будинках та спорудах",кв. м.,"2576.4",UA80000000000093317,"02098",Україна,м. Київ,null,null,null,"ДНІПРОВСЬКИЙ","БЕРЕЗНЯКІВСЬКА",xxx,null,null,Зареєстровано,"2398226480000",null,null,"ЗАДОВІЛЬНИЙ",null,2025-03-24
1205-53685,null,"окремо розташ.буд.","10.1230.10.001-Будівлі магазинів","ОКРЕМО СТОЯЧИЙ","ІНШЕ",Київська міська рада,22883141,"КОМУНАЛЬНЕ ПІДПРИЄМСТВО ""КЕРУЮЧА КОМПАНІЯ З ОБСЛУГОВУВАННЯ ЖИТЛОВОГО ФОНДУ ДНІПРОВСЬКОГО РАЙОНУ М.КИЄВА""","39606435",null,null,"10.1230.10.001","Будівлі магазинів",кв. м.,"2435.23",UA80000000000093317,"02152",Україна,м. Київ,null,null,null,"ДНІПРОВСЬКИЙ","МИКОЛАЙЧУКА ІВАНА (СЕРАФИМОВИЧА)",xxx,null,null,Невідомо,null,null,null,"ЗАДОВІЛЬНИЙ",null,2025-03-21
1236-53985,null,"нежитлові приміщення в житловому будинку","10.6000.01-Приміщення в житлових будинках та спорудах","ОКРЕМО СТОЯЧИЙ","ЖИЛИЙ БУДИНОК",Київська міська рада,22883141,"КОМУНАЛЬНЕ ПІДПРИЄМСТВО ""КЕРУЮЧА КОМПАНІЯ З ОБСЛУГОВУВАННЯ ЖИТЛОВОГО ФОНДУ ДНІПРОВСЬКОГО РАЙОНУ М.КИЄВА""","39606435",null,null,"10.6000.01","Приміщення в житлових будинках та спорудах",кв. м.,"2354.5",UA80000000000093317,"02105",Україна,м. Київ,null,null,null,"ДНІПРОВСЬКИЙ","ЛЕОНІДА КАДЕНЮКА ПРОСПЕКТ (ГАГАРІНА ЮРІЯ )",xxx,null,null,Невідомо,null,null,null,"ЗАДОВІЛЬНИЙ",null,2025-03-25
1246-53391,null,"нежитлові приміщення в житловому будинку","10.6000.01-Приміщення в житлових будинках та спорудах","ПРИМІЩЕННЯ В Ж/Б","ІНШЕ",Київська міська рада,22883141,"КОМУНАЛЬНЕ ПІДПРИЄМСТВО ""КЕРУЮЧА КОМПАНІЯ З ОБСЛУГОВУВАННЯ ЖИТЛОВОГО ФОНДУ ДНІПРОВСЬКОГО РАЙОНУ М.КИЄВА""","39606435",null,null,"10.6000.01","Приміщення в житлових будинках та спорудах",кв. м.,"3208.0",UA80000000000093317,null,Україна,м. Київ,null,null,null,"ДНІПРОВСЬКИЙ","МИКИТЕНКА ІВАНА",xxx,null,null,Зареєстровано,"1486658280000",null,null,"ЗАДОВІЛЬНИЙ",null,2025-03-26
1251-53483,null,"окремо розташована будівля","10.6000.01-Приміщення в житлових будинках та спорудах","ОКРЕМО СТОЯЧИЙ","ІНШЕ",Київська міська рада,22883141,"КОМУНАЛЬНЕ ПІДПРИЄМСТВО ""КЕРУЮЧА КОМПАНІЯ З ОБСЛУГОВУВАННЯ ЖИТЛОВОГО ФОНДУ ДНІПРОВСЬКОГО РАЙОНУ М.КИЄВА""","39606435",null,null,"10.6000.01","Приміщення в житлових будинках та спорудах",кв. м.,"3214.7",UA80000000000093317,"02206",Україна,м. Київ,null,null,null,"ДНІПРОВСЬКИЙ","АНАТОЛІЯ СОЛОВ'ЯНЕНКА (БОЙЧЕНКА ОЛЕКСАНДРА)",xxx,null,null,Зареєстровано,"1385269080000",null,null,"ЗАДОВІЛЬНИЙ",null,2025-03-24
1258-53375,null,"нежитлові приміщення в житловому будинку","10.6000.01-Приміщення в житлових будинках та спорудах","ОКРЕМО СТОЯЧИЙ","ІНШЕ",Київська міська рада,22883141,"КОМУНАЛЬНЕ ПІДПРИЄМСТВО ""КЕРУЮЧА КОМПАНІЯ З ОБСЛУГОВУВАННЯ ЖИТЛОВОГО ФОНДУ ДНІПРОВСЬКОГО РАЙОНУ М.КИЄВА""","39606435",null,null,"10.6000.01","Приміщення в житлових будинках та спорудах",кв. м.,"6718.15",UA80000000000093317,null,Україна,м. Київ,null,null,null,"ДНІПРОВСЬКИЙ","ОСТАФІЯ ДАШКЕВИЧА (КУРНАТОВСЬКОГО)",xxx,null,null,Зареєстровано,"2197026980000",null,null,"ЗАДОВІЛЬНИЙ",null,2025-03-25
1266-53395,null,"нежитлові приміщення в житловому будинку","10.6000.01-Приміщення в житлових будинках та спорудах","ОКРЕМО СТОЯЧИЙ","ІНШЕ",Київська міська рада,22883141,"КОМУНАЛЬНЕ ПІДПРИЄМСТВО ""КЕРУЮЧА КОМПАНІЯ З ОБСЛУГОВУВАННЯ ЖИТЛОВОГО ФОНДУ ДНІПРОВСЬКОГО РАЙОНУ М.КИЄВА""","39606435",null,null,"10.6000.01","Приміщення в житлових будинках та спорудах",кв. м.,"3438.37",UA80000000000093317,null,Україна,м. Київ,null,null,null,"ДНІПРОВСЬКИЙ","МИКИТЕНКА ІВАНА",xxx,null,null,Зареєстровано,"2361977180000",null,null,"ЗАДОВІЛЬНИЙ",null,2025-03-25
1273-53519,null,"нежитлові приміщення в житловому будинку","10.6000.01-Приміщення в житлових будинках та спорудах","ОКРЕМО СТОЯЧИЙ","ІНШЕ",Київська міська рада,22883141,"КОМУНАЛЬНЕ ПІДПРИЄМСТВО ""КЕРУЮЧА КОМПАНІЯ З ОБСЛУГОВУВАННЯ ЖИТЛОВОГО ФОНДУ ДНІПРОВСЬКОГО РАЙОНУ М.КИЄВА""","39606435",null,null,"10.6000.01","Приміщення в житлових будинках та спорудах",кв. м.,"7945.96",UA80000000000093317,"02206",Україна,м. Київ,null,null,null,"ДНІПРОВСЬКИЙ","МИРОПІЛЬСЬКА",xxx,null,null,Зареєстровано,"1475965580000",null,null,"ЗАДОВІЛЬНИЙ",null,2025-03-27
1274-53520,null,"нежитлові приміщення в житловому будинку","10.6000.01-Приміщення в житлових будинках та спорудах","ОКРЕМО СТОЯЧИЙ","ІНШЕ",Київська міська рада,22883141,"КОМУНАЛЬНЕ ПІДПРИЄМСТВО ""КЕРУЮЧА КОМПАНІЯ З ОБСЛУГОВУВАННЯ ЖИТЛОВОГО ФОНДУ ДНІПРОВСЬКОГО РАЙОНУ М.КИЄВА""","39606435",null,null,"10.6000.01","Приміщення в житлових будинках та спорудах",кв. м.,"8183.58",UA80000000000093317,"02206",Україна,м. Київ,null,null,null,"ДНІПРОВСЬКИЙ","МИРОПІЛЬСЬКА",xxx,null,null,Невідомо,null,null,null,"ЗАДОВІЛЬНИЙ",null,2025-03-25
1275-53521,null,"нежитлові приміщення в житловому будинку","10.6000.01-Приміщення в житлових будинках та спорудах","ОКРЕМО СТОЯЧИЙ","ІНШЕ",Київська міська рада,22883141,"КОМУНАЛЬНЕ ПІДПРИЄМСТВО ""КЕРУЮЧА КОМПАНІЯ З ОБСЛУГОВУВАННЯ ЖИТЛОВОГО ФОНДУ ДНІПРОВСЬКОГО РАЙОНУ М.КИЄВА""","39606435",null,null,"10.6000.01","Приміщення в житлових будинках та спорудах",кв. м.,"8202.2",UA80000000000093317,"02206",Україна,м. Київ,null,null,null,"ДНІПРОВСЬКИЙ","МИРОПІЛЬСЬКА",xxx,null,null,Зареєстровано,"1453170980000",null,null,"ЗАДОВІЛЬНИЙ",null,2025-03-25
1282-53857,null,"окремо розташ.буд.","10.6000.01-Приміщення в житлових будинках та спорудах","ПРИМІЩЕННЯ В Ж/Б","ІНШЕ",Київська міська рада,22883141,"КОМУНАЛЬНЕ ПІДПРИЄМСТВО ""КЕРУЮЧА КОМПАНІЯ З ОБСЛУГОВУВАННЯ ЖИТЛОВОГО ФОНДУ ДНІПРОВСЬКОГО РАЙОНУ М.КИЄВА""","39606435",null,null,"10.6000.01","Приміщення в житлових будинках та спорудах",кв. м.,"1572.6",UA80000000000093317,"02218",Україна,м. Київ,null,null,null,"ДНІПРОВСЬКИЙ","РАЙДУЖНА",xxx,null,null,Невідомо,null,null,null,"ЗАДОВІЛЬНИЙ",null,2025-03-26
1322-30296,null,"БУДИНОК ДЕЗВІДДІЛЕННЯ ТА РЕМОНТНА МАЙСТЕРНЯ","10.1264.40.004-Будівлі пунктів медичного обслуговування","ОКРЕМО СТОЯЧИЙ","МАЙСТЕРНЯ",Київська міська рада,22883141,"КОМУНАЛЬНЕ НЕКОМЕРЦІЙНЕ ПІДПРИЄМСТВО КИЇВСЬКИЙ МІСЬКИЙ ЦЕНТР РАДІАЦІЙНОГО ЗАХИСТУ НАСЕЛЕННЯ МІСТА КИЄВА ВІД НАСЛІДКІВ ЧОРНОБИЛЬСЬКОЇ КАТАСТРОФИ ВИКОНАВЧОГО ОРГАНУ КИЇВСЬКОЇ МІСЬКОЇ РАДИ (КИЇВСЬКОЇ МІСЬКОЇ ДЕРЖАВНОЇ АДМІНІСТРАЦІЇ)","21490652",null,null,"10.1264.40.004","Будівлі пунктів медичного обслуговування",кв. м.,"262.3",UA80000000000093317,"02166",Україна,м. Київ,null,null,null,"ДЕСНЯНСЬКИЙ","КУБАНСЬКОЇ УКРАЇНИ (ЖУКОВА МАРШАЛА)",xxx,null,null,Зареєстровано,"1708517880000",null,null,"ЗАДОВІЛЬНИЙ",null,2025-04-08
1336-53981,null,"нежитлові приміщення в житловому будинку","10.6000.01-Приміщення в житлових будинках та спорудах","ОКРЕМО СТОЯЧИЙ","ЖИЛИЙ БУДИНОК",Київська міська рада,22883141,"КОМУНАЛЬНЕ ПІДПРИЄМСТВО ""КЕРУЮЧА КОМПАНІЯ З ОБСЛУГОВУВАННЯ ЖИТЛОВОГО ФОНДУ ДНІПРОВСЬКОГО РАЙОНУ М.КИЄВА""","39606435",null,null,"10.6000.01","Приміщення в житлових будинках та спорудах",кв. м.,"5665.27",UA80000000000093317,"02100",Україна,м. Київ,null,null,null,"ДНІПРОВСЬКИЙ","БУДІВЕЛЬНИКІВ",xxx,null,null,Невідомо,null,null,null,"ЗАДОВІЛЬНИЙ",null,2025-04-16
1360-8082,null,"АДМІНІСТРАТИВНЕ","10.1264.2-Будівлі лікувально-профілактичні","ОКРЕМО СТОЯЧИЙ","АДМІНІСТРАТИВНЕ",Київська міська рада,22883141,"КОМУНАЛЬНЕ НЕКОМЕРЦІЙНЕ ПІДПРИЄМСТВО КЛІНІЧНИЙ ЗАКЛАД З НАДАННЯ ПСИХІАТРИЧНОЇ ДОПОМОГИ ПСИХІАТРІЯ ВИКОНАВЧОГО ОРГАНУ КИЇВСЬКОЇ МІСЬКОЇ РАДИ (КИЇВСЬКОЇ МІСЬКОЇ ДЕРЖАВНОЇ АДМІНІСТРАЦІЇ)","01994072",null,null,"10.1264.2","Будівлі лікувально-профілактичні",кв. м.,"4490.1",UA80000000000093317,"04080",Україна,м. Київ,null,null,null,"ПОДІЛЬСЬКИЙ","КИРИЛІВСЬКА (ФРУНЗЕ)",xxx,null,null,Зареєстровано,"1443879180000",null,null,"ПОТРЕБУЄ РЕМОНТУ",null,2025-04-15
1362-44580,null,"ПРАЛЬНЯ","10.1274.40.200-Будівлі пралень","ОКРЕМО СТОЯЧИЙ","ГОСПОДАРСЬКЕ ПРИМІЩЕННЯ",Київська міська рада,22883141,"КОМУНАЛЬНЕ НЕКОМЕРЦІЙНЕ ПІДПРИЄМСТВО ""КИІВСЬКА МІСЬКА КЛІНІЧНА ЛІКАРНЯ №5""","00185028",null,null,"10.1274.40.200","Будівлі пралень",кв. м.,"467.2",UA80000000000093317,null,Україна,м. Київ,null,null,null,"СВЯТОШИНСЬКИЙ","КРАМСЬКОГО ІВАНА",xxx,null,null,Зареєстровано,"1573467680000",null,null,"ЗАДОВІЛЬНИЙ",null,2025-02-07
1375-17568,null,"АДМІНІСТРАТИВНЕ","10.12-Будівлі (приміщення) нежитлові","ПРИМІЩЕННЯ В Ж/Б","АДМІНІСТРАТИВНЕ",Київська міська рада,22883141,"КОМУНАЛЬНЕ ПІДПРИЄМСТВО КЕРУЮЧА КОМПАНІЯ З ОБСЛУГОВУВАННЯ ЖИТЛОВОГО ФОНДУ СОЛОМ'ЯНСЬКОГО РАЙОНУ М. КИЄВА","35756919",null,null,"10.12","Будівлі (приміщення) нежитлові",кв. м.,"89.1",UA80000000000093317,"252061",Україна,м. Київ,null,null,null,"СОЛОМ'ЯНСЬКИЙ","ВІДРАДНИЙ ПРОСП.",xxx,null,null,Зареєстровано,"2",null,null,"ЗАДОВІЛЬНИЙ",null,2025-01-08
1407-50994,null,"КОМПЛ.ПІДПР.ПОБУТ. ОБСЛУГОВ.","10.1220.10.023-Будівлі адміністративні","ОКРЕМО СТОЯЧИЙ","КОМПЛ.ПІДПР.ПОБУТ. ОБСЛУГОВ.",Київська міська рада,22883141,"КОМУНАЛЬНЕ ПІДПРИЄМСТВО ""КЕРУЮЧА КОМПАНІЯ З ОБСЛУГОВУВАННЯ ЖИТЛОВОГО ФОНДУ ДЕСНЯНСЬКОГО РАЙОНУ М.КИЄВА""","39605452",null,null,"10.1220.10.023","Будівлі адміністративні",кв. м.,"1546.0",UA80000000000093317,"02156",Україна,м. Київ,null,null,null,"ДЕСНЯНСЬКИЙ","БРАТИСЛАВСЬКА",xxx,null,null,Зареєстровано,"1636049380000",null,null,"ЗАДОВІЛЬНИЙ",null,2025-04-07
1417-51002,null,"КОМПЛ.ПІДПР.ПОБУТ. ОБСЛУГОВ.","10.1220.10.023-Будівлі адміністративні","ОКРЕМО СТОЯЧИЙ","КОМПЛ.ПІДПР.ПОБУТ. ОБСЛУГОВ.",Київська міська рада,22883141,"КОМУНАЛЬНЕ ПІДПРИЄМСТВО ""КЕРУЮЧА КОМПАНІЯ З ОБСЛУГОВУВАННЯ ЖИТЛОВОГО ФОНДУ ДЕСНЯНСЬКОГО РАЙОНУ М.КИЄВА""","39605452",null,null,"10.1220.10.023","Будівлі адміністративні",кв. м.,"893.7",UA80000000000093317,"02217",Україна,м. Київ,null,null,null,"ДЕСНЯНСЬКИЙ","ЗАКРЕВСЬКОГО МИКОЛИ",xxx,null,null,Зареєстровано,"1642038180000",null,null,"ЗАДОВІЛЬНИЙ",null,2025-03-21
1429-28958,null,"СХОВИЩЕ ПММ","10.12-Будівлі (приміщення) нежитлові","ОКРЕМО СТОЯЧИЙ","СКЛАД",Київська міська рада,22883141,"КОМУНАЛЬНЕ ПІДПРИЄМСТВО ""КИЇВСЬКИЙ ІПОДРОМ""","00846346",null,null,"10.12","Будівлі (приміщення) нежитлові",кв. м.,"83.4",UA80000000000093317,null,Україна,м. Київ,null,null,null,"КИЄВО-СВЯТОШИНСЬКИЙ","С.БОБРИЦЯ",xxx,null,null,Невідомо,null,null,null,"ПОТРЕБУЄ РЕМОНТУ",null,2025-01-17
1430-28954,null,"АВТОВАГИ","10.12-Будівлі (приміщення) нежитлові","ОКРЕМО СТОЯЧИЙ","ВИРОБНИЧЕ",Київська міська рада,22883141,"КОМУНАЛЬНЕ ПІДПРИЄМСТВО ""КИЇВСЬКИЙ ІПОДРОМ""","00846346",null,null,"10.12","Будівлі (приміщення) нежитлові",кв. м.,"78.7",UA80000000000093317,null,Україна,м. Київ,null,null,null,"КИЄВО-СВЯТОШИНСЬКИЙ","С.БОБРИЦЯ",xxx,null,null,Невідомо,null,null,null,"ПОТРЕБУЄ РЕМОНТУ",null,2025-01-17
1445-47393,null,"ПОЛІКЛІНІНІЧНА УСТАНОВА","10.1264.40.003-Будівлі поліклінік","ОКРЕМО СТОЯЧИЙ","ПОЛІКЛІНІКА",Київська міська рада,22883141,"КОМУНАЛЬНЕ НЕКОМЕРЦІЙНЕ ПІДПРИЄМСТВО ЦЕНТР ПЕРВИННОЇ МЕДИКО-САНІТАРНОЇ ДОПОМОГИ № 1 ПОДІЛЬСЬКОГО РАЙОНУ М.КИЄВА","38946268",null,null,"10.1264.40.003","Будівлі поліклінік",кв. м.,"7880.0",UA80000000000093317,"04070",Україна,м. Київ,null,null,null,"ПОДІЛЬСЬКИЙ","ВОЛОСЬКА",xxx,null,null,Зареєстровано,"1558706780000",null,null,"ЗАДОВІЛЬНИЙ",null,2025-04-07
1449-48878,null,"виробничу діяльність та побутове обслуговування населення","10.6000.02.001-Багатофункціональні нежитлові приміщення","ПРИМІЩЕННЯ В Ж/Б","МАГАЗИН",Київська міська рада,22883141,"КОМУНАЛЬНЕ ПІДПРИЄМСТВО ""КЕРУЮЧА КОМПАНІЯ З ОБСЛУГОВУВАННЯ ЖИТЛОВОГО ФОНДУ СВЯТОШИНСЬКОГО РАЙОНУ М. КИЄВА""","39607507",null,null,"10.6000.02.001","Багатофункціональні нежитлові приміщення",кв. м.,"3651.0",UA80000000000093317,"03115",Україна,м. Київ,null,null,null,"СВЯТОШИНСЬКИЙ","ВЕРХОВИННА",xxx,null,null,Зареєстровано,"1468648880000",null,null,"ЗАДОВІЛЬНИЙ",null,2025-04-01
1464-49514,null,"вільне","10.12-Будівлі (приміщення) нежитлові","ПРИМІЩЕННЯ В Ж/Б","ІНШЕ",Київська міська рада,22883141,"КОМУНАЛЬНЕ ПІДПРИЄМСТВО ""КЕРУЮЧА КОМПАНІЯ З ОБСЛУГОВУВАННЯ ЖИТЛОВОГО ФОНДУ ПОДІЛЬСЬКОГО РАЙОНУ М.КИЄВА""","39609111",null,null,"10.12","Будівлі (приміщення) нежитлові",кв. м.,"79.1",UA80000000000093317,"04123",Україна,м. Київ,null,null,null,"ПОДІЛЬСЬКИЙ","ЇЖАКЕВИЧА ІВАНА",xxx,null,null,Зареєстровано,"1860129680000",null,null,"ЗАДОВІЛЬНИЙ",null,2025-01-12
1531-48384,null,"оренда- відділення поштового зв язку, офіс, вільні","10.12-Будівлі (приміщення) нежитлові","ПРИМІЩЕННЯ В Ж/Б","ІНШЕ",Київська міська рада,22883141,"КОМУНАЛЬНЕ ПІДПРИЄМСТВО ""КЕРУЮЧА КОМПАНІЯ З ОБСЛУГОВУВАННЯ ЖИТЛОВОГО ФОНДУ ПЕЧЕРСЬКОГО РАЙОНУ М.КИЄВА""","35692211",null,null,"10.12","Будівлі (приміщення) нежитлові",кв. м.,"5556.4",UA80000000000093317,null,Україна,м. Київ,null,null,null,"ПЕЧЕРСЬКИЙ","ГРУШЕВСЬКОГО МИХАЙЛА",xxx,null,null,Зареєстровано,"1250858680000",null,null,"ЗАДОВІЛЬНИЙ",null,2025-02-24
1549-48431,null,"оренда- майстерня по ремонту взуття, вільне","10.12-Будівлі (приміщення) нежитлові","ПРИМІЩЕННЯ В Ж/Б","ПОБУТОВІ ПОСЛУГИ",Київська міська рада,22883141,"КОМУНАЛЬНЕ ПІДПРИЄМСТВО ""КЕРУЮЧА КОМПАНІЯ З ОБСЛУГОВУВАННЯ ЖИТЛОВОГО ФОНДУ ПЕЧЕРСЬКОГО РАЙОНУ М.КИЄВА""","35692211",null,null,"10.12","Будівлі (приміщення) нежитлові",кв. м.,"7078.24",UA80000000000093317,null,Україна,м. Київ,null,null,null,"ПЕЧЕРСЬКИЙ","КНЯЗІВ ОСТРОЗЬКИХ (МОСКОВСЬКА)",xxx,null,null,Зареєстровано,"1750800780000",null,null,"ЗАДОВІЛЬНИЙ",null,2025-02-19
1572-16164,null,"НЕЖИТЛОВІ ПРИМІЩЕННЯ","10.1230.60.002-Комбінати побутового обслуговування","ПРИМІЩЕННЯ В Н/Б","КОМБІНАТ ПОБУТОВОГО ОБСЛУГОВ.",Київська міська рада,22883141,"КОМУНАЛЬНЕ ПІДПРИЄМСТВО ""ВАТУТІНСЬКІНВЕСТБУД""","30977943",null,null,"10.1230.60.002","Комбінати побутового обслуговування",кв. м.,"1524.4",UA80000000000093317,"02217",Україна,м. Київ,null,null,null,"ДЕСНЯНСЬКИЙ","ЗАКРЕВСЬКОГО МИКОЛИ",xxx,null,null,Зареєстровано,"1716028280000",null,null,"ЗАДОВІЛЬНИЙ",null,2025-04-10
1584-51916,null,"ОФІС","10.6000.01-Приміщення в житлових будинках та спорудах","ПРИМІЩЕННЯ В Ж/Б","ОФІС",Київська міська рада,22883141,"КОМУНАЛЬНЕ ПІДПРИЄМСТВО ""КЕРУЮЧА КОМПАНІЯ З ОБСЛУГОВУВАННЯ ЖИТЛОВОГО ФОНДУ ДЕСНЯНСЬКОГО РАЙОНУ М.КИЄВА""","39605452",null,null,"10.6000.01","Приміщення в житлових будинках та спорудах",кв. м.,"21354.0",UA80000000000093317,null,Україна,м. Київ,null,null,null,"ДЕСНЯНСЬКИЙ","СЕРЖА ЛИФАРЯ (САБУРОВА ОЛЕКСАНДРА)",xxx,null,null,Зареєстровано,"2249452580000",null,null,"ЗАДОВІЛЬНИЙ",null,2025-04-01
1593-51920,null,"ГОСПОДАРСЬКЕ ПРИМІЩЕННЯ","10.1220.10.023-Будівлі адміністративні","ОКРЕМО СТОЯЧИЙ","ГОСПОДАРСЬКЕ ПРИМІЩЕННЯ",Київська міська рада,22883141,"КОМУНАЛЬНЕ ПІДПРИЄМСТВО ""КЕРУЮЧА КОМПАНІЯ З ОБСЛУГОВУВАННЯ ЖИТЛОВОГО ФОНДУ ДЕСНЯНСЬКОГО РАЙОНУ М.КИЄВА""","39605452",null,null,"10.1220.10.023","Будівлі адміністративні",кв. м.,"1210.2",UA80000000000093317,"02225",Україна,м. Київ,null,null,null,"ДЕСНЯНСЬКИЙ","БЕРЕТТІ ВІКЕНТІЯ",xxx,null,null,Невідомо,null,null,null,"ЗАДОВІЛЬНИЙ",null,2025-03-21
1599-51012,null,"КОМПЛ.ПІДПР.ПОБУТ. ОБСЛУГОВ.","10.1220.10.023-Будівлі адміністративні","ОКРЕМО СТОЯЧИЙ","КОМПЛ.ПІДПР.ПОБУТ. ОБСЛУГОВ.",Київська міська рада,22883141,"КОМУНАЛЬНЕ ПІДПРИЄМСТВО ""КЕРУЮЧА КОМПАНІЯ З ОБСЛУГОВУВАННЯ ЖИТЛОВОГО ФОНДУ ДЕСНЯНСЬКОГО РАЙОНУ М.КИЄВА""","39605452",null,null,"10.1220.10.023","Будівлі адміністративні",кв. м.,"772.3",UA80000000000093317,null,Україна,м. Київ,null,null,null,"ДЕСНЯНСЬКИЙ","ЧЕРВОНОЇ КАЛИНИ (ВОЛОДИМИРА МАЯКОВСЬКОГО)",xxx,null,null,Зареєстровано,"1642049680000",null,null,"ЗАДОВІЛЬНИЙ",null,2025-03-19
1601-54559,null,null,"10.6000.01-Приміщення в житлових будинках та спорудах","ПРИМІЩЕННЯ В Ж/Б","ІНШЕ",Київська міська рада,22883141,"КОМУНАЛЬНЕ ПІДПРИЄМСТВО ""КЕРУЮЧА КОМПАНІЯ З ОБСЛУГОВУВАННЯ ЖИТЛОВОГО ФОНДУ ДЕСНЯНСЬКОГО РАЙОНУ М.КИЄВА""","39605452",null,null,"10.6000.01","Приміщення в житлових будинках та спорудах",кв. м.,"9999.0",UA80000000000093317,null,Україна,м. Київ,null,null,null,"ДЕСНЯНСЬКИЙ","КУБАНСЬКОЇ УКРАЇНИ (ЖУКОВА МАРШАЛА)",xxx,null,null,Невідомо,null,null,null,"ЗАДОВІЛЬНИЙ",null,2025-04-01
1605-51937,null,"АДМІНІСТРАТИВНЕ","10.1220.10.023-Будівлі адміністративні","ОКРЕМО СТОЯЧИЙ","АДМІНІСТРАТИВНЕ",Київська міська рада,22883141,"КОМУНАЛЬНЕ ПІДПРИЄМСТВО ""КЕРУЮЧА КОМПАНІЯ З ОБСЛУГОВУВАННЯ ЖИТЛОВОГО ФОНДУ ДЕСНЯНСЬКОГО РАЙОНУ М.КИЄВА""","39605452",null,null,"10.1220.10.023","Будівлі адміністративні",кв. м.,"1250.9",UA80000000000093317,"02225",Україна,м. Київ,null,null,null,"ДЕСНЯНСЬКИЙ","КАШТАНОВА",xxx,null,null,Зареєстровано,"2931356480000",null,null,"ЗАДОВІЛЬНИЙ",null,2025-03-21
1631-48397,null,"вільне","10.12-Будівлі (приміщення) нежитлові","ПРИМІЩЕННЯ В Ж/Б","МАЙСТЕРНЯ",Київська міська рада,22883141,"КОМУНАЛЬНЕ ПІДПРИЄМСТВО ""КЕРУЮЧА КОМПАНІЯ З ОБСЛУГОВУВАННЯ ЖИТЛОВОГО ФОНДУ ПЕЧЕРСЬКОГО РАЙОНУ М.КИЄВА""","35692211",null,null,"10.12","Будівлі (приміщення) нежитлові",кв. м.,"1035.2",UA80000000000093317,null,Україна,м. Київ,null,null,null,"ПЕЧЕРСЬКИЙ","АРСЕНАЛЬНИЙ ПРОВ.",xxx,null,null,Зареєстровано,"2063387180000",null,null,"ЗАДОВІЛЬНИЙ",null,2025-02-19
1671-20151,null,"НЕЖИТЛОВИЙ ФОНД (ОРЕНДА, ВЛАСНІ ПОТРЕБИ, ВІЛЬНІ)","10.12-Будівлі (приміщення) нежитлові","ПРИМІЩЕННЯ В Ж/Б","АДМІНІСТРАТИВНЕ",Київська міська рада,22883141,"КОМУНАЛЬНЕ ПІДПРИЄМСТВО КЕРУЮЧА КОМПАНІЯ З ОБСЛУГОВУВАННЯ ЖИТЛОВОГО ФОНДУ СОЛОМ'ЯНСЬКОГО РАЙОНУ М. КИЄВА","35756919",null,null,"10.12","Будівлі (приміщення) нежитлові",кв. м.,"30.5",UA80000000000093317,null,Україна,м. Київ,null,null,null,"СОЛОМ'ЯНСЬКИЙ","УШИНСЬКОГО",xxx,null,null,Зареєстровано,"1553746980000",null,null,"ЗАДОВІЛЬНИЙ",null,2025-01-07
1680-46177,null,"СКЛАД","10.1220.10.023-Будівлі адміністративні","ПРИМІЩЕННЯ В Н/Б","СКЛАД",Київська міська рада,22883141,"КОМУНАЛЬНЕ ПІДПРИЄМСТВО ""КИЇВЖИТЛОСПЕЦЕКСПЛУАТАЦІЯ""","03366500",null,null,"10.1220.10.023","Будівлі адміністративні",кв. м.,"194.3",UA80000000000093317,null,Україна,м. Київ,null,null,null,"ШЕВЧЕНКІВСЬКИЙ","БУЛЬВАРНО-КУДРЯВСЬКА (ВОРОВСЬКОГО)",xxx,null,null,Невідомо,null,null,null,"ЗАДОВІЛЬНИЙ",null,2025-04-03
1687-46192,null,"САРАЙ-ГАРАЖ","10.1-БУДІВЛІ","ОКРЕМО СТОЯЧИЙ","ГАРАЖ",Київська міська рада,22883141,"КОМУНАЛЬНЕ ПІДПРИЄМСТВО ""КИЇВЖИТЛОСПЕЦЕКСПЛУАТАЦІЯ""","03366500",null,null,"10.1","БУДІВЛІ",кв. м.,"48.1",UA80000000000093317,"04212",Україна,м. Київ,null,null,null,"ОБОЛОНСЬКИЙ","ГАЙДАЙ ЗОЇ",xxx,null,null,Зареєстровано,"113052263",null,null,"ПОТРЕБУЄ РЕМОНТУ",null,2025-04-03
1706-34436,null,"ГАРАЖІ","10.1220.10.023-Будівлі адміністративні","ПРИБУДОВАНЕ ПРИМІЩ. ДО Н/Б","ГАРАЖ",Київська міська рада,22883141,"КОМУНАЛЬНЕ ПІДПРИЄМСТВО ""КИЇВЖИТЛОСПЕЦЕКСПЛУАТАЦІЯ""","03366500",null,null,"10.1220.10.023","Будівлі адміністративні",кв. м.,"57.5",UA80000000000093317,"01010",Україна,м. Київ,null,null,null,"ПЕЧЕРСЬКИЙ","ІНЖЕНЕРНИЙ ПРОВ.",xxx,null,null,Невідомо,null,null,null,"ЗАДОВІЛЬНИЙ",null,2025-04-03
1731-46084,null,"КОМБІНАТ ПОБУТОВОГО ОБСЛУГОВ.","10.1220.10.023-Будівлі адміністративні","ПРИМІЩЕННЯ В Н/Б","КОМБІНАТ ПОБУТОВОГО ОБСЛУГОВ.",Київська міська рада,22883141,"КОМУНАЛЬНЕ ПІДПРИЄМСТВО ""КИЇВЖИТЛОСПЕЦЕКСПЛУАТАЦІЯ""","03366500",null,null,"10.1220.10.023","Будівлі адміністративні",кв. м.,"4251.8",UA80000000000093317,"02222",Україна,м. Київ,null,null,null,"ДЕСНЯНСЬКИЙ","ЧЕРВОНОЇ КАЛИНИ (ВОЛОДИМИРА МАЯКОВСЬКОГО)",xxx,null,null,Зареєстровано,"2018405980000",null,null,"ЗАДОВІЛЬНИЙ",null,2025-04-03
1738-46017,null,"АДМІНІСТРАТИВНЕ","10.1220.10.023-Будівлі адміністративні","ПРИМІЩЕННЯ В Н/Б","АДМІНІСТРАТИВНЕ",Київська міська рада,22883141,"КОМУНАЛЬНЕ ПІДПРИЄМСТВО ""КИЇВЖИТЛОСПЕЦЕКСПЛУАТАЦІЯ""","03366500",null,null,"10.1220.10.023","Будівлі адміністративні",кв. м.,"1212.0",UA80000000000093317,"04201",Україна,м. Київ,null,null,null,"ОБОЛОНСЬКИЙ"," ЛИТОВСЬКИЙ ПРОСП. (ПРОСП. МІНСЬКИЙ (МІНСЬКЕ ШОСЕ))",xxx,null,null,Зареєстровано,"1928619080000",null,null,"ЗАДОВІЛЬНИЙ",null,2025-05-05
1744-45994,null,"АДМІНІСТРАТИВНЕ","10.1220.10.023-Будівлі адміністративні","ПРИМІЩЕННЯ В Н/Б","АДМІНІСТРАТИВНЕ",Київська міська рада,22883141,"КОМУНАЛЬНЕ ПІДПРИЄМСТВО ""КИЇВЖИТЛОСПЕЦЕКСПЛУАТАЦІЯ""","03366500",null,null,"10.1220.10.023","Будівлі адміністративні",кв. м.,"1176.4",UA80000000000093317,"02218",Україна,м. Київ,null,null,null,"ДНІПРОВСЬКИЙ","ВОСКРЕСЕНСЬКИЙ ПРОСПЕКТ (ПЕРОВА)",xxx,null,null,Невідомо,null,null,null,"ЗАДОВІЛЬНИЙ",null,2025-04-03
1747-46096,null,"АДМІНІСТРАТИВНЕ","10.1220.10.023-Будівлі адміністративні","ПРИМІЩЕННЯ В Н/Б","АДМІНІСТРАТИВНЕ",Київська міська рада,22883141,"КОМУНАЛЬНЕ ПІДПРИЄМСТВО ""КИЇВЖИТЛОСПЕЦЕКСПЛУАТАЦІЯ""","03366500",null,null,"10.1220.10.023","Будівлі адміністративні",кв. м.,"1195.3",UA80000000000093317,null,Україна,м. Київ,null,null,null,"ШЕВЧЕНКІВСЬКИЙ","ЖИЛЯНСЬКА",xxx,null,null,Невідомо,null,null,null,"ЗАДОВІЛЬНИЙ",null,2025-04-03
1749-46019,null,"ОФІС, СКЛАД","10.1220.10.023-Будівлі адміністративні","ПРИМІЩЕННЯ В Н/Б","МАГАЗИН ПРОДТОВАРІВ",Київська міська рада,22883141,"КОМУНАЛЬНЕ ПІДПРИЄМСТВО ""КИЇВЖИТЛОСПЕЦЕКСПЛУАТАЦІЯ""","03366500",null,null,"10.1220.10.023","Будівлі адміністративні",кв. м.,"2358.5",UA80000000000093317,"04201",Україна,м. Київ,null,null,null,"ОБОЛОНСЬКИЙ","ПОЛЯРНА",xxx,null,null,Невідомо,null,null,null,"ЗАДОВІЛЬНИЙ",null,2025-04-03
1753-46153,null,"АДМІНІСТРАТИВНО-ВИРОБНИЧЕ","10.1-БУДІВЛІ","ОКРЕМО СТОЯЧИЙ","АДМІНІСТРАТИВНО-ВИРОБНИЧЕ",Київська міська рада,22883141,"КОМУНАЛЬНЕ ПІДПРИЄМСТВО ""КИЇВЖИТЛОСПЕЦЕКСПЛУАТАЦІЯ""","03366500",null,null,"10.1","БУДІВЛІ",кв. м.,"1421.5",UA80000000000093317,null,Україна,м. Київ,null,null,null,"СОЛОМ'ЯНСЬКИЙ","ПОСТ-ВОЛИНСЬКА",xxx,null,null,Зареєстровано,"2010941580000",null,null,"ЗАДОВІЛЬНИЙ",null,2025-04-03
1754-46020,null,"АДМІНІСТРАТИВНЕ","10.1220.10.023-Будівлі адміністративні","ПРИМІЩЕННЯ В Н/Б","АДМІНІСТРАТИВНЕ",Київська міська рада,22883141,"КОМУНАЛЬНЕ ПІДПРИЄМСТВО ""КИЇВЖИТЛОСПЕЦЕКСПЛУАТАЦІЯ""","03366500",null,null,"10.1220.10.023","Будівлі адміністративні",кв. м.,"221.4",UA80000000000093317,"04208",Україна,м. Київ,null,null,null,"ПОДІЛЬСЬКИЙ","ЄВРОПЕЙСЬКОГО СОЮЗУ ПРОСПЕКТ (ПРАВДИ ПРОСПЕКТ)",xxx,null,null,Невідомо,null,null,null,"ЗАДОВІЛЬНИЙ",null,2025-04-03
1755-45999,null,"АДМІНІСТРАТИВНЕ","10.1220.10.023-Будівлі адміністративні","ПРИМІЩЕННЯ В Н/Б","АДМІНІСТРАТИВНЕ",Київська міська рада,22883141,"КОМУНАЛЬНЕ ПІДПРИЄМСТВО ""КИЇВЖИТЛОСПЕЦЕКСПЛУАТАЦІЯ""","03366500",null,null,"10.1220.10.023","Будівлі адміністративні",кв. м.,"2367.7",UA80000000000093317,"04211",Україна,м. Київ,null,null,null,"ОБОЛОНСЬКИЙ","ПРИОЗЕРНА",xxx,null,null,Невідомо,null,null,null,"ЗАДОВІЛЬНИЙ",null,2025-04-03
1763-45928,null,"Побутокого обслуговування","10.1220.10.023-Будівлі адміністративні","ОКРЕМО СТОЯЧИЙ","АДМІНІСТРАТИВНО-ПОБУТОВЕ",Київська міська рада,22883141,"КОМУНАЛЬНЕ ПІДПРИЄМСТВО ""КИЇВЖИТЛОСПЕЦЕКСПЛУАТАЦІЯ""","03366500",null,null,"10.1220.10.023","Будівлі адміністративні",кв. м.,"662.1",UA80000000000093317,"02091",Україна,м. Київ,null,null,null,"ДАРНИЦЬКИЙ","РЕВУЦЬКОГО",xxx,null,null,Невідомо,null,null,null,"ЗАДОВІЛЬНИЙ",null,2025-04-03
1776-45883,null,"АДМІНІСТРАТИВНЕ","10.1220.10.023-Будівлі адміністративні","ОКРЕМО СТОЯЧИЙ","АДМІНІСТРАТИВНЕ",Київська міська рада,22883141,"КОМУНАЛЬНЕ ПІДПРИЄМСТВО ""КИЇВЖИТЛОСПЕЦЕКСПЛУАТАЦІЯ""","03366500",null,null,"10.1220.10.023","Будівлі адміністративні",кв. м.,"721.4",UA80000000000093317,"252191",Україна,м. Київ,null,null,null,"ГОЛОСІЇВСЬКИЙ","ДОКІЇ ГУМЕННОЇ (СМОЛИЧА ЮРІЯ)",xxx,null,null,Невідомо,null,null,null,"ЗАДОВІЛЬНИЙ",null,2025-04-03
1781-46115,null,"ПОБУТОВІ ПОСЛУГИ","10.1220.10.023-Будівлі адміністративні","ПРИМІЩЕННЯ В Н/Б","ПОБУТОВІ ПОСЛУГИ",Київська міська рада,22883141,"КОМУНАЛЬНЕ ПІДПРИЄМСТВО ""КИЇВЖИТЛОСПЕЦЕКСПЛУАТАЦІЯ""","03366500",null,null,"10.1220.10.023","Будівлі адміністративні",кв. м.,"1009.2",UA80000000000093317,"02212",Україна,м. Київ,null,null,null,"ОБОЛОНСЬКИЙ","ЛЕВКА ЛУК'ЯНЕНКА (МАРШАЛА ТИМОШЕНКА)",xxx,null,null,Невідомо,null,null,null,"ЗАДОВІЛЬНИЙ",null,2025-04-03
1782-46180,null,"АДМІНІСТРАТИВНО-ПОБУТОВЕ","10.1220.10.023-Будівлі адміністративні","ПРИМІЩЕННЯ В Н/Б","АДМІНІСТРАТИВНО-ПОБУТОВЕ",Київська міська рада,22883141,"КОМУНАЛЬНЕ ПІДПРИЄМСТВО ""КИЇВЖИТЛОСПЕЦЕКСПЛУАТАЦІЯ""","03366500",null,null,"10.1220.10.023","Будівлі адміністративні",кв. м.,"1250.0",UA80000000000093317,"252111",Україна,м. Київ,null,null,null,"ШЕВЧЕНКІВСЬКИЙ","МРІЇ (ТУПОЛЄВА АКАДЕМІКА)",xxx,null,null,Невідомо,null,null,null,"ЗАДОВІЛЬНИЙ",null,2025-04-03
1811-49768,null,"КІНОТЕАТР ""ФЛОРЕНЦІЯ""","10.1261.10.007-Будівлі кінотеатрів","ОКРЕМО СТОЯЧИЙ","КІНОТЕАТР",Київська міська рада,22883141,"КОМУНАЛЬНЕ ПІДПРИЄМСТВО ВИКОНАВЧОГО ОРГАНУ КИЇВРАДИ (КИЇВСЬКОЇ МІСЬКОЇ ДЕРЖАВНОЇ АДМІНІСТРАЦІЇ ) ""КИЇВКУЛЬТКЛАСТЕР""","35531906",null,null,"10.1261.10.007","Будівлі кінотеатрів",кв. м.,"4479.5",UA80000000000093317,"02225",Україна,м. Київ,null,null,null,"ДЕСНЯНСЬКИЙ","ЧЕРВОНОЇ КАЛИНИ (ВОЛОДИМИРА МАЯКОВСЬКОГО)",xxx,null,null,Невідомо,null,null,null,"ЗАДОВІЛЬНИЙ",null,2025-04-10
1848-3991,null,"ЛІКУВАЛЬНИЙ КОРПУС","10.1264-Будівлі лікарень та оздоровчих закладів","ОКРЕМО СТОЯЧИЙ","ЛІКУВАЛЬНЕ",Київська міська рада,22883141,"КОМУНАЛЬНЕ НЕКОМЕРЦІЙНЕ ПІДПРИЄМСТВО КИЇВСЬКА МІСЬКА КЛІНІЧНА ЛІКАРНЯ №8 ВИКОНАВЧОГО ОРГАНУ КИЇВСЬКОЇ МІСЬКОЇ РАДИ (КИЇВСЬКОЇ МІСЬКОЇ ДЕРЖАВНОЇ АДМІНІСТРАЦІЇ)","05497146",null,null,"10.1264","Будівлі лікарень та оздоровчих закладів",кв. м.,"46987.9",UA80000000000093317,null,Україна,м. Київ,null,null,null,"ОБОЛОНСЬКИЙ","КОНДРАТЮКА ЮРІЯ",xxx,null,null,Зареєстровано,"1207593780000",null,null,"ЗАДОВІЛЬНИЙ",null,2025-05-09
1849-3991,null,"ЛІКУВАЛЬНИЙ КОРПУС","10.1264-Будівлі лікарень та оздоровчих закладів","ОКРЕМО СТОЯЧИЙ","ЛІКУВАЛЬНЕ",Київська міська рада,22883141,"КОМУНАЛЬНЕ НЕКОМЕРЦІЙНЕ ПІДПРИЄМСТВО КИЇВСЬКА МІСЬКА КЛІНІЧНА ЛІКАРНЯ №8 ВИКОНАВЧОГО ОРГАНУ КИЇВСЬКОЇ МІСЬКОЇ РАДИ (КИЇВСЬКОЇ МІСЬКОЇ ДЕРЖАВНОЇ АДМІНІСТРАЦІЇ)","05497146",null,null,"10.1264","Будівлі лікарень та оздоровчих закладів",кв. м.,"46987.9",UA80000000000093317,null,Україна,м. Київ,null,null,null,"ОБОЛОНСЬКИЙ","КОНДРАТЮКА ЮРІЯ",xxx,null,null,Зареєстровано,"1207593780000",null,null,"ЗАДОВІЛЬНИЙ",null,2025-05-09
1894-4067,null,"БУДІВЛЯ ГОЛОВНОГО КОРПУСУ","10.1264.21.014-Акушерсько-гінекологічні лікувальні корпуси","ОКРЕМО СТОЯЧИЙ","ЛІКУВАЛЬНЕ",Київська міська рада,22883141,"КОМУНАЛЬНЕ НЕКОМЕРЦІЙНЕ ПІДПРИЄМСТВО КИЇВСЬКИЙ МІСЬКИЙ ПОЛОГОВИЙ БУДИНОК №3 ВИКОНАВЧОГО ОРГАНУ КИЇВСЬКОЇ МІСЬКОЇ РАДИ (КИЇВСЬКОЇ МІСЬКОЇ ДЕРЖАВНОЇ АДМІНІСТРАЦІЇ)","05496796",null,null,"10.1264.21.014","Акушерсько-гінекологічні лікувальні корпуси",кв. м.,"14211.2",UA80000000000093317,null,Україна,м. Київ,null,null,null,"СВЯТОШИНСЬКИЙ","КУЧЕРА ВАСИЛЯ",xxx,null,null,Зареєстровано,"1530010380000",null,null,"ЗАДОВІЛЬНИЙ",null,2025-03-17
1895-54102,null,"КІНОТЕАТР ""СТАРТ""","10.1-БУДІВЛІ","ПРИМІЩЕННЯ В Н/Б","КІНОТЕАТР",Київська міська рада,22883141,"КОМУНАЛЬНЕ ПІДПРИЄМСТВО ВИКОНАВЧОГО ОРГАНУ КИЇВРАДИ (КИЇВСЬКОЇ МІСЬКОЇ ДЕРЖАВНОЇ АДМІНІСТРАЦІЇ ) ""КИЇВКУЛЬТКЛАСТЕР""","35531906",null,null,"10.1","БУДІВЛІ",кв. м.,"934.33",UA80000000000093317,"02152",Україна,м. Київ,null,null,null,"ДНІПРОВСЬКИЙ","МИКОЛАЙЧУКА ІВАНА (СЕРАФИМОВИЧА)",xxx,null,null,Зареєстровано,"1245730080000",null,null,"ЗАДОВІЛЬНИЙ",null,2025-04-10
1915-24596,null,"НЕЖИТЛОВИЙ ФОНД (ОРЕНДА, ВЛАСНІ ПОТРЕБИ, ВІЛЬНІ)","10.12-Будівлі (приміщення) нежитлові","ПРИМІЩЕННЯ В Ж/Б","АДМІНІСТРАТИВНЕ",Київська міська рада,22883141,"КОМУНАЛЬНЕ ПІДПРИЄМСТВО КЕРУЮЧА КОМПАНІЯ З ОБСЛУГОВУВАННЯ ЖИТЛОВОГО ФОНДУ СОЛОМ'ЯНСЬКОГО РАЙОНУ М. КИЄВА","35756919",null,null,"10.12","Будівлі (приміщення) нежитлові",кв. м.,"52.1",UA80000000000093317,"252056",Україна,м. Київ,null,null,null,"СОЛОМ'ЯНСЬКИЙ","ОЛЕКСИ ТИХОГО (ВИБОРЗЬКА)",xxx,null,null,Зареєстровано,"1309661480000",null,null,"ЗАДОВІЛЬНИЙ",null,2025-01-07
1925-19841,null,"НЕЖИТЛОВИЙ ФОНД (ОРЕНДА, ВІЛЬНІ, ВЛАСНІ ПОТРЕБИ)","10.12-Будівлі (приміщення) нежитлові","ПРИМІЩЕННЯ В Ж/Б","АДМІНІСТРАТИВНЕ",Київська міська рада,22883141,"КОМУНАЛЬНЕ ПІДПРИЄМСТВО КЕРУЮЧА КОМПАНІЯ З ОБСЛУГОВУВАННЯ ЖИТЛОВОГО ФОНДУ СОЛОМ'ЯНСЬКОГО РАЙОНУ М. КИЄВА","35756919",null,null,"10.12","Будівлі (приміщення) нежитлові",кв. м.,"58.2",UA80000000000093317,null,Україна,м. Київ,null,null,null,"СОЛОМ'ЯНСЬКИЙ","ДОНЕЦЬКА",xxx,null,null,Зареєстровано,"2455086480000",null,null,"ЗАДОВІЛЬНИЙ",null,2024-12-25
1929-20215,null,"АДМІНІСТРАТИВНЕ","10.12-Будівлі (приміщення) нежитлові","ПРИМІЩЕННЯ В Ж/Б","АДМІНІСТРАТИВНЕ",Київська міська рада,22883141,"КОМУНАЛЬНЕ ПІДПРИЄМСТВО КЕРУЮЧА КОМПАНІЯ З ОБСЛУГОВУВАННЯ ЖИТЛОВОГО ФОНДУ СОЛОМ'ЯНСЬКОГО РАЙОНУ М. КИЄВА","35756919",null,null,"10.12","Будівлі (приміщення) нежитлові",кв. м.,"179.4",UA80000000000093317,null,Україна,м. Київ,null,null,null,"СОЛОМ'ЯНСЬКИЙ","ЄРЕВАНСЬКА",xxx,null,null,Зареєстровано,"2581148980000",null,null,"ЗАДОВІЛЬНИЙ",null,2025-01-09
1979-16184,null,"НЕЖИТЛОВІ ПРИМІЩЕННЯ","10.1300.03.002-Технічне підпілля","ПРИМІЩЕННЯ В Н/Б","КОМБІНАТ ПОБУТОВОГО ОБСЛУГОВ.",Київська міська рада,22883141,"КОМУНАЛЬНЕ ПІДПРИЄМСТВО ""ВАТУТІНСЬКІНВЕСТБУД""","30977943",null,null,"10.1300.03.002","Технічне підпілля",кв. м.,"2202.5",UA80000000000093317,"02232",Україна,м. Київ,null,null,null,"ДЕСНЯНСЬКИЙ","ОНОРЕ ДЕ БАЛЬЗАКА",xxx,null,null,Зареєстровано,"1729943580000",null,null,"ЗАДОВІЛЬНИЙ",null,2025-04-10
2083-2086,null,"РИНОК","10.12-Будівлі (приміщення) нежитлові","ОКРЕМО СТОЯЧИЙ","РИНОК",Київська міська рада,22883141,"КОМУНАЛЬНЕ ПІДПРИЄМСТВО ВОЛОДИМИРСЬКИЙ РИНОК","01565129",null,null,"10.12","Будівлі (приміщення) нежитлові",кв. м.,"6881.9",UA80000000000093317,"03150",Україна,м. Київ,null,null,null,"ГОЛОСІЇВСЬКИЙ","АНТОНОВИЧА (ГОРЬКОГО)",xxx,null,null,Зареєстровано,"1046726680000",null,null,"ЗАДОВІЛЬНИЙ",null,2025-01-09
2084-2086,null,"РИНОК","10.12-Будівлі (приміщення) нежитлові","ОКРЕМО СТОЯЧИЙ","РИНОК",Київська міська рада,22883141,"КОМУНАЛЬНЕ ПІДПРИЄМСТВО ВОЛОДИМИРСЬКИЙ РИНОК","01565129",null,null,"10.12","Будівлі (приміщення) нежитлові",кв. м.,"6881.9",UA80000000000093317,"03150",Україна,м. Київ,null,null,null,"ГОЛОСІЇВСЬКИЙ","АНТОНОВИЧА (ГОРЬКОГО)",xxx,null,null,Зареєстровано,"1046726680000",null,null,"ЗАДОВІЛЬНИЙ",null,2025-01-09
2085-2086,null,"РИНОК","10.12-Будівлі (приміщення) нежитлові","ОКРЕМО СТОЯЧИЙ","РИНОК",Київська міська рада,22883141,"КОМУНАЛЬНЕ ПІДПРИЄМСТВО ВОЛОДИМИРСЬКИЙ РИНОК","01565129",null,null,"10.12","Будівлі (приміщення) нежитлові",кв. м.,"6881.9",UA80000000000093317,"03150",Україна,м. Київ,null,null,null,"ГОЛОСІЇВСЬКИЙ","АНТОНОВИЧА (ГОРЬКОГО)",xxx,null,null,Зареєстровано,"1046726680000",null,null,"ЗАДОВІЛЬНИЙ",null,2025-01-09
2086-2086,null,"РИНОК","10.12-Будівлі (приміщення) нежитлові","ОКРЕМО СТОЯЧИЙ","РИНОК",Київська міська рада,22883141,"КОМУНАЛЬНЕ ПІДПРИЄМСТВО ВОЛОДИМИРСЬКИЙ РИНОК","01565129",null,null,"10.12","Будівлі (приміщення) нежитлові",кв. м.,"6881.9",UA80000000000093317,"03150",Україна,м. Київ,null,null,null,"ГОЛОСІЇВСЬКИЙ","АНТОНОВИЧА (ГОРЬКОГО)",xxx,null,null,Зареєстровано,"1046726680000",null,null,"ЗАДОВІЛЬНИЙ",null,2025-01-09
2138-17520,null,"НЕЖИТЛОВИЙ ФОНД (ОРЕНДА, ВЛАСНІ ПОТРЕБИ, ВІЛЬНІ)","10.12-Будівлі (приміщення) нежитлові","ПРИМІЩЕННЯ В Ж/Б","АДМІНІСТРАТИВНЕ",Київська міська рада,22883141,"КОМУНАЛЬНЕ ПІДПРИЄМСТВО КЕРУЮЧА КОМПАНІЯ З ОБСЛУГОВУВАННЯ ЖИТЛОВОГО ФОНДУ СОЛОМ'ЯНСЬКОГО РАЙОНУ М. КИЄВА","35756919",null,null,"10.12","Будівлі (приміщення) нежитлові",кв. м.,"34.0",UA80000000000093317,"252067",Україна,м. Київ,null,null,null,"СОЛОМ'ЯНСЬКИЙ","ЛЮБОМИРА ГУЗАРА (КОМАРОВА КОСМОНАВТА)",xxx,null,null,Зареєстровано,"2551630880000",null,null,"ЗАДОВІЛЬНИЙ",null,2025-01-08
2145-48457,null,"оренда- господарські потреби, вільне","10.12-Будівлі (приміщення) нежитлові","ПРИМІЩЕННЯ В Ж/Б","ГОСПОДАРСЬКЕ ПРИМІЩЕННЯ",Київська міська рада,22883141,"КОМУНАЛЬНЕ ПІДПРИЄМСТВО ""КЕРУЮЧА КОМПАНІЯ З ОБСЛУГОВУВАННЯ ЖИТЛОВОГО ФОНДУ ПЕЧЕРСЬКОГО РАЙОНУ М.КИЄВА""","35692211",null,null,"10.12","Будівлі (приміщення) нежитлові",кв. м.,"1849.7",UA80000000000093317,null,Україна,м. Київ,null,null,null,"ПЕЧЕРСЬКИЙ","КЛОВСЬКИЙ УЗВІЗ",xxx,null,null,Зареєстровано,"1750871880000",null,null,"ЗАДОВІЛЬНИЙ",null,2025-02-24
2147-48075,null,"вільне","10.12-Будівлі (приміщення) нежитлові","ПРИМІЩЕННЯ В Ж/Б","ІНШЕ",Київська міська рада,22883141,"КОМУНАЛЬНЕ ПІДПРИЄМСТВО ""КЕРУЮЧА КОМПАНІЯ З ОБСЛУГОВУВАННЯ ЖИТЛОВОГО ФОНДУ ПЕЧЕРСЬКОГО РАЙОНУ М.КИЄВА""","35692211",null,null,"10.12","Будівлі (приміщення) нежитлові",кв. м.,"1027.36",UA80000000000093317,null,Україна,м. Київ,null,null,null,"ПЕЧЕРСЬКИЙ","МИХАЙЛА БОЙЧУКА (КІКВІДЗЕ)",xxx,null,null,Зареєстровано,"1867011080000",null,null,"ЗАДОВІЛЬНИЙ",null,2025-02-28
2191-50992,null,"КОМПЛ.ПІДПР.ПОБУТ. ОБСЛУГОВ.","10.1220.10.023-Будівлі адміністративні","ОКРЕМО СТОЯЧИЙ","КОМПЛ.ПІДПР.ПОБУТ. ОБСЛУГОВ.",Київська міська рада,22883141,"КОМУНАЛЬНЕ ПІДПРИЄМСТВО ""КЕРУЮЧА КОМПАНІЯ З ОБСЛУГОВУВАННЯ ЖИТЛОВОГО ФОНДУ ДЕСНЯНСЬКОГО РАЙОНУ М.КИЄВА""","39605452",null,null,"10.1220.10.023","Будівлі адміністративні",кв. м.,"1273.4",UA80000000000093317,"02225",Україна,м. Київ,null,null,null,"ДЕСНЯНСЬКИЙ","ОНОРЕ ДЕ БАЛЬЗАКА",xxx,null,null,Зареєстровано,"1651359280000",null,null,"ЗАДОВІЛЬНИЙ",null,2025-04-07
2202-51740,null,null,"10.6000.01-Приміщення в житлових будинках та спорудах","ПРИМІЩЕННЯ В Ж/Б",null,Київська міська рада,22883141,"КОМУНАЛЬНЕ ПІДПРИЄМСТВО ""КЕРУЮЧА КОМПАНІЯ З ОБСЛУГОВУВАННЯ ЖИТЛОВОГО ФОНДУ ДЕСНЯНСЬКОГО РАЙОНУ М.КИЄВА""","39605452",null,null,"10.6000.01","Приміщення в житлових будинках та спорудах",кв. м.,"3235.6",UA80000000000093317,null,Україна,м. Київ,null,null,null,"ДЕСНЯНСЬКИЙ","МІЛЮТЕНКА",xxx,null,null,Зареєстровано,"1882134980000",null,null,"ЗАДОВІЛЬНИЙ",null,2025-04-07
2217-49023,null,"АДМІНІСТРАТИВНЕ","10.6000.01-Приміщення в житлових будинках та спорудах","ПРИМІЩЕННЯ В Ж/Б","АДМІНІСТРАТИВНЕ",Київська міська рада,22883141,"КОМУНАЛЬНЕ ПІДПРИЄМСТВО ""КЕРУЮЧА КОМПАНІЯ З ОБСЛУГОВУВАННЯ ЖИТЛОВОГО ФОНДУ ГОЛОСІЇВСЬКОГО РАЙОНУ М.КИЄВА""","32375554",null,null,"10.6000.01","Приміщення в житлових будинках та спорудах",кв. м.,"858.6",UA80000000000093317,"01004",Україна,м. Київ,null,null,null,"ГОЛОСІЇВСЬКИЙ","АНТОНОВИЧА (ГОРЬКОГО)",xxx,null,null,Зареєстровано,"1200792280000",null,null,"ЗАДОВІЛЬНИЙ",null,2025-04-14
2293-49263,null,"вільне","10.12-Будівлі (приміщення) нежитлові","ПРИМІЩЕННЯ В Ж/Б",null,Київська міська рада,22883141,"КОМУНАЛЬНЕ ПІДПРИЄМСТВО ""КЕРУЮЧА КОМПАНІЯ З ОБСЛУГОВУВАННЯ ЖИТЛОВОГО ФОНДУ ПОДІЛЬСЬКОГО РАЙОНУ М.КИЄВА""","39609111",null,null,"10.12","Будівлі (приміщення) нежитлові",кв. м.,"72.0",UA80000000000093317,null,Україна,м. Київ,null,null,null,"ПОДІЛЬСЬКИЙ","САГАЙДАЧНОГО ПЕТРА",xxx,null,null,Зареєстровано,"2630562280000",null,null,"ЗАДОВІЛЬНИЙ",null,2025-01-13
2295-52049,null,"ГОСПОДАРСЬКЕ ПРИМІЩЕННЯ","10.1220.10.023-Будівлі адміністративні","ОКРЕМО СТОЯЧИЙ","ГОСПОДАРСЬКЕ ПРИМІЩЕННЯ",Київська міська рада,22883141,"КОМУНАЛЬНЕ ПІДПРИЄМСТВО ""КЕРУЮЧА КОМПАНІЯ З ОБСЛУГОВУВАННЯ ЖИТЛОВОГО ФОНДУ ДЕСНЯНСЬКОГО РАЙОНУ М.КИЄВА""","39605452",null,null,"10.1220.10.023","Будівлі адміністративні",кв. м.,"1120.1",UA80000000000093317,"02217",Україна,м. Київ,null,null,null,"ДЕСНЯНСЬКИЙ","ЗАКРЕВСЬКОГО МИКОЛИ",xxx,null,null,Зареєстровано,"1885978280000",null,null,"ЗАДОВІЛЬНИЙ",null,2025-03-24
2307-51802,null,"ГОСПОДАРСЬКЕ ПРИМІЩЕННЯ","10.1220.10.023-Будівлі адміністративні","ОКРЕМО СТОЯЧИЙ","ГОСПОДАРСЬКЕ ПРИМІЩЕННЯ",Київська міська рада,22883141,"КОМУНАЛЬНЕ ПІДПРИЄМСТВО ""КЕРУЮЧА КОМПАНІЯ З ОБСЛУГОВУВАННЯ ЖИТЛОВОГО ФОНДУ ДЕСНЯНСЬКОГО РАЙОНУ М.КИЄВА""","39605452",null,null,"10.1220.10.023","Будівлі адміністративні",кв. м.,"855.1",UA80000000000093317,"02166",Україна,м. Київ,null,null,null,"ДЕСНЯНСЬКИЙ","КУБАНСЬКОЇ УКРАЇНИ (ЖУКОВА МАРШАЛА)",xxx,null,null,Зареєстровано,"2740834680000",null,null,"ЗАДОВІЛЬНИЙ",null,2025-03-21
2314-51914,null,"ОСББ","10.6000.01-Приміщення в житлових будинках та спорудах","ПРИМІЩЕННЯ В Ж/Б","ЖИЛИЙ БУДИНОК",Київська міська рада,22883141,"КОМУНАЛЬНЕ ПІДПРИЄМСТВО ""КЕРУЮЧА КОМПАНІЯ З ОБСЛУГОВУВАННЯ ЖИТЛОВОГО ФОНДУ ДЕСНЯНСЬКОГО РАЙОНУ М.КИЄВА""","39605452",null,null,"10.6000.01","Приміщення в житлових будинках та спорудах",кв. м.,"12.0",UA80000000000093317,null,Україна,м. Київ,null,null,null,"ДЕСНЯНСЬКИЙ","ЧЕРВОНОЇ КАЛИНИ (ВОЛОДИМИРА МАЯКОВСЬКОГО)",xxx,null,null,Зареєстровано,"2658553080000",null,null,"ЗАДОВІЛЬНИЙ",null,2025-01-23
2326-16800,null,"вільне","10.11-Будівлі житлові","ПРИМІЩЕННЯ В Ж/Б",null,Київська міська рада,22883141,"КОМУНАЛЬНЕ ПІДПРИЄМСТВО ""КЕРУЮЧА КОМПАНІЯ З ОБСЛУГОВУВАННЯ ЖИТЛОВОГО ФОНДУ ШЕВЧЕНКІВСЬКОГО РАЙОНУ М.КИЄВА""","34966254",null,null,"10.11","Будівлі житлові",кв. м.,"964.0",UA80000000000093317,null,Україна,м. Київ,null,null,null,"ШЕВЧЕНКІВСЬКИЙ","БУЛЬВАРНО-КУДРЯВСЬКА (ВОРОВСЬКОГО)",xxx,null,null,Зареєстровано,"1423797080000",null,null,"ЗАДОВІЛЬНИЙ",null,2024-10-28
2341-16831,null,null,null,"ПРИМІЩЕННЯ В Ж/Б",null,Київська міська рада,22883141,"КОМУНАЛЬНЕ ПІДПРИЄМСТВО ""КЕРУЮЧА КОМПАНІЯ З ОБСЛУГОВУВАННЯ ЖИТЛОВОГО ФОНДУ ШЕВЧЕНКІВСЬКОГО РАЙОНУ М.КИЄВА""","34966254",null,null,null,null,кв. м.,"972.0",UA80000000000093317,null,Україна,м. Київ,null,null,null,"ШЕВЧЕНКІВСЬКИЙ","СІЧОВИХ СТРІЛЬЦІВ (АРТЕМА)",xxx,null,null,Зареєстровано,"1638619980000",null,null,"ЗАДОВІЛЬНИЙ",null,2024-10-29
2343-43207,null,"БАЗА ВІДПОЧИНКУ (БУДІВЛЯ ТУАЛЕТУ)","10.1264.60.005-Бази відпочинку","ОКРЕМО СТОЯЧИЙ","БАЗА ВІДПОЧИНКУ",Київська міська рада,22883141,"КОМУНАЛЬНЕ ПІДПРИЄМСТВО МІЖНАРОДНИЙ АЕРОПОРТ ""КИЇВ"" (ЖУЛЯНИ)","01131514",null,null,"10.1264.60.005","Бази відпочинку",кв. м.,"34.7",UA80000000000093317,"07342",Україна,м. Київ,null,null,null,"ВИШГОРОДСЬКИЙ","С.ВОРОПАЇВ, ВИШГОРОДСЬКОГО КИЇВСЬКА",xxx,null,null,Зареєстровано,"21767183",null,null,"ПОТРЕБУЄ РЕМОНТУ",null,2025-03-12
2345-43210,null,"БАЗА ВІДПОЧИНКУ ""ПИРНОВО"" (БУДІВЛЯ КЛУБУ)","10.1264.60.005-Бази відпочинку","ОКРЕМО СТОЯЧИЙ","БАЗА ВІДПОЧИНКУ",Київська міська рада,22883141,"КОМУНАЛЬНЕ ПІДПРИЄМСТВО МІЖНАРОДНИЙ АЕРОПОРТ ""КИЇВ"" (ЖУЛЯНИ)","01131514",null,null,"10.1264.60.005","Бази відпочинку",кв. м.,"197.7",UA80000000000093317,"07342",Україна,м. Київ,null,null,null,"ВИШГОРОДСЬКИЙ","С.ВОРОПАЇВ, ВИШГОРОДСЬКОГО КИЇВСЬКА",xxx,null,null,Зареєстровано,"21767183",null,null,"НЕЗАДОВІЛЬНИЙ",null,2025-03-12
2346-43211,null,"БАЗА ВІДПОЧИНКУ ""ПИРНОВО"" (БУДИНОК ЛІТНІЙ ДЕРЕВЯНИЙ )","10.1264.60.005-Бази відпочинку","ОКРЕМО СТОЯЧИЙ","БАЗА ВІДПОЧИНКУ",Київська міська рада,22883141,"КОМУНАЛЬНЕ ПІДПРИЄМСТВО МІЖНАРОДНИЙ АЕРОПОРТ ""КИЇВ"" (ЖУЛЯНИ)","01131514",null,null,"10.1264.60.005","Бази відпочинку",кв. м.,"21.8",UA80000000000093317,"07342",Україна,м. Київ,null,null,null,"ВИШГОРОДСЬКИЙ","С.ВОРОПАЇВ, ВИШГОРОДСЬКОГО КИЇВСЬКА",xxx,null,null,Зареєстровано,"21767183",null,null,"НЕЗАДОВІЛЬНИЙ",null,2025-03-12
2347-43212,null,"БАЗА ВІДПОЧИНКУ ""ПИРНОВО"" (БУДИНОК ЛІТНІЙ ДЕРЕВЯНИЙ )","10.1264.60.005-Бази відпочинку","ОКРЕМО СТОЯЧИЙ","БАЗА ВІДПОЧИНКУ",Київська міська рада,22883141,"КОМУНАЛЬНЕ ПІДПРИЄМСТВО МІЖНАРОДНИЙ АЕРОПОРТ ""КИЇВ"" (ЖУЛЯНИ)","01131514",null,null,"10.1264.60.005","Бази відпочинку",кв. м.,"21.7",UA80000000000093317,"07342",Україна,м. Київ,null,null,null,"ВИШГОРОДСЬКИЙ","С.ВОРОПАЇВ, ВИШГОРОДСЬКОГО КИЇВСЬКА",xxx,null,null,Зареєстровано,"21767183",null,null,"НЕЗАДОВІЛЬНИЙ",null,2025-03-12
2348-43213,null,"БАЗА ВІДПОЧИНКУ ""ПИРНОВО"" (БУДІВЛЯ СКЛАДУ БЕТОННА)","10.1264.60.005-Бази відпочинку","ОКРЕМО СТОЯЧИЙ","БАЗА ВІДПОЧИНКУ",Київська міська рада,22883141,"КОМУНАЛЬНЕ ПІДПРИЄМСТВО МІЖНАРОДНИЙ АЕРОПОРТ ""КИЇВ"" (ЖУЛЯНИ)","01131514",null,null,"10.1264.60.005","Бази відпочинку",кв. м.,"82.0",UA80000000000093317,"07342",Україна,м. Київ,null,null,null,"ВИШГОРОДСЬКИЙ","С.ВОРОПАЇВ, ВИШГОРОДСЬКОГО КИЇВСЬКА",xxx,null,null,Зареєстровано,"21767183",null,null,"НЕЗАДОВІЛЬНИЙ",null,2025-03-12
2349-43217,null,"БАЗА ВІДПОЧИНКУ ""ПИРНОВО"" (БУДИНОК ОХОРОНИ ДЕРЕВЯНИЙ)","10.1264.60.005-Бази відпочинку","ОКРЕМО СТОЯЧИЙ","БАЗА ВІДПОЧИНКУ",Київська міська рада,22883141,"КОМУНАЛЬНЕ ПІДПРИЄМСТВО МІЖНАРОДНИЙ АЕРОПОРТ ""КИЇВ"" (ЖУЛЯНИ)","01131514",null,null,"10.1264.60.005","Бази відпочинку",кв. м.,"8.9",UA80000000000093317,"07342",Україна,м. Київ,null,null,null,"ВИШГОРОДСЬКИЙ","С.ВОРОПАЇВ, ВИШГОРОДСЬКОГО КИЇВСЬКА",xxx,null,null,Зареєстровано,"21767183",null,null,"НЕЗАДОВІЛЬНИЙ",null,2025-03-12
2350-43219,null,"БАЗА ВІДПОЧИНКУ ""ПИРНОВО"" (БУДІВЛЯ НАСОСНОЇ СТАНЦІЇ)","10.1264.60.005-Бази відпочинку","ОКРЕМО СТОЯЧИЙ","БАЗА ВІДПОЧИНКУ",Київська міська рада,22883141,"КОМУНАЛЬНЕ ПІДПРИЄМСТВО МІЖНАРОДНИЙ АЕРОПОРТ ""КИЇВ"" (ЖУЛЯНИ)","01131514",null,null,"10.1264.60.005","Бази відпочинку",кв. м.,"8.9",UA80000000000093317,"07342",Україна,м. Київ,null,null,null,"ВИШГОРОДСЬКИЙ","С.ВОРОПАЇВ, ВИШГОРОДСЬКОГО КИЇВСЬКА",xxx,null,null,Зареєстровано,"21767183",null,null,"НЕЗАДОВІЛЬНИЙ",null,2025-03-12
2351-43220,null,"БАЗА ВІДПОЧИНКУ ""ПИРНОВО"" (БУДИНОК ЛІТНІЙ БЕТОННИЙ 2-Х КІМНАТНИЙ)","10.1264.60.005-Бази відпочинку","ОКРЕМО СТОЯЧИЙ","БАЗА ВІДПОЧИНКУ",Київська міська рада,22883141,"КОМУНАЛЬНЕ ПІДПРИЄМСТВО МІЖНАРОДНИЙ АЕРОПОРТ ""КИЇВ"" (ЖУЛЯНИ)","01131514",null,null,"10.1264.60.005","Бази відпочинку",кв. м.,"33.3",UA80000000000093317,"07342",Україна,м. Київ,null,null,null,"ВИШГОРОДСЬКИЙ","С.ВОРОПАЇВ, ВИШГОРОДСЬКОГО КИЇВСЬКА",xxx,null,null,Зареєстровано,"21767183",null,null,"НЕЗАДОВІЛЬНИЙ",null,2025-03-12
2352-43225,null,"БАЗА ВІДПОЧИНКУ ""ПИРНОВО"" (БУДИНОК ЛІТНІЙ БЕТОННИЙ 2-Х КІМНАТНИЙ)","10.1264.60.005-Бази відпочинку","ОКРЕМО СТОЯЧИЙ","БАЗА ВІДПОЧИНКУ",Київська міська рада,22883141,"КОМУНАЛЬНЕ ПІДПРИЄМСТВО МІЖНАРОДНИЙ АЕРОПОРТ ""КИЇВ"" (ЖУЛЯНИ)","01131514",null,null,"10.1264.60.005","Бази відпочинку",кв. м.,"33.8",UA80000000000093317,"07342",Україна,м. Київ,null,null,null,"ВИШГОРОДСЬКИЙ","С.ВОРОПАЇВ, ВИШГОРОДСЬКОГО КИЇВСЬКА",xxx,null,null,Зареєстровано,"21767183",null,null,"НЕЗАДОВІЛЬНИЙ",null,2025-03-12
2353-43228,null,"БАЗА ВІДПОЧИНКУ ""ПИРНОВО"" (БУДИНОК ЛІТНІЙ ДЕРЕВЯНИЙ )","10.1264.60.005-Бази відпочинку","ОКРЕМО СТОЯЧИЙ","БАЗА ВІДПОЧИНКУ",Київська міська рада,22883141,"КОМУНАЛЬНЕ ПІДПРИЄМСТВО МІЖНАРОДНИЙ АЕРОПОРТ ""КИЇВ"" (ЖУЛЯНИ)","01131514",null,null,"10.1264.60.005","Бази відпочинку",кв. м.,"21.7",UA80000000000093317,"07342",Україна,м. Київ,null,null,null,"ВИШГОРОДСЬКИЙ","С.ВОРОПАЇВ, ВИШГОРОДСЬКОГО КИЇВСЬКА",xxx,null,null,Зареєстровано,"21767183",null,null,"НЕЗАДОВІЛЬНИЙ",null,2025-03-12
2354-43230,null,"БАЗА ВІДПОЧИНКУ ""ПИРНОВО"" (БУДИНОК ЛІТНІЙ ДЕРЕВЯНИЙ )","10.1264.60.005-Бази відпочинку","ОКРЕМО СТОЯЧИЙ","БАЗА ВІДПОЧИНКУ",Київська міська рада,22883141,"КОМУНАЛЬНЕ ПІДПРИЄМСТВО МІЖНАРОДНИЙ АЕРОПОРТ ""КИЇВ"" (ЖУЛЯНИ)","01131514",null,null,"10.1264.60.005","Бази відпочинку",кв. м.,"21.8",UA80000000000093317,"07342",Україна,м. Київ,null,null,null,"ВИШГОРОДСЬКИЙ","С.ВОРОПАЇВ, ВИШГОРОДСЬКОГО КИЇВСЬКА",xxx,null,null,Зареєстровано,"21767183",null,null,"НЕЗАДОВІЛЬНИЙ",null,2025-03-12
2355-43231,null,"БАЗА ВІДПОЧИНКУ ""ПИРНОВО"" (БУДИНОК ЛІТНІЙ ДЕРЕВЯНИЙ )","10.1264.60.005-Бази відпочинку","ОКРЕМО СТОЯЧИЙ","БАЗА ВІДПОЧИНКУ",Київська міська рада,22883141,"КОМУНАЛЬНЕ ПІДПРИЄМСТВО МІЖНАРОДНИЙ АЕРОПОРТ ""КИЇВ"" (ЖУЛЯНИ)","01131514",null,null,"10.1264.60.005","Бази відпочинку",кв. м.,"21.7",UA80000000000093317,"07342",Україна,м. Київ,null,null,null,"ВИШГОРОДСЬКИЙ","С.ВОРОПАЇВ, ВИШГОРОДСЬКОГО КИЇВСЬКА",xxx,null,null,Зареєстровано,"21767183",null,null,"НЕЗАДОВІЛЬНИЙ",null,2025-03-30
2356-43232,null,"БАЗА ВІДПОЧИНКУ ""ПИРНОВО"" БУДИНОК ЛІТНІЙ ДЕРЕВЯНИЙ 4-Х КІМНАТНИЙ  )","10.1264.60.005-Бази відпочинку","ОКРЕМО СТОЯЧИЙ","БАЗА ВІДПОЧИНКУ",Київська міська рада,22883141,"КОМУНАЛЬНЕ ПІДПРИЄМСТВО МІЖНАРОДНИЙ АЕРОПОРТ ""КИЇВ"" (ЖУЛЯНИ)","01131514",null,null,"10.1264.60.005","Бази відпочинку",кв. м.,"52.8",UA80000000000093317,"07342",Україна,м. Київ,null,null,null,"ВИШГОРОДСЬКИЙ","С.ВОРОПАЇВ, ВИШГОРОДСЬКОГО КИЇВСЬКА",xxx,null,null,Зареєстровано,"21767183",null,null,"НЕЗАДОВІЛЬНИЙ",null,2025-03-12
2357-43233,null,"БАЗА ВІДПОЧИНКУ ""ПИРНОВО"" (БУДИНОК ЛІТНІЙ ДЕРЕВЯНИЙ 4-Х КІМНАТНИЙ )","10.1264.60.005-Бази відпочинку","ОКРЕМО СТОЯЧИЙ","БАЗА ВІДПОЧИНКУ",Київська міська рада,22883141,"КОМУНАЛЬНЕ ПІДПРИЄМСТВО МІЖНАРОДНИЙ АЕРОПОРТ ""КИЇВ"" (ЖУЛЯНИ)","01131514",null,null,"10.1264.60.005","Бази відпочинку",кв. м.,"52.2",UA80000000000093317,"07342",Україна,м. Київ,null,null,null,"ВИШГОРОДСЬКИЙ","С.ВОРОПАЇВ, ВИШГОРОДСЬКОГО КИЇВСЬКА",xxx,null,null,Зареєстровано,"21767183",null,null,"НЕЗАДОВІЛЬНИЙ",null,2025-03-12
2358-43234,null,"БАЗА ВІДПОЧИНКУ ""ПИРНОВО"" (БУДИНОК ЩИТ.4-Х КІМНАТНИЙ З ВЕРАНДОЙ)","10.1264.60.005-Бази відпочинку","ОКРЕМО СТОЯЧИЙ","БАЗА ВІДПОЧИНКУ",Київська міська рада,22883141,"КОМУНАЛЬНЕ ПІДПРИЄМСТВО МІЖНАРОДНИЙ АЕРОПОРТ ""КИЇВ"" (ЖУЛЯНИ)","01131514",null,null,"10.1264.60.005","Бази відпочинку",кв. м.,"80.4",UA80000000000093317,"07342",Україна,м. Київ,null,null,null,"ВИШГОРОДСЬКИЙ","С.ВОРОПАЇВ, ВИШГОРОДСЬКОГО КИЇВСЬКА",xxx,null,null,Зареєстровано,"21767183",null,null,"НЕЗАДОВІЛЬНИЙ",null,2025-03-30
2359-43235,null,"БАЗА ВІДПОЧИНКУ ""ПИРНОВО"" (БУДІВЛЯ ЛІТНЯ 4-Х КІМНАТНА З ВЕРАНДОЮ)","10.1264.60.005-Бази відпочинку","ОКРЕМО СТОЯЧИЙ","БАЗА ВІДПОЧИНКУ",Київська міська рада,22883141,"КОМУНАЛЬНЕ ПІДПРИЄМСТВО МІЖНАРОДНИЙ АЕРОПОРТ ""КИЇВ"" (ЖУЛЯНИ)","01131514",null,null,"10.1264.60.005","Бази відпочинку",кв. м.,"80.3",UA80000000000093317,"07342",Україна,м. Київ,null,null,null,"ВИШГОРОДСЬКИЙ","С.ВОРОПАЇВ, ВИШГОРОДСЬКОГО КИЇВСЬКА",xxx,null,null,Зареєстровано,"21767183",null,null,"НЕЗАДОВІЛЬНИЙ",null,2025-03-30
2360-43236,null,"БАЗА ВІДПОЧИНКУ ""ПИРНОВО"" (БУДИНОК ЛІТНІЙ ДЕРЕВЯНИЙ 4-Х КІМН.ГАНКОМ)","10.1264.60.005-Бази відпочинку","ОКРЕМО СТОЯЧИЙ","БАЗА ВІДПОЧИНКУ",Київська міська рада,22883141,"КОМУНАЛЬНЕ ПІДПРИЄМСТВО МІЖНАРОДНИЙ АЕРОПОРТ ""КИЇВ"" (ЖУЛЯНИ)","01131514",null,null,"10.1264.60.005","Бази відпочинку",кв. м.,"52.6",UA80000000000093317,"07342",Україна,м. Київ,null,null,null,"ВИШГОРОДСЬКИЙ","С.ВОРОПАЇВ, ВИШГОРОДСЬКОГО КИЇВСЬКА",xxx,null,null,Зареєстровано,"21767183",null,null,"НЕЗАДОВІЛЬНИЙ",null,2025-03-12
2361-43237,null,"БАЗА ВІДПОЧИНКУ ""ПИРНОВО"" (БУДИНОК ЛІТНІЙ ДЕРЕВЯНИЙ 4-Х КІМН.ГАНКОМ)","10.1264.60.005-Бази відпочинку","ОКРЕМО СТОЯЧИЙ","БАЗА ВІДПОЧИНКУ",Київська міська рада,22883141,"КОМУНАЛЬНЕ ПІДПРИЄМСТВО МІЖНАРОДНИЙ АЕРОПОРТ ""КИЇВ"" (ЖУЛЯНИ)","01131514",null,null,"10.1264.60.005","Бази відпочинку",кв. м.,"52.3",UA80000000000093317,"07342",Україна,м. Київ,null,null,null,"ВИШГОРОДСЬКИЙ","С.ВОРОПАЇВ, ВИШГОРОДСЬКОГО КИЇВСЬКА",xxx,null,null,Зареєстровано,"21767183",null,null,"НЕЗАДОВІЛЬНИЙ",null,2025-03-12
2362-43238,null,"БАЗА ВІДПОЧИНКУ ""ПИРНОВО"" (БУДИНОК ЛІТНІЙ БЕТОН. 4-Х КІМ. З БАЛКОНОМ)","10.1264.60.005-Бази відпочинку","ОКРЕМО СТОЯЧИЙ","БАЗА ВІДПОЧИНКУ",Київська міська рада,22883141,"КОМУНАЛЬНЕ ПІДПРИЄМСТВО МІЖНАРОДНИЙ АЕРОПОРТ ""КИЇВ"" (ЖУЛЯНИ)","01131514",null,null,"10.1264.60.005","Бази відпочинку",кв. м.,"69.8",UA80000000000093317,"07342",Україна,м. Київ,null,null,null,"ВИШГОРОДСЬКИЙ","С.ВОРОПАЇВ, ВИШГОРОДСЬКОГО КИЇВСЬКА",xxx,null,null,Зареєстровано,"21767183",null,null,"НЕЗАДОВІЛЬНИЙ",null,2025-03-12
2363-43239,null,"БАЗА ВІДПОЧИНКУ ""ПИРНОВО"" (БУДИНОК ЛІТНІЙ БЕТОН. 4-Х КІМ. З БАЛКОНОМ)","10.1264.60.005-Бази відпочинку","ОКРЕМО СТОЯЧИЙ","БАЗА ВІДПОЧИНКУ",Київська міська рада,22883141,"КОМУНАЛЬНЕ ПІДПРИЄМСТВО МІЖНАРОДНИЙ АЕРОПОРТ ""КИЇВ"" (ЖУЛЯНИ)","01131514",null,null,"10.1264.60.005","Бази відпочинку",кв. м.,"69.4",UA80000000000093317,"07342",Україна,м. Київ,null,null,null,"ВИШГОРОДСЬКИЙ","С.ВОРОПАЇВ, ВИШГОРОДСЬКОГО КИЇВСЬКА",xxx,null,null,Зареєстровано,"21767183",null,null,"НЕЗАДОВІЛЬНИЙ",null,2025-03-12
2364-43240,null,"БАЗА ВІДПОЧИНКУ ""ПИРНОВО"" (БУДИНОК ЛІТНІЙ ДЕРЕВЯНИЙ 4-Х КІМН. З ГАНКОМ)","10.1264.60.005-Бази відпочинку","ОКРЕМО СТОЯЧИЙ","БАЗА ВІДПОЧИНКУ",Київська міська рада,22883141,"КОМУНАЛЬНЕ ПІДПРИЄМСТВО МІЖНАРОДНИЙ АЕРОПОРТ ""КИЇВ"" (ЖУЛЯНИ)","01131514",null,null,"10.1264.60.005","Бази відпочинку",кв. м.,"62.2",UA80000000000093317,"07342",Україна,м. Київ,null,null,null,"ВИШГОРОДСЬКИЙ","С.ВОРОПАЇВ, ВИШГОРОДСЬКОГО КИЇВСЬКА",xxx,null,null,Зареєстровано,"21767183",null,null,"НЕЗАДОВІЛЬНИЙ",null,2025-03-12
2365-43241,null,"БАЗА ВІДПОЧИНКУ ""ПИРНОВО"" (БУДИНОК ЛІТНІЙ ДЕРЕВЯНИЙ 4-Х КІМН. З ГАНКОМ)","10.1264.60.005-Бази відпочинку","ОКРЕМО СТОЯЧИЙ","БАЗА ВІДПОЧИНКУ",Київська міська рада,22883141,"КОМУНАЛЬНЕ ПІДПРИЄМСТВО МІЖНАРОДНИЙ АЕРОПОРТ ""КИЇВ"" (ЖУЛЯНИ)","01131514",null,null,"10.1264.60.005","Бази відпочинку",кв. м.,"52.3",UA80000000000093317,"07342",Україна,м. Київ,null,null,null,"ВИШГОРОДСЬКИЙ","С.ВОРОПАЇВ, ВИШГОРОДСЬКОГО КИЇВСЬКА",xxx,null,null,Зареєстровано,"21767183",null,null,"НЕЗАДОВІЛЬНИЙ",null,2025-03-12
2366-43242,null,"БАЗА ВІДПОЧИНКУ ""ПИРНОВО"" (БУДИНОК БАРАЧНОГО ТИПУ 18 КІМН.)","10.1264.60.005-Бази відпочинку","ОКРЕМО СТОЯЧИЙ","БАЗА ВІДПОЧИНКУ",Київська міська рада,22883141,"КОМУНАЛЬНЕ ПІДПРИЄМСТВО МІЖНАРОДНИЙ АЕРОПОРТ ""КИЇВ"" (ЖУЛЯНИ)","01131514",null,null,"10.1264.60.005","Бази відпочинку",кв. м.,"185.3",UA80000000000093317,"07342",Україна,м. Київ,null,null,null,"ВИШГОРОДСЬКИЙ","С.ВОРОПАЇВ, ВИШГОРОДСЬКОГО КИЇВСЬКА",xxx,null,null,Зареєстровано,"21767183",null,null,"НЕЗАДОВІЛЬНИЙ",null,2025-03-12
2367-43243,null,"БАЗА ВІДПОЧИНКУ ""ПИРНОВО"" (БУДИНОК ЩИТОВИЙ 4-Х КІМ.З ГАНК.)","10.1264.60.005-Бази відпочинку","ОКРЕМО СТОЯЧИЙ","БАЗА ВІДПОЧИНКУ",Київська міська рада,22883141,"КОМУНАЛЬНЕ ПІДПРИЄМСТВО МІЖНАРОДНИЙ АЕРОПОРТ ""КИЇВ"" (ЖУЛЯНИ)","01131514",null,null,"10.1264.60.005","Бази відпочинку",кв. м.,"80.3",UA80000000000093317,"07342",Україна,м. Київ,null,null,null,"ВИШГОРОДСЬКИЙ","С.ВОРОПАЇВ, ВИШГОРОДСЬКОГО КИЇВСЬКА",xxx,null,null,Зареєстровано,"21767183",null,null,"НЕЗАДОВІЛЬНИЙ",null,2025-03-30
2368-43244,null,"БАЗА ВІДПОЧИНКУ ""ПИРНОВО"" (ЇДАЛЬНЯ)","10.1264.60.005-Бази відпочинку","ОКРЕМО СТОЯЧИЙ","БАЗА ВІДПОЧИНКУ",Київська міська рада,22883141,"КОМУНАЛЬНЕ ПІДПРИЄМСТВО МІЖНАРОДНИЙ АЕРОПОРТ ""КИЇВ"" (ЖУЛЯНИ)","01131514",null,null,"10.1264.60.005","Бази відпочинку",кв. м.,"282.4",UA80000000000093317,"07342",Україна,м. Київ,null,null,null,"ВИШГОРОДСЬКИЙ","С.ВОРОПАЇВ, ВИШГОРОДСЬКОГО КИЇВСЬКА",xxx,null,null,Зареєстровано,"21767183",null,null,"НЕЗАДОВІЛЬНИЙ",null,2025-03-12
2369-53923,null,"нежитлові приміщення в житловому будинку","10.6000.01-Приміщення в житлових будинках та спорудах","ОКРЕМО СТОЯЧИЙ","ЖИЛИЙ БУДИНОК",Київська міська рада,22883141,"КОМУНАЛЬНЕ ПІДПРИЄМСТВО ""КЕРУЮЧА КОМПАНІЯ З ОБСЛУГОВУВАННЯ ЖИТЛОВОГО ФОНДУ ДНІПРОВСЬКОГО РАЙОНУ М.КИЄВА""","39606435",null,null,"10.6000.01","Приміщення в житлових будинках та спорудах",кв. м.,"3712.2",UA80000000000093317,"02090",Україна,м. Київ,null,null,null,"ДНІПРОВСЬКИЙ","ХАРКІВСЬКЕ ШОСЕ",xxx,null,null,Зареєстровано,"1856080480000",null,null,"ЗАДОВІЛЬНИЙ",null,2025-03-27
2393-49030,null,"АДМІНІСТРАТИВНЕ","10.6000.01-Приміщення в житлових будинках та спорудах","ПРИМІЩЕННЯ В Ж/Б","АДМІНІСТРАТИВНЕ",Київська міська рада,22883141,"КОМУНАЛЬНЕ ПІДПРИЄМСТВО ""КЕРУЮЧА КОМПАНІЯ З ОБСЛУГОВУВАННЯ ЖИТЛОВОГО ФОНДУ ГОЛОСІЇВСЬКОГО РАЙОНУ М.КИЄВА""","32375554",null,null,"10.6000.01","Приміщення в житлових будинках та спорудах",кв. м.,"1350.26",UA80000000000093317,"01004",Україна,м. Київ,null,null,null,"ГОЛОСІЇВСЬКИЙ","АНТОНОВИЧА (ГОРЬКОГО)",xxx,null,null,Зареєстровано,"2197824080000",null,null,"ЗАДОВІЛЬНИЙ",null,2025-04-14
2396-49775,null,"АДМІНІСТРАТИВНЕ","10.6000.01.001-Приміщення основні","ПРИМІЩЕННЯ В Ж/Б","АДМІНІСТРАТИВНЕ",Київська міська рада,22883141,"КОМУНАЛЬНЕ ПІДПРИЄМСТВО ""КЕРУЮЧА КОМПАНІЯ З ОБСЛУГОВУВАННЯ ЖИТЛОВОГО ФОНДУ ГОЛОСІЇВСЬКОГО РАЙОНУ М.КИЄВА""","32375554",null,null,"10.6000.01.001","Приміщення основні",кв. м.,"1703.48",UA80000000000093317,"03127",Україна,м. Київ,null,null,null,"ГОЛОСІЇВСЬКИЙ","КОЛОМИЙСЬКИЙ ПРОВ.",xxx,null,null,Зареєстровано,"2200033980000",null,null,"ЗАДОВІЛЬНИЙ",null,2025-04-15
2415-14892,null,null,"10.6000.01-Приміщення в житлових будинках та спорудах","ПРИМІЩЕННЯ В Н/Б",null,Київська міська рада,22883141,"КОМУНАЛЬНЕ ПІДПРИЄМСТВО ""КЕРУЮЧА КОМПАНІЯ З ОБСЛУГОВУВАННЯ ЖИТЛОВОГО ФОНДУ ШЕВЧЕНКІВСЬКОГО РАЙОНУ М.КИЄВА""","34966254",null,null,"10.6000.01","Приміщення в житлових будинках та спорудах",кв. м.,"468.2",UA80000000000093317,null,Україна,м. Київ,null,null,null,"ШЕВЧЕНКІВСЬКИЙ","ДМИТРІВСЬКА",xxx,null,null,Зареєстровано,"2773988380000",null,null,"ЗАДОВІЛЬНИЙ",null,2025-02-13
2424-13565,null,"ГУ поліції, вільне","10.12-Будівлі (приміщення) нежитлові","ПРИМІЩЕННЯ В Ж/Б","МІЛІЦІЯ",Київська міська рада,22883141,"КОМУНАЛЬНЕ ПІДПРИЄМСТВО ""КЕРУЮЧА КОМПАНІЯ З ОБСЛУГОВУВАННЯ ЖИТЛОВОГО ФОНДУ ШЕВЧЕНКІВСЬКОГО РАЙОНУ М.КИЄВА""","34966254",null,null,"10.12","Будівлі (приміщення) нежитлові",кв. м.,"10459.0",UA80000000000093317,null,Україна,м. Київ,null,null,null,"ШЕВЧЕНКІВСЬКИЙ","БЕРЕСТЕЙСЬКИЙ ПРОСПЕКТ (ПРОСПЕКТ ПЕРЕМОГИ)",xxx,null,null,Зареєстровано,"0152800668000",null,null,"ЗАДОВІЛЬНИЙ",null,2024-10-28
2428-15403,null,"об’єкт цивільної оборони (найпростіше укриття)",null,"ПРИМІЩЕННЯ В Ж/Б",null,Київська міська рада,22883141,"КОМУНАЛЬНЕ ПІДПРИЄМСТВО ""КЕРУЮЧА КОМПАНІЯ З ОБСЛУГОВУВАННЯ ЖИТЛОВОГО ФОНДУ ШЕВЧЕНКІВСЬКОГО РАЙОНУ М.КИЄВА""","34966254",null,null,null,null,кв. м.,"3936.0",UA80000000000093317,null,Україна,м. Київ,null,null,null,"ШЕВЧЕНКІВСЬКИЙ","РУЖИНСЬКА (ПІКА ВІЛЬГЕЛЬМА)",xxx,null,null,Зареєстровано,"2509505080000",null,null,"ЗАДОВІЛЬНИЙ",null,2024-11-12
2474-51111,null,"ВІЛЬНЕ","10.12-Будівлі (приміщення) нежитлові","ПРИМІЩЕННЯ В Ж/Б","ІНШЕ",Київська міська рада,22883141,"КОМУНАЛЬНЕ ПІДПРИЄМСТВО ""КЕРУЮЧА КОМПАНІЯ З ОБСЛУГОВУВАННЯ ЖИТЛОВОГО ФОНДУ ПЕЧЕРСЬКОГО РАЙОНУ М.КИЄВА""","35692211",null,null,"10.12","Будівлі (приміщення) нежитлові",кв. м.,"2084.3",UA80000000000093317,"01042",Україна,м. Київ,null,null,null,"ПЕЧЕРСЬКИЙ","ДЖОНА МАККЕЙНА (КУДРІ ІВАНА)",xxx,null,null,Зареєстровано,"1512777780000",null,null,"ЗАДОВІЛЬНИЙ",null,2025-02-25
2478-49602,null,"вільне","10.12-Будівлі (приміщення) нежитлові","ПРИМІЩЕННЯ В Ж/Б",null,Київська міська рада,22883141,"КОМУНАЛЬНЕ ПІДПРИЄМСТВО ""КЕРУЮЧА КОМПАНІЯ З ОБСЛУГОВУВАННЯ ЖИТЛОВОГО ФОНДУ ПОДІЛЬСЬКОГО РАЙОНУ М.КИЄВА""","39609111",null,null,"10.12","Будівлі (приміщення) нежитлові",кв. м.,"15.8",UA80000000000093317,null,Україна,м. Київ,null,null,null,"ПОДІЛЬСЬКИЙ","ЄВРОПЕЙСЬКОГО СОЮЗУ ПРОСПЕКТ (ПРАВДИ ПРОСПЕКТ)",xxx,null,null,Зареєстровано,"1556251080000",null,null,"ЗАДОВІЛЬНИЙ",null,2025-01-12
2554-57568,null,null,"10.1220.10.023-Будівлі адміністративні","ПРИМІЩЕННЯ В Н/Б","ВИРОБНИЧЕ",Київська міська рада,22883141,"КОМУНАЛЬНЕ ПІДПРИЄМСТВО ""КИЇВЖИТЛОСПЕЦЕКСПЛУАТАЦІЯ""","03366500",null,null,"10.1220.10.023","Будівлі адміністративні",кв. м.,"364.4",UA80000000000093317,"02218",Україна,м. Київ,null,null,null,"ДНІПРОВСЬКИЙ","РОМАНА ШУХЕВИЧА ПРОСП. (ВАТУТІНА ГЕНЕРАЛА ПРОСП.)",xxx,null,null,Невідомо,null,null,null,"ЗАДОВІЛЬНИЙ",null,2025-04-03
2557-46054,null,"Державний ощадний банк України, УДППЗ ""Укрпошта, кафе, сауна, Громадська организація","10.1220.10.023-Будівлі адміністративні","ПРИМІЩЕННЯ В Н/Б","ПОБУТОВІ ПОСЛУГИ",Київська міська рада,22883141,"КОМУНАЛЬНЕ ПІДПРИЄМСТВО ""КИЇВЖИТЛОСПЕЦЕКСПЛУАТАЦІЯ""","03366500",null,null,"10.1220.10.023","Будівлі адміністративні",кв. м.,"1056.27",UA80000000000093317,"02091",Україна,м. Київ,null,null,null,"ДАРНИЦЬКИЙ","ВЕРБИЦЬКОГО АРХІТЕКТОРА",xxx,null,null,Зареєстровано,"2051147080000",null,null,"ЗАДОВІЛЬНИЙ",null,2025-04-03
2560-46032,null,"АДМІНІСТРАТИВНЕ","10.1220.10.023-Будівлі адміністративні","ПРИМІЩЕННЯ В Н/Б","АДМІНІСТРАТИВНЕ",Київська міська рада,22883141,"КОМУНАЛЬНЕ ПІДПРИЄМСТВО ""КИЇВЖИТЛОСПЕЦЕКСПЛУАТАЦІЯ""","03366500",null,null,"10.1220.10.023","Будівлі адміністративні",кв. м.,"1485.6",UA80000000000093317,"04208",Україна,м. Київ,null,null,null,"ПОДІЛЬСЬКИЙ"," ГЕОРГІЯ ГОНГАДЗЕ (РАДЯНСЬКОЇ УКРАЇНИ) ПРОСПЕКТ",xxx,null,null,Невідомо,null,null,null,"ЗАДОВІЛЬНИЙ",null,2025-04-03
2586-45932,null,"СКЛАД","10.1-БУДІВЛІ","ПРИБУДОВАНЕ ПРИМІЩ. ДО Н/Б","СКЛАД",Київська міська рада,22883141,"КОМУНАЛЬНЕ ПІДПРИЄМСТВО ""КИЇВЖИТЛОСПЕЦЕКСПЛУАТАЦІЯ""","03366500",null,null,"10.1","БУДІВЛІ",кв. м.,"211.2",UA80000000000093317,"04215",Україна,м. Київ,null,null,null,"ПОДІЛЬСЬКИЙ","СВОБОДИ ПРОСПЕКТ",xxx,null,null,Невідомо,null,null,null,"ЗАДОВІЛЬНИЙ",null,2025-04-03
2599-14663,null,"ГАРАЖ","10.1220.10.023-Будівлі адміністративні","ОКРЕМО СТОЯЧИЙ","ГАРАЖ",Київська міська рада,22883141,"КОМУНАЛЬНЕ ПІДПРИЄМСТВО ""КИЇВЖИТЛОСПЕЦЕКСПЛУАТАЦІЯ""","03366500",null,null,"10.1220.10.023","Будівлі адміністративні",кв. м.,"145.9",UA80000000000093317,"02096",Україна,м. Київ,null,null,null,"ДАРНИЦЬКИЙ","ЯЛТИНСЬКА",xxx,null,null,Зареєстровано,"1263277980000",null,null,"ЗАДОВІЛЬНИЙ",null,2025-04-03
2601-45909,null,"АДМІНІСТРАТИВНЕ","10.1220.10.023-Будівлі адміністративні","ОКРЕМО СТОЯЧИЙ","АДМІНІСТРАТИВНЕ",Київська міська рада,22883141,"КОМУНАЛЬНЕ ПІДПРИЄМСТВО ""КИЇВЖИТЛОСПЕЦЕКСПЛУАТАЦІЯ""","03366500",null,null,"10.1220.10.023","Будівлі адміністративні",кв. м.,"2773.7",UA80000000000093317,"03148",Україна,м. Київ,null,null,null,"СВЯТОШИНСЬКИЙ","ПОКОТИЛА ВОЛОДИМИРА (КАРТВЕЛІШВІЛІ)",xxx,null,null,Зареєстровано,"2013952180000",null,null,"ЗАДОВІЛЬНИЙ",null,2025-04-03
2643-56658,null,"Центральний тепловий пункт","10.2222.22-Центральні теплові пункти (ЦТП)","ОКРЕМО СТОЯЧИЙ","ТЕПЛОВИЙ ПУНКТ",Київська міська рада,22883141,"КОМУНАЛЬНЕ ПІДПРИЄМСТВО ВИКОНАВЧОГО ОРГАНУ КИЇВРАДИ (КИЇВСЬКОЇ МІСЬКОЇ ДЕРЖАВНОЇ АДМІНІСТРАЦІЇ) КИЇВТЕПЛОЕНЕРГО","40538421",null,null,"10.2222.22","Центральні теплові пункти (ЦТП)",кв. м.,"692.0",UA80000000000093317,"02222",Україна,м. Київ,null,null,null,"ДЕСНЯНСЬКИЙ","РОНАЛЬДА РЕЙГАНА (ДРАЙЗЕРА ТЕОДОРА)",xxx,null,null,Зареєстровано,"2609550980000",null,null,"ЗАДОВІЛЬНИЙ",null,2025-03-21
2644-57610,null,"Будівля центрального теплового пункту","10.2222.22-Центральні теплові пункти (ЦТП)","ОКРЕМО СТОЯЧИЙ","ТЕПЛОВИЙ ПУНКТ",Київська міська рада,22883141,"КОМУНАЛЬНЕ ПІДПРИЄМСТВО ВИКОНАВЧОГО ОРГАНУ КИЇВРАДИ (КИЇВСЬКОЇ МІСЬКОЇ ДЕРЖАВНОЇ АДМІНІСТРАЦІЇ) КИЇВТЕПЛОЕНЕРГО","40538421",null,null,"10.2222.22","Центральні теплові пункти (ЦТП)",кв. м.,"216.6",UA80000000000093317,"02166",Україна,м. Київ,null,null,null,"ДЕСНЯНСЬКИЙ","КУБАНСЬКОЇ УКРАЇНИ (ЖУКОВА МАРШАЛА)",xxx,null,null,Зареєстровано,"327769380000",null,null,"ЗАДОВІЛЬНИЙ",null,2025-03-04
2645-56748,null,"Центральний тепловий пункт","10.2222.22-Центральні теплові пункти (ЦТП)","ОКРЕМО СТОЯЧИЙ","ТЕПЛОВИЙ ПУНКТ",Київська міська рада,22883141,"КОМУНАЛЬНЕ ПІДПРИЄМСТВО ВИКОНАВЧОГО ОРГАНУ КИЇВРАДИ (КИЇВСЬКОЇ МІСЬКОЇ ДЕРЖАВНОЇ АДМІНІСТРАЦІЇ) КИЇВТЕПЛОЕНЕРГО","40538421",null,null,"10.2222.22","Центральні теплові пункти (ЦТП)",кв. м.,"308.8",UA80000000000093317,"02222",Україна,м. Київ,null,null,null,"ДЕСНЯНСЬКИЙ","ЧЕРВОНОЇ КАЛИНИ (ВОЛОДИМИРА МАЯКОВСЬКОГО)",xxx,null,null,Зареєстровано,"917370080000",null,null,"ЗАДОВІЛЬНИЙ",null,2025-03-04
2648-57611,null,"Будівля центрального теплового пункту","10.2222.22-Центральні теплові пункти (ЦТП)","ОКРЕМО СТОЯЧИЙ","ТЕПЛОВИЙ ПУНКТ",Київська міська рада,22883141,"КОМУНАЛЬНЕ ПІДПРИЄМСТВО ВИКОНАВЧОГО ОРГАНУ КИЇВРАДИ (КИЇВСЬКОЇ МІСЬКОЇ ДЕРЖАВНОЇ АДМІНІСТРАЦІЇ) КИЇВТЕПЛОЕНЕРГО","40538421",null,null,"10.2222.22","Центральні теплові пункти (ЦТП)",кв. м.,"211.7",UA80000000000093317,"03162",Україна,м. Київ,null,null,null,"СВЯТОШИНСЬКИЙ","КУРБАСА ЛЕСЯ ПРОСП.",xxx,null,null,Зареєстровано,"1888773980000",null,null,"ЗАДОВІЛЬНИЙ",null,2025-03-22
2652-48950,null,"АДМІНІСТРАТИВНЕ","10.6000.02.001-Багатофункціональні нежитлові приміщення","ПРИМІЩЕННЯ В Ж/Б","АДМІНІСТРАТИВНЕ",Київська міська рада,22883141,"КОМУНАЛЬНЕ ПІДПРИЄМСТВО ""КЕРУЮЧА КОМПАНІЯ З ОБСЛУГОВУВАННЯ ЖИТЛОВОГО ФОНДУ СВЯТОШИНСЬКОГО РАЙОНУ М. КИЄВА""","39607507",null,null,"10.6000.02.001","Багатофункціональні нежитлові приміщення",кв. м.,"12111.0",UA80000000000093317,"03170",Україна,м. Київ,null,null,null,"СВЯТОШИНСЬКИЙ","ЖУЛЯ ВЕРНА (РОЛЛАНА РОМЕНА)",xxx,null,null,Зареєстровано,"1856599580000",null,null,"ЗАДОВІЛЬНИЙ",null,2025-04-01
2656-57613,null,"Будівля центрального теплового пункту","10.2222.22-Центральні теплові пункти (ЦТП)","ОКРЕМО СТОЯЧИЙ","ТЕПЛОВИЙ ПУНКТ",Київська міська рада,22883141,"КОМУНАЛЬНЕ ПІДПРИЄМСТВО ВИКОНАВЧОГО ОРГАНУ КИЇВРАДИ (КИЇВСЬКОЇ МІСЬКОЇ ДЕРЖАВНОЇ АДМІНІСТРАЦІЇ) КИЇВТЕПЛОЕНЕРГО","40538421",null,null,"10.2222.22","Центральні теплові пункти (ЦТП)",кв. м.,"324.2",UA80000000000093317,null,Україна,м. Київ,null,null,null,"ГОЛОСІЇВСЬКИЙ","ГОЛОСІЇВСЬКИЙ ПРОСПЕКТ(40-РІЧЧЯ ЖОВТНЯ)",xxx,null,null,Зареєстровано,"1874393280000",null,null,"ЗАДОВІЛЬНИЙ",null,2025-03-22
2658-56393,null,"Будівля центрального теплового пункту","10.2222.22-Центральні теплові пункти (ЦТП)","ОКРЕМО СТОЯЧИЙ","ТЕПЛОВИЙ ПУНКТ",Київська міська рада,22883141,"КОМУНАЛЬНЕ ПІДПРИЄМСТВО ВИКОНАВЧОГО ОРГАНУ КИЇВРАДИ (КИЇВСЬКОЇ МІСЬКОЇ ДЕРЖАВНОЇ АДМІНІСТРАЦІЇ) КИЇВТЕПЛОЕНЕРГО","40538421",null,null,"10.2222.22","Центральні теплові пункти (ЦТП)",кв. м.,"307.4",UA80000000000093317,"02222",Україна,м. Київ,null,null,null,"ДЕСНЯНСЬКИЙ","БЕРЕТТІ ВІКЕНТІЯ",xxx,null,null,Зареєстровано,"311152280000",null,null,"ЗАДОВІЛЬНИЙ",null,2025-03-03
2668-56687,null,"Будівля центрального теплового пункту","10.2222.22-Центральні теплові пункти (ЦТП)","ОКРЕМО СТОЯЧИЙ","ТЕПЛОВИЙ ПУНКТ",Київська міська рада,22883141,"КОМУНАЛЬНЕ ПІДПРИЄМСТВО ВИКОНАВЧОГО ОРГАНУ КИЇВРАДИ (КИЇВСЬКОЇ МІСЬКОЇ ДЕРЖАВНОЇ АДМІНІСТРАЦІЇ) КИЇВТЕПЛОЕНЕРГО","40538421",null,null,"10.2222.22","Центральні теплові пункти (ЦТП)",кв. м.,"206.2",UA80000000000093317,"03194",Україна,м. Київ,null,null,null,"СВЯТОШИНСЬКИЙ","ЛИТВИНЕНКО-ВОЛЬГЕМУТ",xxx,null,null,Зареєстровано,"901984380000",null,null,"ЗАДОВІЛЬНИЙ",null,2025-03-18
2670-56396,null,"Будівля центрального теплового пункту","10.1300.00.001-Будівлі нежитлові окремо розташовані","ОКРЕМО СТОЯЧИЙ","ТЕПЛОВИЙ ПУНКТ",Київська міська рада,22883141,"КОМУНАЛЬНЕ ПІДПРИЄМСТВО ВИКОНАВЧОГО ОРГАНУ КИЇВРАДИ (КИЇВСЬКОЇ МІСЬКОЇ ДЕРЖАВНОЇ АДМІНІСТРАЦІЇ) КИЇВТЕПЛОЕНЕРГО","40538421",null,null,"10.1300.00.001","Будівлі нежитлові окремо розташовані",кв. м.,"215.6",UA80000000000093317,"02152",Україна,м. Київ,null,null,null,"ДНІПРОВСЬКИЙ","БЕРЕЗНЯКІВСЬКА",xxx,null,null,Зареєстровано,"311365480000",null,null,"ЗАДОВІЛЬНИЙ",null,2025-03-03
2676-55306,null,"Будівля центрального теплового пункту","10.2222.22-Центральні теплові пункти (ЦТП)","ОКРЕМО СТОЯЧИЙ","ТЕПЛОВИЙ ПУНКТ",Київська міська рада,22883141,"КОМУНАЛЬНЕ ПІДПРИЄМСТВО ВИКОНАВЧОГО ОРГАНУ КИЇВРАДИ (КИЇВСЬКОЇ МІСЬКОЇ ДЕРЖАВНОЇ АДМІНІСТРАЦІЇ) КИЇВТЕПЛОЕНЕРГО","40538421",null,null,"10.2222.22","Центральні теплові пункти (ЦТП)",кв. м.,"267.7",UA80000000000093317,"02099",Україна,м. Київ,null,null,null,"ДАРНИЦЬКИЙ","ВОЛГО-ДОНСЬКА",xxx,null,null,Зареєстровано,"2627822980000",null,null,"ЗАДОВІЛЬНИЙ",null,2025-02-27
2684-57622,null,"Будівля теплового пункту (групи приміщень №1,2,3)","10.2222.20.003-Теплові пункти (ТП)","ОКРЕМО СТОЯЧИЙ","ТЕПЛОВИЙ ПУНКТ",Київська міська рада,22883141,"КОМУНАЛЬНЕ ПІДПРИЄМСТВО ВИКОНАВЧОГО ОРГАНУ КИЇВРАДИ (КИЇВСЬКОЇ МІСЬКОЇ ДЕРЖАВНОЇ АДМІНІСТРАЦІЇ) КИЇВТЕПЛОЕНЕРГО","40538421",null,null,"10.2222.20.003","Теплові пункти (ТП)",кв. м.,"195.4",UA80000000000093317,"03194",Україна,м. Київ,null,null,null,"СВЯТОШИНСЬКИЙ","БУЛЬВАР МИКОЛИ РУДЕНКА (БУЛЬВАР КОЛЬЦОВА  )",xxx,null,null,Зареєстровано,"1086242980000",null,null,"ЗАДОВІЛЬНИЙ",null,2025-02-26
2713-56380,null,"Центральний тепловий пункт","10.2222.22-Центральні теплові пункти (ЦТП)","ОКРЕМО СТОЯЧИЙ","ТЕПЛОВИЙ ПУНКТ",Київська міська рада,22883141,"КОМУНАЛЬНЕ ПІДПРИЄМСТВО ВИКОНАВЧОГО ОРГАНУ КИЇВРАДИ (КИЇВСЬКОЇ МІСЬКОЇ ДЕРЖАВНОЇ АДМІНІСТРАЦІЇ) КИЇВТЕПЛОЕНЕРГО","40538421",null,null,"10.2222.22","Центральні теплові пункти (ЦТП)",кв. м.,"453.5",UA80000000000093317,"02140",Україна,м. Київ,null,null,null,"ДАРНИЦЬКИЙ","БАЖАНА МИКОЛИ ПРОСП.",xxx,null,null,Зареєстровано,"2749287580000",null,null,"ЗАДОВІЛЬНИЙ",null,2025-03-04
2722-57624,null,"Будівля індивідуального теплового пункту","10.2222.20.003-Теплові пункти (ТП)","ОКРЕМО СТОЯЧИЙ","ТЕПЛОВИЙ ПУНКТ",Київська міська рада,22883141,"КОМУНАЛЬНЕ ПІДПРИЄМСТВО ВИКОНАВЧОГО ОРГАНУ КИЇВРАДИ (КИЇВСЬКОЇ МІСЬКОЇ ДЕРЖАВНОЇ АДМІНІСТРАЦІЇ) КИЇВТЕПЛОЕНЕРГО","40538421",null,null,"10.2222.20.003","Теплові пункти (ТП)",кв. м.,"151.8",UA80000000000093317,"03058",Україна,м. Київ,null,null,null,"СОЛОМ'ЯНСЬКИЙ","БОРЩАГІВСЬКА",xxx,null,null,Зареєстровано,"191110198000",null,null,"ЗАДОВІЛЬНИЙ",null,2025-03-21
2724-25653,null,"ЛІЦЕЙ N 43","10.1263.30.001-Будівлі шкіл загальноосвітніх","ОКРЕМО СТОЯЧИЙ","ЛІЦЕЙ",Київська міська рада,22883141,"УПРАВЛІННЯ ОСВІТИ СОЛОМ'ЯНСЬКОЇ РАЙОННОЇ В МІСТІ КИЄВІ ДЕРЖАВНОЇ АДМІНІСТРАЦІЇ","37485490",null,null,"10.1263.30.001","Будівлі шкіл загальноосвітніх",кв. м.,"9342.8",UA80000000000093317,null,Україна,м. Київ,null,null,null,"СОЛОМ'ЯНСЬКИЙ","ПРЕОБРАЖЕНСЬКА (КЛИМЕНКА ІВАНА)",xxx,null,null,Зареєстровано,"1621205480000",null,null,"ПОТРЕБУЄ РЕМОНТУ",null,2025-04-01
2755-56297,null,"ПОЛІКЛІНІКА","10.1264.40.003-Будівлі поліклінік","ОКРЕМО СТОЯЧИЙ","ПОЛІКЛІНІКА",Київська міська рада,22883141,"КОМУНАЛЬНЕ НЕКОМЕРЦІЙНЕ ПІДПРИЄМСТВО ""КИЇВСЬКА СТОМАТОЛОГІЯ"" КИЇВСЬКОЇ МІСЬКОЇ РАДИ (КИЇВСЬКОЇ МІСЬКОЇ ДЕРЖАВНОЇ АДМІНІСТРАЦІЇ)","42376659",null,null,"10.1264.40.003","Будівлі поліклінік",кв. м.,"7523.18",UA80000000000093317,null,Україна,м. Київ,null,null,null,"ДАРНИЦЬКИЙ","ВЕРБИЦЬКОГО АРХІТЕКТОРА",xxx,null,null,Зареєстровано,"1303287580000",null,null,"ЗАДОВІЛЬНИЙ",null,2025-06-05
2759-56299,null,"СТОМАТОЛОГІЧНА ПОЛІКЛІНІКА","10.1264.40.003-Будівлі поліклінік","ОКРЕМО СТОЯЧИЙ","СТОМАТОЛОГІЧНА ПОЛІКЛІНІКА",Київська міська рада,22883141,"КОМУНАЛЬНЕ НЕКОМЕРЦІЙНЕ ПІДПРИЄМСТВО ""КИЇВСЬКА СТОМАТОЛОГІЯ"" КИЇВСЬКОЇ МІСЬКОЇ РАДИ (КИЇВСЬКОЇ МІСЬКОЇ ДЕРЖАВНОЇ АДМІНІСТРАЦІЇ)","42376659",null,null,"10.1264.40.003","Будівлі поліклінік",кв. м.,"10751.8",UA80000000000093317,null,Україна,м. Київ,null,null,null,"ШЕВЧЕНКІВСЬКИЙ","ПИМОНЕНКА МИКОЛИ",xxx,null,null,Зареєстровано,"1905031780000",null,null,"ЗАДОВІЛЬНИЙ",null,2025-06-05
2760-56299,null,"СТОМАТОЛОГІЧНА ПОЛІКЛІНІКА","10.1264.40.003-Будівлі поліклінік","ОКРЕМО СТОЯЧИЙ","СТОМАТОЛОГІЧНА ПОЛІКЛІНІКА",Київська міська рада,22883141,"КОМУНАЛЬНЕ НЕКОМЕРЦІЙНЕ ПІДПРИЄМСТВО ""КИЇВСЬКА СТОМАТОЛОГІЯ"" КИЇВСЬКОЇ МІСЬКОЇ РАДИ (КИЇВСЬКОЇ МІСЬКОЇ ДЕРЖАВНОЇ АДМІНІСТРАЦІЇ)","42376659",null,null,"10.1264.40.003","Будівлі поліклінік",кв. м.,"10751.8",UA80000000000093317,null,Україна,м. Київ,null,null,null,"ШЕВЧЕНКІВСЬКИЙ","ПИМОНЕНКА МИКОЛИ",xxx,null,null,Зареєстровано,"1905031780000",null,null,"ЗАДОВІЛЬНИЙ",null,2025-06-05
2783-40562,null,"НЕЖИТЛОВИЙ ФОНД (ОРЕНДА, ВЛАСНІ ПОТРЕБИ, ВІЛЬНІ)","10.1300.00.001-Будівлі нежитлові окремо розташовані","ОКРЕМО СТОЯЧИЙ","СМІТТЄЗБІРНИК",Київська міська рада,22883141,"КОМУНАЛЬНЕ ПІДПРИЄМСТВО КЕРУЮЧА КОМПАНІЯ З ОБСЛУГОВУВАННЯ ЖИТЛОВОГО ФОНДУ СОЛОМ'ЯНСЬКОГО РАЙОНУ М. КИЄВА","35756919",null,null,"10.1300.00.001","Будівлі нежитлові окремо розташовані",кв. м.,"13.8",UA80000000000093317,"03151",Україна,м. Київ,null,null,null,"СОЛОМ'ЯНСЬКИЙ","УШИНСЬКОГО",xxx,null,null,Зареєстровано,"2582273380000",null,null,"ЗАДОВІЛЬНИЙ",null,2025-01-09
2800-55205,null,"ДИСПЕТЧЕРСЬКА СТАНЦІЯ","10.1220.10.023-Будівлі адміністративні","ОКРЕМО СТОЯЧИЙ","ДИСПЕТЧЕРСЬКИЙ ПУНКТ",Київська міська рада,22883141,"КОМУНАЛЬНЕ ПІДПРИЄМСТВО ""КИЇВПАСТРАНС""","31725604",null,null,"10.1220.10.023","Будівлі адміністративні",кв. м.,"323.0",UA80000000000093317,"04208",Україна,м. Київ,null,null,null,"ПОДІЛЬСЬКИЙ","СВІТЛИЦЬКОГО",xxx,null,null,Невідомо,null,null,null,"ЗАДОВІЛЬНИЙ",null,2025-06-10
2812-49768,null,"КІНОТЕАТР ""ФЛОРЕНЦІЯ""","10.1261.10.007-Будівлі кінотеатрів","ОКРЕМО СТОЯЧИЙ","КІНОТЕАТР",Київська міська рада,22883141,"КОМУНАЛЬНЕ ПІДПРИЄМСТВО ВИКОНАВЧОГО ОРГАНУ КИЇВРАДИ (КИЇВСЬКОЇ МІСЬКОЇ ДЕРЖАВНОЇ АДМІНІСТРАЦІЇ ) ""КИЇВКУЛЬТКЛАСТЕР""","35531906",null,null,"10.1261.10.007","Будівлі кінотеатрів",кв. м.,"4479.5",UA80000000000093317,"02225",Україна,м. Київ,null,null,null,"ДЕСНЯНСЬКИЙ","ЧЕРВОНОЇ КАЛИНИ (ВОЛОДИМИРА МАЯКОВСЬКОГО)",xxx,null,null,Невідомо,null,null,null,"ЗАДОВІЛЬНИЙ",null,2025-04-10
2813-49768,null,"КІНОТЕАТР ""ФЛОРЕНЦІЯ""","10.1261.10.007-Будівлі кінотеатрів","ОКРЕМО СТОЯЧИЙ","КІНОТЕАТР",Київська міська рада,22883141,"КОМУНАЛЬНЕ ПІДПРИЄМСТВО ВИКОНАВЧОГО ОРГАНУ КИЇВРАДИ (КИЇВСЬКОЇ МІСЬКОЇ ДЕРЖАВНОЇ АДМІНІСТРАЦІЇ ) ""КИЇВКУЛЬТКЛАСТЕР""","35531906",null,null,"10.1261.10.007","Будівлі кінотеатрів",кв. м.,"4479.5",UA80000000000093317,"02225",Україна,м. Київ,null,null,null,"ДЕСНЯНСЬКИЙ","ЧЕРВОНОЇ КАЛИНИ (ВОЛОДИМИРА МАЯКОВСЬКОГО)",xxx,null,null,Невідомо,null,null,null,"ЗАДОВІЛЬНИЙ",null,2025-04-10
2837-8261,null,"ТЕПЛИЦЯ","10.1263.30.001-Будівлі шкіл загальноосвітніх","ОКРЕМО СТОЯЧИЙ","ТЕПЛИЦЯ",Київська міська рада,22883141,"ШКОЛА I-III СТУПЕНІВ №218 ДЕСНЯНСЬКОГО РАЙОНУ МІСТА КИЄВА","01039524",null,null,"10.1263.30.001","Будівлі шкіл загальноосвітніх",кв. м.,"71.7",UA80000000000093317,"253156",Україна,м. Київ,null,null,null,"ДЕСНЯНСЬКИЙ","ОРЕСТА ЛЕВИЦЬКОГО (КУРЧАТОВА АКАДЕМІКА)",xxx,null,null,Невідомо,null,null,null,"ЗНЕСЕНИЙ, АЛЕ НЕ СПИСАНИЙ",null,2025-04-16
2841-41644,null,"ТЕПЛИЦЯ","10.1271.60.002-Теплиці","ОКРЕМО СТОЯЧИЙ","ТЕПЛИЦЯ",Київська міська рада,22883141,"ЛІЦЕЙ № 293 ДЕСНЯНСЬКОГО РАЙОНУ МІСТА КИЄВА","01489291",null,null,"10.1271.60.002","Теплиці",кв. м.,"202.7",UA80000000000093317,"02064",Україна,м. Київ,null,null,null,"ДЕСНЯНСЬКИЙ","МИЛОСЛАВСЬКА",xxx,null,null,Невідомо,null,null,null,"НЕЗАДОВІЛЬНИЙ",null,2025-04-04
2846-57635,null,null,"10.12-Будівлі (приміщення) нежитлові","ОКРЕМО СТОЯЧИЙ","ІНШЕ",Київська міська рада,22883141,"ШКОЛА І-ІІІ СТУПЕНІВ № 263 ІМЕНІ ЄВГЕНА КОНОВАЛЬЦЯ ДЕСНЯНСЬКОГО РАЙОНУ МІСТА КИЄВА","03599026",null,null,"10.12","Будівлі (приміщення) нежитлові",кв. м.,"100.93",UA80000000000093317,null,Україна,м. Київ,null,null,null,"ДЕСНЯНСЬКИЙ","СЕРЖА ЛИФАРЯ (САБУРОВА ОЛЕКСАНДРА)",xxx,null,null,Зареєстровано,"1478663980000",null,null,"ЗАДОВІЛЬНИЙ",null,2025-01-07
2853-41601,null,"САРАЙ-ОВОЧЕСХОВИЩЕ","10.1263.30.001-Будівлі шкіл загальноосвітніх","ОКРЕМО СТОЯЧИЙ","САРАЙ ЦЕГЛЯНИЙ",Київська міська рада,22883141,"ШКОЛА I-III СТУПЕНІВ №218 ДЕСНЯНСЬКОГО РАЙОНУ МІСТА КИЄВА","01039524",null,null,"10.1263.30.001","Будівлі шкіл загальноосвітніх",кв. м.,"31.9",UA80000000000093317,"02156",Україна,м. Київ,null,null,null,"ДЕСНЯНСЬКИЙ","ОРЕСТА ЛЕВИЦЬКОГО (КУРЧАТОВА АКАДЕМІКА)",xxx,null,null,Невідомо,null,null,null,"ЗАДОВІЛЬНИЙ",null,2025-04-16
2876-17224,null,"ПІДЗЕМНИЙ ПЕРЕХІД","10.2142.60.001-Підземний перехід","ПІДЗЕМНЕ","ПІДЗЕМНИЙ ПЕРЕХІД",Київська міська рада,22883141,"КОМУНАЛЬНЕ ПІДПРИЄМСТВО ""ШЛЯХОВО-ЕКСПЛУАТАЦІЙНЕ УПРАВЛІННЯ ПО РЕМОНТУ ТА УТРИМАННЮ АВТОМОБІЛЬНИХ ШЛЯХІВ ТА СПОРУД НА НИХ ШЕВЧЕНКІВСЬКОГО РАЙОНУ"" М.КИЄВА","31868786",null,null,"10.2142.60.001","Підземний перехід",кв. м.,"861.0",UA80000000000093317,null,Україна,м. Київ,null,null,null,"ШЕВЧЕНКІВСЬКИЙ","ПЛ. ГАЛИЦЬКА (ПЛ. ПЕРЕМОГИ)",xxx,null,null,Невідомо,null,null,null,"ЗАДОВІЛЬНИЙ",null,2025-01-20
2878-17294,null,"ПІДЗЕМНИЙ ПЕРЕХІД","10.2142.60.001-Підземний перехід","ПІДЗЕМНЕ","ПІДЗЕМНИЙ ПЕРЕХІД",Київська міська рада,22883141,"КОМУНАЛЬНЕ ПІДПРИЄМСТВО ""ШЛЯХОВО-ЕКСПЛУАТАЦІЙНЕ УПРАВЛІННЯ ПО РЕМОНТУ ТА УТРИМАННЮ АВТОМОБІЛЬНИХ ШЛЯХІВ ТА СПОРУД НА НИХ ШЕВЧЕНКІВСЬКОГО РАЙОНУ"" М.КИЄВА","31868786",null,null,"10.2142.60.001","Підземний перехід",кв. м.,"246.0",UA80000000000093317,"01030",Україна,м. Київ,null,null,null,"ШЕВЧЕНКІВСЬКИЙ","СТАНЦІЯ МЕТРО ""УНІВЕРСИТЕТ""",xxx,null,null,Невідомо,null,null,null,"ЗАДОВІЛЬНИЙ",null,2025-01-20
2920-12890,null,"ПУНКТ ПРОКАТУ Д.4","10.1300.00.001-Будівлі нежитлові окремо розташовані","ОКРЕМО СТОЯЧИЙ","ПОБУТОВЕ ПРИМІЩЕННЯ",Київська міська рада,22883141,"КОМУНАЛЬНЕ ПІДПРИЄМСТВО ВИКОНАВЧОГО ОРГАНУ КИЇВСЬКОЇ МІСЬКОЇ РАДИ (КИЇВСЬКОЇ МІСЬКОЇ ДЕРЖАВНОЇ АДМІНІСТРАЦІЇ) ПО ОХОРОНІ, УТРИМАННЮ ТА ЕКСПЛУАТАЦІЇ ЗЕМЕЛЬ ВОДНОГО ФОНДУ М. КИЄВА ""ПЛЕСО""","23505151",null,null,"10.1300.00.001","Будівлі нежитлові окремо розташовані",кв. м.,"88.9",UA80000000000093317,null,Україна,м. Київ,null,null,null,"ОБОЛОНСЬКИЙ","ПРИОЗЕРНА",xxx,null,null,Зареєстровано,"1835944580000",null,null,"ЗАДОВІЛЬНИЙ",null,2025-03-13
2972-43208,null,"БАЗА ВІДПОЧИНКУ (ЗОВНІШ.ТУАЛЕТ НА 13 КАБІНОК)","10.1264.60.005-Бази відпочинку","ОКРЕМО СТОЯЧИЙ","БАЗА ВІДПОЧИНКУ",Київська міська рада,22883141,"КОМУНАЛЬНЕ ПІДПРИЄМСТВО МІЖНАРОДНИЙ АЕРОПОРТ ""КИЇВ"" (ЖУЛЯНИ)","01131514",null,null,"10.1264.60.005","Бази відпочинку",кв. м.,"67.7",UA80000000000093317,"07342",Україна,м. Київ,null,null,null,"ВИШГОРОДСЬКИЙ","С.ВОРОПАЇВ, ВИШГОРОДСЬКОГО КИЇВСЬКА",xxx,null,null,Зареєстровано,"21767183",null,null,"ПОТРЕБУЄ РЕМОНТУ",null,2025-03-12
2977-48405,null,"вільне","10.12-Будівлі (приміщення) нежитлові","ПРИМІЩЕННЯ В Ж/Б","ІНШЕ",Київська міська рада,22883141,"КОМУНАЛЬНЕ ПІДПРИЄМСТВО ""КЕРУЮЧА КОМПАНІЯ З ОБСЛУГОВУВАННЯ ЖИТЛОВОГО ФОНДУ ПЕЧЕРСЬКОГО РАЙОНУ М.КИЄВА""","35692211",null,null,"10.12","Будівлі (приміщення) нежитлові",кв. м.,"1184.11",UA80000000000093317,null,Україна,м. Київ,null,null,null,"ПЕЧЕРСЬКИЙ","ІНСТИТУТСЬКА М. БУЧА КИЇВСЬКА",xxx,null,null,Невідомо,null,null,null,"ЗАДОВІЛЬНИЙ",null,2025-02-24
2981-48185,null,"оренда, вільне, власні потреби","10.12-Будівлі (приміщення) нежитлові","ПРИМІЩЕННЯ В Ж/Б","ІНШЕ",Київська міська рада,22883141,"КОМУНАЛЬНЕ ПІДПРИЄМСТВО ""КЕРУЮЧА КОМПАНІЯ З ОБСЛУГОВУВАННЯ ЖИТЛОВОГО ФОНДУ ПЕЧЕРСЬКОГО РАЙОНУ М.КИЄВА""","35692211",null,null,"10.12","Будівлі (приміщення) нежитлові",кв. м.,"902.8",UA80000000000093317,null,Україна,м. Київ,null,null,null,"ПЕЧЕРСЬКИЙ","КРОПИВНИЦЬКОГО",xxx,null,null,Зареєстровано,"2225165780000",null,null,"ЗАДОВІЛЬНИЙ",null,2025-03-12
3029-52565,null,"КОЛЯСОЧНА (ПОБУТОВА КІМНАТА ДЛЯ ДВІРНИКІВ)","10.11-Будівлі житлові","ПРИМІЩЕННЯ В Ж/Б","ВЛАСНІ ПОТРЕБИ",Київська міська рада,22883141,"КОМУНАЛЬНЕ ПІДПРИЄМСТВО ""КЕРУЮЧА КОМПАНІЯ З ОБСЛУГОВУВАННЯ ЖИТЛОВОГО ФОНДУ ОБОЛОНСЬКОГО РАЙОНУ М.КИЄВА""","39611267",null,null,"10.11","Будівлі житлові",кв. м.,"1547.0",UA80000000000093317,"04114",Україна,м. Київ,null,null,null,"ОБОЛОНСЬКИЙ","АВТОЗАВОДСЬКА",xxx,null,null,Невідомо,null,null,null,"ЗАДОВІЛЬНИЙ",null,2025-06-16
3033-52546,null,"СКЛАД, ПОБУТОВІ ПОСЛУГИ, ТОРГІВЛЯ","10.11-Будівлі житлові","ПРИМІЩЕННЯ В Ж/Б","СКЛАД",Київська міська рада,22883141,"КОМУНАЛЬНЕ ПІДПРИЄМСТВО ""КЕРУЮЧА КОМПАНІЯ З ОБСЛУГОВУВАННЯ ЖИТЛОВОГО ФОНДУ ОБОЛОНСЬКОГО РАЙОНУ М.КИЄВА""","39611267",null,null,"10.11","Будівлі житлові",кв. м.,"2376.7",UA80000000000093317,"04074",Україна,м. Київ,null,null,null,"ОБОЛОНСЬКИЙ","ВИШГОРОДСЬКА",xxx,null,null,Зареєстровано,"2355964380000",null,null,"ЗАДОВІЛЬНИЙ",null,2025-06-12
3038-52568,null,"ВІЛЬНЕ","10.11-Будівлі житлові","ПРИМІЩЕННЯ В Ж/Б","МАГАЗИН",Київська міська рада,22883141,"КОМУНАЛЬНЕ ПІДПРИЄМСТВО ""КЕРУЮЧА КОМПАНІЯ З ОБСЛУГОВУВАННЯ ЖИТЛОВОГО ФОНДУ ОБОЛОНСЬКОГО РАЙОНУ М.КИЄВА""","39611267",null,null,"10.11","Будівлі житлові",кв. м.,"3145.4",UA80000000000093317,"04114",Україна,м. Київ,null,null,null,"ОБОЛОНСЬКИЙ","ВИШГОРОДСЬКА",xxx,null,null,Невідомо,null,null,null,"ЗАДОВІЛЬНИЙ",null,2025-06-13
3174-38255,null,"НЕЖИТЛОВИЙ ФОНД (ОРЕНДА, ВЛАСНІ ПОТРЕБИ, ВІЛЬНІ)","10.1300.00.001-Будівлі нежитлові окремо розташовані","ОКРЕМО СТОЯЧИЙ","СМІТТЄЗБІРНИК",Київська міська рада,22883141,"КОМУНАЛЬНЕ ПІДПРИЄМСТВО КЕРУЮЧА КОМПАНІЯ З ОБСЛУГОВУВАННЯ ЖИТЛОВОГО ФОНДУ СОЛОМ'ЯНСЬКОГО РАЙОНУ М. КИЄВА","35756919",null,null,"10.1300.00.001","Будівлі нежитлові окремо розташовані",кв. м.,"26.6",UA80000000000093317,"03087",Україна,м. Київ,null,null,null,"СОЛОМ'ЯНСЬКИЙ","СВІТЛИЧНОГО ІВАНА (ПЕТРОВСЬКОГО)",xxx,null,null,Зареєстровано,"2581324880000",null,null,"ЗАДОВІЛЬНИЙ",null,2025-01-09
3200-47580,null,"Амбулаторія № 1","10.1264.40.010-Центри первинної медико-санітарної допомоги","ОКРЕМО СТОЯЧИЙ","ПОЛІКЛІНІКА",Київська міська рада,22883141,"КОМУНАЛЬНЕ НЕКОМЕРЦІЙНЕ ПІДПРИЄМСТВО ""ЦЕНТР ПЕРВИННОЇ МЕДИКО- САНІТАРНОЇ ДОПОМОГИ №3 "" ШЕВЧЕНКІВСЬКОГО РАЙОНУ МІСТА КИЄВА","38945945",null,null,"10.1264.40.010","Центри первинної медико-санітарної допомоги",кв. м.,"4857.7",UA80000000000093317,null,Україна,м. Київ,null,null,null,"ШЕВЧЕНКІВСЬКИЙ","РИЗЬКА",xxx,null,null,Зареєстровано,"2264765280000",null,null,"ЗАДОВІЛЬНИЙ",null,2025-06-20
3229-56912,null,"Будівля бойлерної","10.2222.22.004-Будівлі бойлерних","ОКРЕМО СТОЯЧИЙ","БОЙЛЕРНА",Київська міська рада,22883141,"КОМУНАЛЬНЕ ПІДПРИЄМСТВО ВИКОНАВЧОГО ОРГАНУ КИЇВРАДИ (КИЇВСЬКОЇ МІСЬКОЇ ДЕРЖАВНОЇ АДМІНІСТРАЦІЇ) КИЇВТЕПЛОЕНЕРГО","40538421",null,null,"10.2222.22.004","Будівлі бойлерних",кв. м.,"202.1",UA80000000000093317,"03115",Україна,м. Київ,null,null,null,"СВЯТОШИНСЬКИЙ","БЕРЕСТЕЙСЬКИЙ ПРОСПЕКТ (ПРОСПЕКТ ПЕРЕМОГИ)",xxx,null,null,Зареєстровано,"400309080000",null,null,"ЗАДОВІЛЬНИЙ",null,2025-03-24
3230-57371,null,"Будівля центрального теплового пункту","10.2222.22-Центральні теплові пункти (ЦТП)","ОКРЕМО СТОЯЧИЙ","ТЕПЛОВИЙ ПУНКТ",Київська міська рада,22883141,"КОМУНАЛЬНЕ ПІДПРИЄМСТВО ВИКОНАВЧОГО ОРГАНУ КИЇВРАДИ (КИЇВСЬКОЇ МІСЬКОЇ ДЕРЖАВНОЇ АДМІНІСТРАЦІЇ) КИЇВТЕПЛОЕНЕРГО","40538421",null,null,"10.2222.22","Центральні теплові пункти (ЦТП)",кв. м.,"214.6",UA80000000000093317,"03162",Україна,м. Київ,null,null,null,"СВЯТОШИНСЬКИЙ","КУРБАСА ЛЕСЯ ПРОСП.",xxx,null,null,Зареєстровано,"2141592580000",null,null,"ЗАДОВІЛЬНИЙ",null,2025-03-03
3233-57941,null,"Центральний тепловий пункт","10.2222.22-Центральні теплові пункти (ЦТП)","ОКРЕМО СТОЯЧИЙ","ТЕПЛОВИЙ ПУНКТ",Київська міська рада,22883141,"КОМУНАЛЬНЕ ПІДПРИЄМСТВО ВИКОНАВЧОГО ОРГАНУ КИЇВРАДИ (КИЇВСЬКОЇ МІСЬКОЇ ДЕРЖАВНОЇ АДМІНІСТРАЦІЇ) КИЇВТЕПЛОЕНЕРГО","40538421",null,null,"10.2222.22","Центральні теплові пункти (ЦТП)",кв. м.,"311.1",UA80000000000093317,null,Україна,м. Київ,null,null,null,"СВЯТОШИНСЬКИЙ","КУРБАСА ЛЕСЯ ПРОСП.",xxx,null,null,Зареєстровано,"2971635080000",null,null,"ЗАДОВІЛЬНИЙ",null,2025-03-24
3235-57818,null,"Будівля центрального теплового пункту","10.2222.22-Центральні теплові пункти (ЦТП)","ОКРЕМО СТОЯЧИЙ","ТЕПЛОВИЙ ПУНКТ",Київська міська рада,22883141,"КОМУНАЛЬНЕ ПІДПРИЄМСТВО ВИКОНАВЧОГО ОРГАНУ КИЇВРАДИ (КИЇВСЬКОЇ МІСЬКОЇ ДЕРЖАВНОЇ АДМІНІСТРАЦІЇ) КИЇВТЕПЛОЕНЕРГО","40538421",null,null,"10.2222.22","Центральні теплові пункти (ЦТП)",кв. м.,"217.0",UA80000000000093317,"02166",Україна,м. Київ,null,null,null,"ДЕСНЯНСЬКИЙ","КУБАНСЬКОЇ УКРАЇНИ (ЖУКОВА МАРШАЛА)",xxx,null,null,Зареєстровано,"3133236080000",null,null,"ЗАДОВІЛЬНИЙ",null,2025-05-08
3241-57282,null,"Центральний тепловий пункт","10.2222.22-Центральні теплові пункти (ЦТП)","ОКРЕМО СТОЯЧИЙ","ТЕПЛОВИЙ ПУНКТ",Київська міська рада,22883141,"КОМУНАЛЬНЕ ПІДПРИЄМСТВО ВИКОНАВЧОГО ОРГАНУ КИЇВРАДИ (КИЇВСЬКОЇ МІСЬКОЇ ДЕРЖАВНОЇ АДМІНІСТРАЦІЇ) КИЇВТЕПЛОЕНЕРГО","40538421",null,null,"10.2222.22","Центральні теплові пункти (ЦТП)",кв. м.,"322.7",UA80000000000093317,"04108",Україна,м. Київ,null,null,null,"ПОДІЛЬСЬКИЙ","УЖВІЙ НАТАЛІЇ",xxx,null,null,Зареєстровано,"2819246280000",null,null,"ЗАДОВІЛЬНИЙ",null,2025-03-20
3256-57387,null,"Центральний тепловий пункт","10.2222.22-Центральні теплові пункти (ЦТП)","ОКРЕМО СТОЯЧИЙ","ТЕПЛОВИЙ ПУНКТ",Київська міська рада,22883141,"КОМУНАЛЬНЕ ПІДПРИЄМСТВО ВИКОНАВЧОГО ОРГАНУ КИЇВРАДИ (КИЇВСЬКОЇ МІСЬКОЇ ДЕРЖАВНОЇ АДМІНІСТРАЦІЇ) КИЇВТЕПЛОЕНЕРГО","40538421",null,null,"10.2222.22","Центральні теплові пункти (ЦТП)",кв. м.,"207.3",UA80000000000093317,"02166",Україна,м. Київ,null,null,null,"ДЕСНЯНСЬКИЙ","КУБАНСЬКОЇ УКРАЇНИ (ЖУКОВА МАРШАЛА)",xxx,null,null,Зареєстровано,"2771951880000",null,null,"ЗАДОВІЛЬНИЙ",null,2025-03-20
3257-55330,null,"Центральний тепловий пункт","10.2222.22-Центральні теплові пункти (ЦТП)","ОКРЕМО СТОЯЧИЙ","ТЕПЛОВИЙ ПУНКТ",Київська міська рада,22883141,"КОМУНАЛЬНЕ ПІДПРИЄМСТВО ВИКОНАВЧОГО ОРГАНУ КИЇВРАДИ (КИЇВСЬКОЇ МІСЬКОЇ ДЕРЖАВНОЇ АДМІНІСТРАЦІЇ) КИЇВТЕПЛОЕНЕРГО","40538421",null,null,"10.2222.22","Центральні теплові пункти (ЦТП)",кв. м.,"315.8",UA80000000000093317,"02093",Україна,м. Київ,null,null,null,"ДАРНИЦЬКИЙ","БОРИСПІЛЬСЬКА",xxx,null,null,Зареєстровано,"2749451980000",null,null,"ЗАДОВІЛЬНИЙ",null,2025-03-06
3262-49521,null,"ВІЛЬНЕ","10.12-Будівлі (приміщення) нежитлові","ПРИМІЩЕННЯ В Ж/Б","ІНШЕ",Київська міська рада,22883141,"КОМУНАЛЬНЕ ПІДПРИЄМСТВО ""КЕРУЮЧА КОМПАНІЯ З ОБСЛУГОВУВАННЯ ЖИТЛОВОГО ФОНДУ ПОДІЛЬСЬКОГО РАЙОНУ М.КИЄВА""","39609111",null,null,"10.12","Будівлі (приміщення) нежитлові",кв. м.,"110.4",UA80000000000093317,null,Україна,м. Київ,null,null,null,"ПОДІЛЬСЬКИЙ","ГАЛИЦЬКА",xxx,null,null,Зареєстровано,"2093043780000",null,null,"ЗАДОВІЛЬНИЙ",null,2025-01-11
3268-54610,null,"СМІТТЄЗБІРНИК","10.1230.60.009-Сміттєзбірники","СПОРУДА","СМІТТЄЗБІРНИК",Київська міська рада,22883141,"КОМУНАЛЬНЕ ПІДПРИЄМСТВО ""КЕРУЮЧА КОМПАНІЯ З ОБСЛУГОВУВАННЯ ЖИТЛОВОГО ФОНДУ ДЕСНЯНСЬКОГО РАЙОНУ М.КИЄВА""","39605452",null,null,"10.1230.60.009","Сміттєзбірники",кв. м.,"30.0",UA80000000000093317,null,Україна,м. Київ,null,null,null,"ДЕСНЯНСЬКИЙ","БРАТИСЛАВСЬКА",xxx,null,null,Зареєстровано,"1585904280000",null,null,"ЗАДОВІЛЬНИЙ",null,2025-04-07
3269-54613,null,"СМІТТЄЗБІРНИК","10.1230.60.009-Сміттєзбірники","СПОРУДА","СМІТТЄЗБІРНИК",Київська міська рада,22883141,"КОМУНАЛЬНЕ ПІДПРИЄМСТВО ""КЕРУЮЧА КОМПАНІЯ З ОБСЛУГОВУВАННЯ ЖИТЛОВОГО ФОНДУ ДЕСНЯНСЬКОГО РАЙОНУ М.КИЄВА""","39605452",null,null,"10.1230.60.009","Сміттєзбірники",кв. м.,"15.0",UA80000000000093317,"02166",Україна,м. Київ,null,null,null,"ДЕСНЯНСЬКИЙ","КУБАНСЬКОЇ УКРАЇНИ (ЖУКОВА МАРШАЛА)",xxx,null,null,Зареєстровано,"1636009080000",null,null,"ЗАДОВІЛЬНИЙ",null,2025-01-13
3270-52037,null,"СМІТТЄЗБІРНИК","10.1230.60.009-Сміттєзбірники","СПОРУДА","СМІТТЄЗБІРНИК",Київська міська рада,22883141,"КОМУНАЛЬНЕ ПІДПРИЄМСТВО ""КЕРУЮЧА КОМПАНІЯ З ОБСЛУГОВУВАННЯ ЖИТЛОВОГО ФОНДУ ДЕСНЯНСЬКОГО РАЙОНУ М.КИЄВА""","39605452",null,null,"10.1230.60.009","Сміттєзбірники",кв. м.,"23.5",UA80000000000093317,"02232",Україна,м. Київ,null,null,null,"ДЕСНЯНСЬКИЙ","СЕРЖА ЛИФАРЯ (САБУРОВА ОЛЕКСАНДРА)",xxx,null,null,Зареєстровано,"1586944980000",null,null,"ЗАДОВІЛЬНИЙ",null,2025-01-14
3271-54562,null,null,"10.1230.60.009-Сміттєзбірники","СПОРУДА","СМІТТЄЗБІРНИК",Київська міська рада,22883141,"КОМУНАЛЬНЕ ПІДПРИЄМСТВО ""КЕРУЮЧА КОМПАНІЯ З ОБСЛУГОВУВАННЯ ЖИТЛОВОГО ФОНДУ ДЕСНЯНСЬКОГО РАЙОНУ М.КИЄВА""","39605452",null,null,"10.1230.60.009","Сміттєзбірники",кв. м.,"19.0",UA80000000000093317,null,Україна,м. Київ,null,null,null,"ДЕСНЯНСЬКИЙ","РОНАЛЬДА РЕЙГАНА (ДРАЙЗЕРА ТЕОДОРА)",xxx,null,null,Зареєстровано,"1640947980000",null,null,"ЗАДОВІЛЬНИЙ",null,2025-04-01
3273-54639,null,null,"10.1230.60.009-Сміттєзбірники","СПОРУДА","СМІТТЄЗБІРНИК",Київська міська рада,22883141,"КОМУНАЛЬНЕ ПІДПРИЄМСТВО ""КЕРУЮЧА КОМПАНІЯ З ОБСЛУГОВУВАННЯ ЖИТЛОВОГО ФОНДУ ДЕСНЯНСЬКОГО РАЙОНУ М.КИЄВА""","39605452",null,null,"10.1230.60.009","Сміттєзбірники",кв. м.,"22.0",UA80000000000093317,"02222",Україна,м. Київ,null,null,null,"ДЕСНЯНСЬКИЙ","СЕРЖА ЛИФАРЯ (САБУРОВА ОЛЕКСАНДРА)",xxx,null,null,Зареєстровано,"1587004180000",null,null,"ЗАДОВІЛЬНИЙ",null,2025-01-16
3274-54566,null,null,"10.1230.60.009-Сміттєзбірники","СПОРУДА","СМІТТЄЗБІРНИК",Київська міська рада,22883141,"КОМУНАЛЬНЕ ПІДПРИЄМСТВО ""КЕРУЮЧА КОМПАНІЯ З ОБСЛУГОВУВАННЯ ЖИТЛОВОГО ФОНДУ ДЕСНЯНСЬКОГО РАЙОНУ М.КИЄВА""","39605452",null,null,"10.1230.60.009","Сміттєзбірники",кв. м.,"22.0",UA80000000000093317,"02222",Україна,м. Київ,null,null,null,"ДЕСНЯНСЬКИЙ","ЗАКРЕВСЬКОГО МИКОЛИ",xxx,null,null,Зареєстровано,"1496854480000",null,null,"ЗАДОВІЛЬНИЙ",null,2025-01-16
3275-52045,null,null,"10.1230.60.009-Сміттєзбірники","СПОРУДА","СМІТТЄЗБІРНИК",Київська міська рада,22883141,"КОМУНАЛЬНЕ ПІДПРИЄМСТВО ""КЕРУЮЧА КОМПАНІЯ З ОБСЛУГОВУВАННЯ ЖИТЛОВОГО ФОНДУ ДЕСНЯНСЬКОГО РАЙОНУ М.КИЄВА""","39605452",null,null,"10.1230.60.009","Сміттєзбірники",кв. м.,"18.0",UA80000000000093317,"02217",Україна,м. Київ,null,null,null,"ДЕСНЯНСЬКИЙ","ЗАКРЕВСЬКОГО МИКОЛИ",xxx,null,null,Зареєстровано,"1496738280000",null,null,"ЗАДОВІЛЬНИЙ",null,2025-01-16
3276-54567,null,null,"10.1230.60.009-Сміттєзбірники","СПОРУДА","СМІТТЄЗБІРНИК",Київська міська рада,22883141,"КОМУНАЛЬНЕ ПІДПРИЄМСТВО ""КЕРУЮЧА КОМПАНІЯ З ОБСЛУГОВУВАННЯ ЖИТЛОВОГО ФОНДУ ДЕСНЯНСЬКОГО РАЙОНУ М.КИЄВА""","39605452",null,null,"10.1230.60.009","Сміттєзбірники",кв. м.,"21.3",UA80000000000093317,"02225",Україна,м. Київ,null,null,null,"ДЕСНЯНСЬКИЙ","АРХІТЕКТОРА НІКОЛАЄВА",xxx,null,null,Зареєстровано,"1650882280000",null,null,"ЗАДОВІЛЬНИЙ",null,2025-01-16
3279-54574,null,null,"10.1230.60.009-Сміттєзбірники","СПОРУДА","СМІТТЄЗБІРНИК",Київська міська рада,22883141,"КОМУНАЛЬНЕ ПІДПРИЄМСТВО ""КЕРУЮЧА КОМПАНІЯ З ОБСЛУГОВУВАННЯ ЖИТЛОВОГО ФОНДУ ДЕСНЯНСЬКОГО РАЙОНУ М.КИЄВА""","39605452",null,null,"10.1230.60.009","Сміттєзбірники",кв. м.,"20.1",UA80000000000093317,"02222",Україна,м. Київ,null,null,null,"ДЕСНЯНСЬКИЙ","ОНОРЕ ДЕ БАЛЬЗАКА",xxx,null,null,Зареєстровано,"1586296780000",null,null,"ЗАДОВІЛЬНИЙ",null,2025-01-16
3281-51010,null,"КОМПЛ.ПІДПР.ПОБУТ. ОБСЛУГОВ.","10.6000.01-Приміщення в житлових будинках та спорудах","ПРИМІЩЕННЯ В Ж/Б","КОМПЛ.ПІДПР.ПОБУТ. ОБСЛУГОВ.",Київська міська рада,22883141,"КОМУНАЛЬНЕ ПІДПРИЄМСТВО ""КЕРУЮЧА КОМПАНІЯ З ОБСЛУГОВУВАННЯ ЖИТЛОВОГО ФОНДУ ДЕСНЯНСЬКОГО РАЙОНУ М.КИЄВА""","39605452",null,null,"10.6000.01","Приміщення в житлових будинках та спорудах",кв. м.,"295.7",UA80000000000093317,null,Україна,м. Київ,null,null,null,"ДЕСНЯНСЬКИЙ","РАДИСТІВ",xxx,null,null,Зареєстровано,"1157300380000",null,null,"ЗАДОВІЛЬНИЙ",null,2025-01-17
3289-1745,null,"НЕЖИТЛОВІ ПРИМІЩЕННЯ","10.12-Будівлі (приміщення) нежитлові","ОКРЕМО СТОЯЧИЙ","ПОБУТОВІ ПОСЛУГИ",Київська міська рада,22883141,"КОМУНАЛЬНЕ ПІДПРИЄМСТВО ""ВАТУТІНСЬКІНВЕСТБУД""","30977943",null,null,"10.12","Будівлі (приміщення) нежитлові",кв. м.,"146.9",UA80000000000093317,"02156",Україна,м. Київ,null,null,null,"ДЕСНЯНСЬКИЙ","ШОЛОМ-АЛЕЙХЕМА",xxx,null,null,Зареєстровано,"2566053880000",null,null,"ЗАДОВІЛЬНИЙ",null,2025-04-10
3290-1795,null,"НЕЖИТЛОВІ ПРИМІЩЕННЯ","10.12-Будівлі (приміщення) нежитлові","ПРИМІЩЕННЯ В Н/Б","ПОБУТОВІ ПОСЛУГИ",Київська міська рада,22883141,"КОМУНАЛЬНЕ ПІДПРИЄМСТВО ""ВАТУТІНСЬКІНВЕСТБУД""","30977943",null,null,"10.12","Будівлі (приміщення) нежитлові",кв. м.,"3342.1",UA80000000000093317,"02166",Україна,м. Київ,null,null,null,"ДЕСНЯНСЬКИЙ","ОРЕСТА ЛЕВИЦЬКОГО (КУРЧАТОВА АКАДЕМІКА)",xxx,null,null,Зареєстровано,"1703759980000",null,null,"ЗАДОВІЛЬНИЙ",null,2025-04-10
3291-1938,null,"НЕЖИТЛОВІ ПРИМІЩЕННЯ","10.12-Будівлі (приміщення) нежитлові","ПРИМІЩЕННЯ В Н/Б","КОМБІНАТ ПОБУТОВОГО ОБСЛУГОВ.",Київська міська рада,22883141,"КОМУНАЛЬНЕ ПІДПРИЄМСТВО ""ВАТУТІНСЬКІНВЕСТБУД""","30977943",null,null,"10.12","Будівлі (приміщення) нежитлові",кв. м.,"2319.4",UA80000000000093317,"02222",Україна,м. Київ,null,null,null,"ДЕСНЯНСЬКИЙ","РОНАЛЬДА РЕЙГАНА (ДРАЙЗЕРА ТЕОДОРА)",xxx,null,null,Зареєстровано,"1736363580000",null,null,"ЗАДОВІЛЬНИЙ",null,2025-04-10
3295-2083,null,"НЕЖИТЛОВІ ПРИМІЩЕННЯ","10.12-Будівлі (приміщення) нежитлові","ПРИМІЩЕННЯ В Н/Б","КОМБІНАТ ПОБУТОВОГО ОБСЛУГОВ.",Київська міська рада,22883141,"КОМУНАЛЬНЕ ПІДПРИЄМСТВО ""ВАТУТІНСЬКІНВЕСТБУД""","30977943",null,null,"10.12","Будівлі (приміщення) нежитлові",кв. м.,"2400.2",UA80000000000093317,"02222",Україна,м. Київ,null,null,null,"ДЕСНЯНСЬКИЙ","СЕРЖА ЛИФАРЯ (САБУРОВА ОЛЕКСАНДРА)",xxx,null,null,Зареєстровано,"2566184980000",null,null,"ЗАДОВІЛЬНИЙ",null,2025-04-10
3297-2311,null,"НЕЖИТЛОВІ ПРИМІЩЕННЯ","10.1230.60.002-Комбінати побутового обслуговування","ПРИМІЩЕННЯ В Н/Б","КОМБІНАТ ПОБУТОВОГО ОБСЛУГОВ.",Київська міська рада,22883141,"КОМУНАЛЬНЕ ПІДПРИЄМСТВО ""ВАТУТІНСЬКІНВЕСТБУД""","30977943",null,null,"10.1230.60.002","Комбінати побутового обслуговування",кв. м.,"2064.9",UA80000000000093317,"02232",Україна,м. Київ,null,null,null,"ДЕСНЯНСЬКИЙ","ОНОРЕ ДЕ БАЛЬЗАКА",xxx,null,null,Зареєстровано,"1381595880000",null,null,"ЗАДОВІЛЬНИЙ",null,2025-04-10
3298-2594,null,"НЕЖИТЛОВІ ПРИМІЩЕННЯ","10.1300.00.001-Будівлі нежитлові окремо розташовані","ОКРЕМО СТОЯЧИЙ","КОМБІНАТ ПОБУТОВОГО ОБСЛУГОВ.",Київська міська рада,22883141,"КОМУНАЛЬНЕ ПІДПРИЄМСТВО ""ВАТУТІНСЬКІНВЕСТБУД""","30977943",null,null,"10.1300.00.001","Будівлі нежитлові окремо розташовані",кв. м.,"2596.0",UA80000000000093317,"02225",Україна,м. Київ,null,null,null,"ДЕСНЯНСЬКИЙ","КАШТАНОВА",xxx,null,null,Зареєстровано,"1871930180000",null,null,"ЗАДОВІЛЬНИЙ",null,2025-04-10
3301-16173,null,"НЕЖИТЛОВІ ПРИМІЩЕННЯ","10.12-Будівлі (приміщення) нежитлові","ПРИМІЩЕННЯ В Н/Б","КОМБІНАТ ПОБУТОВОГО ОБСЛУГОВ.",Київська міська рада,22883141,"КОМУНАЛЬНЕ ПІДПРИЄМСТВО ""ВАТУТІНСЬКІНВЕСТБУД""","30977943",null,null,"10.12","Будівлі (приміщення) нежитлові",кв. м.,"1482.9",UA80000000000093317,"02225",Україна,м. Київ,null,null,null,"ДЕСНЯНСЬКИЙ","ЧЕРВОНОЇ КАЛИНИ (ВОЛОДИМИРА МАЯКОВСЬКОГО)",xxx,null,null,Зареєстровано,"211657368000",null,null,"ЗАДОВІЛЬНИЙ",null,2025-04-10
3302-16174,null,"НЕЖИТЛОВІ ПРИМІЩЕННЯ","10.12-Будівлі (приміщення) нежитлові","ПРИМІЩЕННЯ В Н/Б","КОМБІНАТ ПОБУТОВОГО ОБСЛУГОВ.",Київська міська рада,22883141,"КОМУНАЛЬНЕ ПІДПРИЄМСТВО ""ВАТУТІНСЬКІНВЕСТБУД""","30977943",null,null,"10.12","Будівлі (приміщення) нежитлові",кв. м.,"1558.4",UA80000000000093317,"253217",Україна,м. Київ,null,null,null,"ДЕСНЯНСЬКИЙ","ЗАКРЕВСЬКОГО МИКОЛИ",xxx,null,null,Зареєстровано,"1679210180000",null,null,"ЗАДОВІЛЬНИЙ",null,2025-04-10
3304-16184,null,"НЕЖИТЛОВІ ПРИМІЩЕННЯ","10.1300.03.002-Технічне підпілля","ПРИМІЩЕННЯ В Н/Б","КОМБІНАТ ПОБУТОВОГО ОБСЛУГОВ.",Київська міська рада,22883141,"КОМУНАЛЬНЕ ПІДПРИЄМСТВО ""ВАТУТІНСЬКІНВЕСТБУД""","30977943",null,null,"10.1300.03.002","Технічне підпілля",кв. м.,"2202.5",UA80000000000093317,"02232",Україна,м. Київ,null,null,null,"ДЕСНЯНСЬКИЙ","ОНОРЕ ДЕ БАЛЬЗАКА",xxx,null,null,Зареєстровано,"1729943580000",null,null,"ЗАДОВІЛЬНИЙ",null,2025-04-10
3351-53983,null,"нежитлові приміщення в житловому будинку","10.6000.01-Приміщення в житлових будинках та спорудах","ОКРЕМО СТОЯЧИЙ","ЖИЛИЙ БУДИНОК",Київська міська рада,22883141,"КОМУНАЛЬНЕ ПІДПРИЄМСТВО ""КЕРУЮЧА КОМПАНІЯ З ОБСЛУГОВУВАННЯ ЖИТЛОВОГО ФОНДУ ДНІПРОВСЬКОГО РАЙОНУ М.КИЄВА""","39606435",null,null,"10.6000.01","Приміщення в житлових будинках та спорудах",кв. м.,"5082.52",UA80000000000093317,"02100",Україна,м. Київ,null,null,null,"ДНІПРОВСЬКИЙ","БУДІВЕЛЬНИКІВ",xxx,null,null,Зареєстровано,"2359892880000",null,null,"ЗАДОВІЛЬНИЙ",null,2025-03-25
3353-52866,null,"нежитлові при міщення в житловому будинку","10.6000.01-Приміщення в житлових будинках та спорудах","ОКРЕМО СТОЯЧИЙ","ЖИЛИЙ БУДИНОК",Київська міська рада,22883141,"КОМУНАЛЬНЕ ПІДПРИЄМСТВО ""КЕРУЮЧА КОМПАНІЯ З ОБСЛУГОВУВАННЯ ЖИТЛОВОГО ФОНДУ ДНІПРОВСЬКОГО РАЙОНУ М.КИЄВА""","39606435",null,null,"10.6000.01","Приміщення в житлових будинках та спорудах",кв. м.,"2012.67",UA80000000000093317,null,Україна,м. Київ,null,null,null,"ДНІПРОВСЬКИЙ","ТОРОПОВСЬКОГО ГЕОРГІЯ (ДУБОВОГО ІВАНА)",xxx,null,null,Зареєстровано,"2382524980000",null,null,"ЗАДОВІЛЬНИЙ",null,2025-03-25
3357-57488,null,"нежитлові приміщення вбудовані в житловий будинок","10.6000.01-Приміщення в житлових будинках та спорудах","ПРИМІЩЕННЯ В Ж/Б","ІНШЕ",Київська міська рада,22883141,"КОМУНАЛЬНЕ ПІДПРИЄМСТВО ""КЕРУЮЧА КОМПАНІЯ З ОБСЛУГОВУВАННЯ ЖИТЛОВОГО ФОНДУ ДНІПРОВСЬКОГО РАЙОНУ М.КИЄВА""","39606435",null,null,"10.6000.01","Приміщення в житлових будинках та спорудах",кв. м.,"7954.6",UA80000000000093317,null,Україна,м. Київ,null,null,null,"ДНІПРОВСЬКИЙ","ХАРКІВСЬКЕ ШОСЕ",xxx,null,null,Зареєстровано,"1561658580000",null,null,"ЗАДОВІЛЬНИЙ",null,2025-03-25
3359-53791,null,"будинок ЖБК","10.6000.01-Приміщення в житлових будинках та спорудах","ПРИМІЩЕННЯ В Ж/Б","ІНШЕ",Київська міська рада,22883141,"КОМУНАЛЬНЕ ПІДПРИЄМСТВО ""КЕРУЮЧА КОМПАНІЯ З ОБСЛУГОВУВАННЯ ЖИТЛОВОГО ФОНДУ ДНІПРОВСЬКОГО РАЙОНУ М.КИЄВА""","39606435",null,null,"10.6000.01","Приміщення в житлових будинках та спорудах",кв. м.,"1093.1",UA80000000000093317,"252175",Україна,м. Київ,null,null,null,"ДНІПРОВСЬКИЙ","ЕНТУЗІАСТІВ",xxx,null,null,Зареєстровано,"2362301480000",null,null,"ЗАДОВІЛЬНИЙ",null,2025-03-24
3360-53888,null,"нежитлові приміщення в житловому будинку","10.6000.01-Приміщення в житлових будинках та спорудах","ПРИМІЩЕННЯ В Ж/Б","ІНШЕ",Київська міська рада,22883141,"КОМУНАЛЬНЕ ПІДПРИЄМСТВО ""КЕРУЮЧА КОМПАНІЯ З ОБСЛУГОВУВАННЯ ЖИТЛОВОГО ФОНДУ ДНІПРОВСЬКОГО РАЙОНУ М.КИЄВА""","39606435",null,null,"10.6000.01","Приміщення в житлових будинках та спорудах",кв. м.,"11376.6",UA80000000000093317,null,Україна,м. Київ,null,null,null,"ДНІПРОВСЬКИЙ","БУДІВЕЛЬНИКІВ",xxx,null,null,Невідомо,null,null,null,"ЗАДОВІЛЬНИЙ",null,2025-03-24
3363-54086,null,null,"10.1220.10.023-Будівлі адміністративні","ОКРЕМО СТОЯЧИЙ","АДМІНІСТРАТИВНЕ",Київська міська рада,22883141,"КОМУНАЛЬНЕ ПІДПРИЄМСТВО ""КЕРУЮЧА КОМПАНІЯ З ОБСЛУГОВУВАННЯ ЖИТЛОВОГО ФОНДУ ДНІПРОВСЬКОГО РАЙОНУ М.КИЄВА""","39606435",null,null,"10.1220.10.023","Будівлі адміністративні",кв. м.,"1393.88",UA80000000000093317,"02218",Україна,м. Київ,null,null,null,"ДНІПРОВСЬКИЙ","РОМАНА ШУХЕВИЧА ПРОСП. (ВАТУТІНА ГЕНЕРАЛА ПРОСП.)",xxx,null,null,Невідомо,null,null,null,"ЗАДОВІЛЬНИЙ",null,2025-04-16
3392-58516,null,"сміттєзбірник","10.1230.60.009-Сміттєзбірники","ОКРЕМО СТОЯЧИЙ","ІНШЕ",Київська міська рада,22883141,"КОМУНАЛЬНЕ ПІДПРИЄМСТВО ""КЕРУЮЧА КОМПАНІЯ З ОБСЛУГОВУВАННЯ ЖИТЛОВОГО ФОНДУ ДНІПРОВСЬКОГО РАЙОНУ М.КИЄВА""","39606435",null,null,"10.1230.60.009","Сміттєзбірники",кв. м.,"15.0",UA80000000000093317,"02092",Україна,м. Київ,null,null,null,"ДНІПРОВСЬКИЙ","МАКАРЕНКА",xxx,null,null,Зареєстровано,"2473492780000",null,null,"ЗАДОВІЛЬНИЙ",null,2025-03-21
3393-58515,null,"сміттєзбірник","10.1230.60.009-Сміттєзбірники","ОКРЕМО СТОЯЧИЙ","ІНШЕ",Київська міська рада,22883141,"КОМУНАЛЬНЕ ПІДПРИЄМСТВО ""КЕРУЮЧА КОМПАНІЯ З ОБСЛУГОВУВАННЯ ЖИТЛОВОГО ФОНДУ ДНІПРОВСЬКОГО РАЙОНУ М.КИЄВА""","39606435",null,null,"10.1230.60.009","Сміттєзбірники",кв. м.,"20.0",UA80000000000093317,"02092",Україна,м. Київ,null,null,null,"ДНІПРОВСЬКИЙ","МАКАРЕНКА",xxx,null,null,Зареєстровано,"2473463580000",null,null,"ЗАДОВІЛЬНИЙ",null,2025-03-21
3398-58510,null,"сміттєзбірник","10.1230.60.009-Сміттєзбірники","ОКРЕМО СТОЯЧИЙ","ІНШЕ",Київська міська рада,22883141,"КОМУНАЛЬНЕ ПІДПРИЄМСТВО ""КЕРУЮЧА КОМПАНІЯ З ОБСЛУГОВУВАННЯ ЖИТЛОВОГО ФОНДУ ДНІПРОВСЬКОГО РАЙОНУ М.КИЄВА""","39606435",null,null,"10.1230.60.009","Сміттєзбірники",кв. м.,"15.0",UA80000000000093317,"02125",Україна,м. Київ,null,null,null,"ДНІПРОВСЬКИЙ","ВОСКРЕСЕНСЬКИЙ ПРОСПЕКТ (ПЕРОВА)",xxx,null,null,Зареєстровано,"1856872580000",null,null,"ЗАДОВІЛЬНИЙ",null,2025-03-28
3416-58538,null,"сміттєзбірник","10.1230.60.009-Сміттєзбірники","ОКРЕМО СТОЯЧИЙ","ІНШЕ",Київська міська рада,22883141,"КОМУНАЛЬНЕ ПІДПРИЄМСТВО ""КЕРУЮЧА КОМПАНІЯ З ОБСЛУГОВУВАННЯ ЖИТЛОВОГО ФОНДУ ДНІПРОВСЬКОГО РАЙОНУ М.КИЄВА""","39606435",null,null,"10.1230.60.009","Сміттєзбірники",кв. м.,"15.0",UA80000000000093317,null,Україна,м. Київ,null,null,null,"ДНІПРОВСЬКИЙ","СОБОРНОСТІ ПРОСПЕКТ (ВОЗЗ'ЄДНАННЯ ПРОСП.)",xxx,null,null,Невідомо,null,null,null,"ЗАДОВІЛЬНИЙ",null,2025-03-21
3422-58535,null,"сміттєзбірник","10.1230.60.009-Сміттєзбірники","ОКРЕМО СТОЯЧИЙ","ІНШЕ",Київська міська рада,22883141,"КОМУНАЛЬНЕ ПІДПРИЄМСТВО ""КЕРУЮЧА КОМПАНІЯ З ОБСЛУГОВУВАННЯ ЖИТЛОВОГО ФОНДУ ДНІПРОВСЬКОГО РАЙОНУ М.КИЄВА""","39606435",null,null,"10.1230.60.009","Сміттєзбірники",кв. м.,"15.0",UA80000000000093317,null,Україна,м. Київ,null,null,null,"ДНІПРОВСЬКИЙ","ТАМПЕРЕ",xxx,null,null,Невідомо,null,null,null,"ЗАДОВІЛЬНИЙ",null,2025-03-28
3428-58494,null,"сміттєзбірник","10.1230.60.009-Сміттєзбірники","ОКРЕМО СТОЯЧИЙ","ІНШЕ",Київська міська рада,22883141,"КОМУНАЛЬНЕ ПІДПРИЄМСТВО ""КЕРУЮЧА КОМПАНІЯ З ОБСЛУГОВУВАННЯ ЖИТЛОВОГО ФОНДУ ДНІПРОВСЬКОГО РАЙОНУ М.КИЄВА""","39606435",null,null,"10.1230.60.009","Сміттєзбірники",кв. м.,"3060.3",UA80000000000093317,"02094",Україна,м. Київ,null,null,null,"ДНІПРОВСЬКИЙ","ПЛАСТОВА (СЕРГІЄНКА ІВАНА)",xxx,null,null,Невідомо,null,null,null,"ЗАДОВІЛЬНИЙ",null,2025-03-24
3433-53675,null,"сміттєзбірник","10.6000.01-Приміщення в житлових будинках та спорудах","ОКРЕМО СТОЯЧИЙ","ІНШЕ",Київська міська рада,22883141,"КОМУНАЛЬНЕ ПІДПРИЄМСТВО ""КЕРУЮЧА КОМПАНІЯ З ОБСЛУГОВУВАННЯ ЖИТЛОВОГО ФОНДУ ДНІПРОВСЬКОГО РАЙОНУ М.КИЄВА""","39606435",null,null,"10.6000.01","Приміщення в житлових будинках та спорудах",кв. м.,"-3549.7",UA80000000000093317,null,Україна,м. Київ,null,null,null,"ДНІПРОВСЬКИЙ","АЛМАТИНСЬКА (АЛМА-АТИНСЬКА)",xxx,null,null,Зареєстровано,"2328190680000",null,null,"ЗАДОВІЛЬНИЙ",null,2025-03-28
3434-12024,null,"НЕЖИТЛОВИЙ ФОНД (ОРЕНДА, ВІЛЬНІ, ВЛАСНІ ПОТРЕБИ)","10.12-Будівлі (приміщення) нежитлові","ПРИМІЩЕННЯ В Ж/Б","АДМІНІСТРАТИВНЕ",Київська міська рада,22883141,"КОМУНАЛЬНЕ ПІДПРИЄМСТВО КЕРУЮЧА КОМПАНІЯ З ОБСЛУГОВУВАННЯ ЖИТЛОВОГО ФОНДУ СОЛОМ'ЯНСЬКОГО РАЙОНУ М. КИЄВА","35756919",null,null,"10.12","Будівлі (приміщення) нежитлові",кв. м.,"56.7",UA80000000000093317,"252126",Україна,м. Київ,null,null,null,"СОЛОМ'ЯНСЬКИЙ","ДОНЦЯ МИХАЙЛА",xxx,null,null,Зареєстровано,"2577936980000",null,null,"ЗАДОВІЛЬНИЙ",null,2024-12-25
3441-53325,null,"нежитлові приміщення в житловому будинку","10.6000.01-Приміщення в житлових будинках та спорудах","ОКРЕМО СТОЯЧИЙ","ІНШЕ",Київська міська рада,22883141,"КОМУНАЛЬНЕ ПІДПРИЄМСТВО ""КЕРУЮЧА КОМПАНІЯ З ОБСЛУГОВУВАННЯ ЖИТЛОВОГО ФОНДУ ДНІПРОВСЬКОГО РАЙОНУ М.КИЄВА""","39606435",null,null,"10.6000.01","Приміщення в житлових будинках та спорудах",кв. м.,"3254.6",UA80000000000093317,"02139",Україна,м. Київ,null,null,null,"ДНІПРОВСЬКИЙ","ВОСКРЕСЕНСЬКИЙ ПРОСПЕКТ (ПЕРОВА)",xxx,null,null,Невідомо,null,null,null,"ЗАДОВІЛЬНИЙ",null,2025-03-25
3447-55953,null,"НЕЖИТЛОВИЙ ФОНД (ОРЕНДА, ВІЛЬНІ, ВЛАСНІ ПОТРЕБИ)","10.12-Будівлі (приміщення) нежитлові","ОКРЕМО СТОЯЧИЙ","АДМІНІСТРАТИВНЕ",Київська міська рада,22883141,"КОМУНАЛЬНЕ ПІДПРИЄМСТВО КЕРУЮЧА КОМПАНІЯ З ОБСЛУГОВУВАННЯ ЖИТЛОВОГО ФОНДУ СОЛОМ'ЯНСЬКОГО РАЙОНУ М. КИЄВА","35756919",null,null,"10.12","Будівлі (приміщення) нежитлові",кв. м.,"47.3",UA80000000000093317,null,Україна,м. Київ,null,null,null,"СОЛОМ'ЯНСЬКИЙ","ДОНЦЯ МИХАЙЛА",xxx,null,null,Невідомо,null,null,null,"ЗАДОВІЛЬНИЙ",null,2024-12-25
3475-47393,null,"ПОЛІКЛІНІНІЧНА УСТАНОВА","10.1264.40.003-Будівлі поліклінік","ОКРЕМО СТОЯЧИЙ","ПОЛІКЛІНІКА",Київська міська рада,22883141,"КОМУНАЛЬНЕ НЕКОМЕРЦІЙНЕ ПІДПРИЄМСТВО ЦЕНТР ПЕРВИННОЇ МЕДИКО-САНІТАРНОЇ ДОПОМОГИ № 1 ПОДІЛЬСЬКОГО РАЙОНУ М.КИЄВА","38946268",null,null,"10.1264.40.003","Будівлі поліклінік",кв. м.,"7880.0",UA80000000000093317,"04070",Україна,м. Київ,null,null,null,"ПОДІЛЬСЬКИЙ","ВОЛОСЬКА",xxx,null,null,Зареєстровано,"1558706780000",null,null,"ЗАДОВІЛЬНИЙ",null,2025-04-07
3478-13573,null,"Об'єкт цивільної оборони (укриття)","10.12-Будівлі (приміщення) нежитлові","ПРИМІЩЕННЯ В Ж/Б",null,Київська міська рада,22883141,"КОМУНАЛЬНЕ ПІДПРИЄМСТВО ""КЕРУЮЧА КОМПАНІЯ З ОБСЛУГОВУВАННЯ ЖИТЛОВОГО ФОНДУ ШЕВЧЕНКІВСЬКОГО РАЙОНУ М.КИЄВА""","34966254",null,null,"10.12","Будівлі (приміщення) нежитлові",кв. м.,"2465.6",UA80000000000093317,null,Україна,м. Київ,null,null,null,"ШЕВЧЕНКІВСЬКИЙ","ТАБІРНА (ЛАГЕРНА)",xxx,null,null,Зареєстровано,"1810556100000",null,null,"ЗАДОВІЛЬНИЙ",null,2024-11-06
3479-31503,null,"136,3 кв.м -об’єкт цивільної оборони (найпростіше укриття), вільне",null,"ПРИМІЩЕННЯ В Ж/Б",null,Київська міська рада,22883141,"КОМУНАЛЬНЕ ПІДПРИЄМСТВО ""КЕРУЮЧА КОМПАНІЯ З ОБСЛУГОВУВАННЯ ЖИТЛОВОГО ФОНДУ ШЕВЧЕНКІВСЬКОГО РАЙОНУ М.КИЄВА""","34966254",null,null,null,null,кв. м.,"2716.4",UA80000000000093317,null,Україна,м. Київ,null,null,null,"ШЕВЧЕНКІВСЬКИЙ","ПОЛОВЕЦЬКА",xxx,null,null,Зареєстровано,"22480901800",null,null,"ЗАДОВІЛЬНИЙ",null,2024-06-04
3497-17035,null,"вільне",null,"ПРИМІЩЕННЯ В Ж/Б",null,Київська міська рада,22883141,"КОМУНАЛЬНЕ ПІДПРИЄМСТВО ""КЕРУЮЧА КОМПАНІЯ З ОБСЛУГОВУВАННЯ ЖИТЛОВОГО ФОНДУ ШЕВЧЕНКІВСЬКОГО РАЙОНУ М.КИЄВА""","34966254",null,null,null,null,кв. м.,"1407.87",UA80000000000093317,null,Україна,м. Київ,null,null,null,"ШЕВЧЕНКІВСЬКИЙ","ГОНЧАРА ОЛЕСЯ",xxx,null,null,Зареєстровано,"1150642080000",null,null,"ЗАДОВІЛЬНИЙ",null,2024-10-16
3509-49016,null,"АДМІНІСТРАТИВНЕ","10.6000.01.001-Приміщення основні","ПРИМІЩЕННЯ В Ж/Б","АДМІНІСТРАТИВНЕ",Київська міська рада,22883141,"КОМУНАЛЬНЕ ПІДПРИЄМСТВО ""КЕРУЮЧА КОМПАНІЯ З ОБСЛУГОВУВАННЯ ЖИТЛОВОГО ФОНДУ ГОЛОСІЇВСЬКОГО РАЙОНУ М.КИЄВА""","32375554",null,null,"10.6000.01.001","Приміщення основні",кв. м.,"9222.7",UA80000000000093317,"03187",Україна,м. Київ,null,null,null,"ГОЛОСІЇВСЬКИЙ","АКАДЕМІКА ЗАБОЛОТНОГО",xxx,null,null,Зареєстровано,"2509914980000",null,null,"ЗАДОВІЛЬНИЙ",null,2025-04-14
3525-8162,null,"КДЮСШ N 14","10.1263.50.001-Будівлі дитячих садів","ОКРЕМО СТОЯЧИЙ","ШКОЛА",Київська міська рада,22883141,"КОМПЛЕКСНА ДИТЯЧО-ЮНАЦЬКА СПОРТИВНА ШКОЛА № 14 ДЕСНЯНСЬКОГО РАЙОНУ МІСТА КИЄВА","01489368",null,null,"10.1263.50.001","Будівлі дитячих садів",кв. м.,"1974.9",UA80000000000093317,null,Україна,м. Київ,null,null,null,"ДЕСНЯНСЬКИЙ","ШОЛОМ-АЛЕЙХЕМА",xxx,null,null,Зареєстровано,"1057550380000",null,null,"ЗАДОВІЛЬНИЙ",null,2025-04-09
3526-14722,null,"вільне","10.1230.70.002-Майстерні","ПРИМІЩЕННЯ В Ж/Б",null,Київська міська рада,22883141,"КОМУНАЛЬНЕ ПІДПРИЄМСТВО ""КЕРУЮЧА КОМПАНІЯ З ОБСЛУГОВУВАННЯ ЖИТЛОВОГО ФОНДУ ШЕВЧЕНКІВСЬКОГО РАЙОНУ М.КИЄВА""","34966254",null,null,"10.1230.70.002","Майстерні",кв. м.,"1978.7",UA80000000000093317,"01034",Україна,м. Київ,null,null,null,"ШЕВЧЕНКІВСЬКИЙ","РЕЙТАРСЬКА",xxx,null,null,Зареєстровано,"1497429280000",null,null,"ЗАДОВІЛЬНИЙ",null,2024-06-04
3527-44964,null,"ДИТЯЧИЙ САДОК № 651","10.1263.50.001-Будівлі дитячих садів","ОКРЕМО СТОЯЧИЙ","ДИТЯЧИЙ САДОК",Київська міська рада,22883141,"УПРАВЛІННЯ ОСВІТИ СОЛОМ'ЯНСЬКОЇ РАЙОННОЇ В МІСТІ КИЄВІ ДЕРЖАВНОЇ АДМІНІСТРАЦІЇ","37485490",null,null,"10.1263.50.001","Будівлі дитячих садів",кв. м.,"2736.2",UA80000000000093317,null,Україна,м. Київ,null,null,null,"СОЛОМ'ЯНСЬКИЙ","ДОНЕЦЬКА",xxx,null,null,Зареєстровано,"1818855280000",null,null,"ПОТРЕБУЄ РЕМОНТУ",null,2025-04-01
3562-54996,null,"ЛІНІЙНА ДИСПЕТЧЕРСЬКА СТАНЦІЯ ""ДАРНИЦЯ""","10.1220.10.023-Будівлі адміністративні","ОКРЕМО СТОЯЧИЙ","ДИСПЕТЧЕРСЬКИЙ ПУНКТ",Київська міська рада,22883141,"КОМУНАЛЬНЕ ПІДПРИЄМСТВО ""КИЇВПАСТРАНС""","31725604",null,null,"10.1220.10.023","Будівлі адміністративні",кв. м.,"84.5",UA80000000000093317,"094",Україна,м. Київ,null,null,null,"ДЕСНЯНСЬКИЙ","ГЕТЬМАНА ПАВЛА ПОЛУБОТКА (ПОПУДРЕНКА)",xxx,null,null,Зареєстровано,"1827028180000",null,null,"ЗАДОВІЛЬНИЙ",null,2025-06-19
3563-52565,null,"КОЛЯСОЧНА (ПОБУТОВА КІМНАТА ДЛЯ ДВІРНИКІВ)","10.11-Будівлі житлові","ПРИМІЩЕННЯ В Ж/Б","ВЛАСНІ ПОТРЕБИ",Київська міська рада,22883141,"КОМУНАЛЬНЕ ПІДПРИЄМСТВО ""КЕРУЮЧА КОМПАНІЯ З ОБСЛУГОВУВАННЯ ЖИТЛОВОГО ФОНДУ ОБОЛОНСЬКОГО РАЙОНУ М.КИЄВА""","39611267",null,null,"10.11","Будівлі житлові",кв. м.,"1547.0",UA80000000000093317,"04114",Україна,м. Київ,null,null,null,"ОБОЛОНСЬКИЙ","АВТОЗАВОДСЬКА",xxx,null,null,Невідомо,null,null,null,"ЗАДОВІЛЬНИЙ",null,2025-06-16
3589-1795,null,"НЕЖИТЛОВІ ПРИМІЩЕННЯ","10.12-Будівлі (приміщення) нежитлові","ПРИМІЩЕННЯ В Н/Б","ПОБУТОВІ ПОСЛУГИ",Київська міська рада,22883141,"КОМУНАЛЬНЕ ПІДПРИЄМСТВО ""ВАТУТІНСЬКІНВЕСТБУД""","30977943",null,null,"10.12","Будівлі (приміщення) нежитлові",кв. м.,"3342.1",UA80000000000093317,"02166",Україна,м. Київ,null,null,null,"ДЕСНЯНСЬКИЙ","ОРЕСТА ЛЕВИЦЬКОГО (КУРЧАТОВА АКАДЕМІКА)",xxx,null,null,Зареєстровано,"1703759980000",null,null,"ЗАДОВІЛЬНИЙ",null,2025-04-10
3606-45933,null,"АДМІНІСТРАТИВНО-ПОБУТОВЕ","10.1220.10.023-Будівлі адміністративні","ОКРЕМО СТОЯЧИЙ","АДМІНІСТРАТИВНО-ПОБУТОВЕ",Київська міська рада,22883141,"КОМУНАЛЬНЕ ПІДПРИЄМСТВО ""КИЇВЖИТЛОСПЕЦЕКСПЛУАТАЦІЯ""","03366500",null,null,"10.1220.10.023","Будівлі адміністративні",кв. м.,"1666.1",UA80000000000093317,null,Україна,м. Київ,null,null,null,"ПОДІЛЬСЬКИЙ","ПОРИКА ВАСИЛЯ ПРОСП.",xxx,null,null,Невідомо,null,null,null,"ЗАДОВІЛЬНИЙ",null,2025-04-03
3608-45899,null,"багатофункціональні","10.1220.10.023-Будівлі адміністративні","ОКРЕМО СТОЯЧИЙ","АДМІНІСТРАТИВНО-ПОБУТОВЕ",Київська міська рада,22883141,"КОМУНАЛЬНЕ ПІДПРИЄМСТВО ""КИЇВЖИТЛОСПЕЦЕКСПЛУАТАЦІЯ""","03366500",null,null,"10.1220.10.023","Будівлі адміністративні",кв. м.,"999.6",UA80000000000093317,"02091",Україна,м. Київ,null,null,null,"ДАРНИЦЬКИЙ","ТРОСТЯНЕЦЬКА",xxx,null,null,Зареєстровано,"2413565380000",null,null,"ЗАДОВІЛЬНИЙ",null,2025-04-03
3622-54880,null,null,"10.1230.60.009-Сміттєзбірники","СПОРУДА","СМІТТЄЗБІРНИК",Київська міська рада,22883141,"КОМУНАЛЬНЕ ПІДПРИЄМСТВО ""КЕРУЮЧА КОМПАНІЯ З ОБСЛУГОВУВАННЯ ЖИТЛОВОГО ФОНДУ ДЕСНЯНСЬКОГО РАЙОНУ М.КИЄВА""","39605452",null,null,"10.1230.60.009","Сміттєзбірники",кв. м.,"22.4",UA80000000000093317,null,Україна,м. Київ,null,null,null,"ДЕСНЯНСЬКИЙ","ОНОРЕ ДЕ БАЛЬЗАКА",xxx,null,null,Зареєстровано,"1721785280000",null,null,"ЗАДОВІЛЬНИЙ",null,2025-04-07
3642-54635,null,null,"10.6000.01-Приміщення в житлових будинках та спорудах","ПРИМІЩЕННЯ В Ж/Б","ІНШЕ",Київська міська рада,22883141,"КОМУНАЛЬНЕ ПІДПРИЄМСТВО ""КЕРУЮЧА КОМПАНІЯ З ОБСЛУГОВУВАННЯ ЖИТЛОВОГО ФОНДУ ДЕСНЯНСЬКОГО РАЙОНУ М.КИЄВА""","39605452",null,null,"10.6000.01","Приміщення в житлових будинках та спорудах",кв. м.,"73.5",UA80000000000093317,null,Україна,м. Київ,null,null,null,"ДЕСНЯНСЬКИЙ","КОСМОНАВТА ПОПОВИЧА (КОСМОНАВТА ВОЛКОВА)",xxx,null,null,Зареєстровано,"2227182180000",null,null,"ЗАДОВІЛЬНИЙ",null,2025-01-16
3646-51802,null,"ГОСПОДАРСЬКЕ ПРИМІЩЕННЯ","10.1220.10.023-Будівлі адміністративні","ОКРЕМО СТОЯЧИЙ","ГОСПОДАРСЬКЕ ПРИМІЩЕННЯ",Київська міська рада,22883141,"КОМУНАЛЬНЕ ПІДПРИЄМСТВО ""КЕРУЮЧА КОМПАНІЯ З ОБСЛУГОВУВАННЯ ЖИТЛОВОГО ФОНДУ ДЕСНЯНСЬКОГО РАЙОНУ М.КИЄВА""","39605452",null,null,"10.1220.10.023","Будівлі адміністративні",кв. м.,"855.1",UA80000000000093317,"02166",Україна,м. Київ,null,null,null,"ДЕСНЯНСЬКИЙ","КУБАНСЬКОЇ УКРАЇНИ (ЖУКОВА МАРШАЛА)",xxx,null,null,Зареєстровано,"2740834680000",null,null,"ЗАДОВІЛЬНИЙ",null,2025-03-21
3647-51802,null,"ГОСПОДАРСЬКЕ ПРИМІЩЕННЯ","10.1220.10.023-Будівлі адміністративні","ОКРЕМО СТОЯЧИЙ","ГОСПОДАРСЬКЕ ПРИМІЩЕННЯ",Київська міська рада,22883141,"КОМУНАЛЬНЕ ПІДПРИЄМСТВО ""КЕРУЮЧА КОМПАНІЯ З ОБСЛУГОВУВАННЯ ЖИТЛОВОГО ФОНДУ ДЕСНЯНСЬКОГО РАЙОНУ М.КИЄВА""","39605452",null,null,"10.1220.10.023","Будівлі адміністративні",кв. м.,"855.1",UA80000000000093317,"02166",Україна,м. Київ,null,null,null,"ДЕСНЯНСЬКИЙ","КУБАНСЬКОЇ УКРАЇНИ (ЖУКОВА МАРШАЛА)",xxx,null,null,Зареєстровано,"2740834680000",null,null,"ЗАДОВІЛЬНИЙ",null,2025-03-21
3650-49778,null,"МАЙСТЕРНЯ","10.6000.01.001-Приміщення основні","ОКРЕМО СТОЯЧИЙ","АДМІНІСТРАТИВНО-ПОБУТОВЕ",Київська міська рада,22883141,"КОМУНАЛЬНЕ ПІДПРИЄМСТВО ""КЕРУЮЧА КОМПАНІЯ З ОБСЛУГОВУВАННЯ ЖИТЛОВОГО ФОНДУ ГОЛОСІЇВСЬКОГО РАЙОНУ М.КИЄВА""","32375554",null,null,"10.6000.01.001","Приміщення основні",кв. м.,"54.1",UA80000000000093317,"03028",Україна,м. Київ,null,null,null,"ГОЛОСІЇВСЬКИЙ"," НАУКИ ПРОСПЕКТ",xxx,null,null,Зареєстровано,"2173275480000",null,null,"ЗАДОВІЛЬНИЙ",null,2025-04-15
3660-47247,null,"ПОЛІКЛІНІКА","10.1264.40.010-Центри первинної медико-санітарної допомоги","ОКРЕМО СТОЯЧИЙ","МЕДИЧНІ ПОСЛУГИ",Київська міська рада,22883141,"КОМУНАЛЬНЕ НЕКОМЕРЦІЙНЕ ПІДПРИЄМСТВО ""ЦЕНТР ПЕРВИННОЇ МЕДИКО-САНІТАРНОЇ ДОПОМОГИ № 4"" ДЕСНЯНСЬКОГО РАЙОНУ М. КИЄВА","38960345",null,null,"10.1264.40.010","Центри первинної медико-санітарної допомоги",кв. м.,"5624.4",UA80000000000093317,null,Україна,м. Київ,null,null,null,"ДЕСНЯНСЬКИЙ","ЧЕРВОНОЇ КАЛИНИ (ВОЛОДИМИРА МАЯКОВСЬКОГО)",xxx,null,null,Зареєстровано,"1268621080000",null,null,"ЗАДОВІЛЬНИЙ",null,2025-04-01
3665-48446,null,"оренда-ГО, БО, бюджетна установа (ДМС),офіс, склад, видавництво, вільні, (129,8 кв.м НАЙПРОСТІШЕ УКРИТТЯ)","10.12-Будівлі (приміщення) нежитлові","ПРИМІЩЕННЯ В Ж/Б","ІНШЕ",Київська міська рада,22883141,"КОМУНАЛЬНЕ ПІДПРИЄМСТВО ""КЕРУЮЧА КОМПАНІЯ З ОБСЛУГОВУВАННЯ ЖИТЛОВОГО ФОНДУ ПЕЧЕРСЬКОГО РАЙОНУ М.КИЄВА""","35692211",null,null,"10.12","Будівлі (приміщення) нежитлові",кв. м.,"3028.31",UA80000000000093317,null,Україна,м. Київ,null,null,null,"ПЕЧЕРСЬКИЙ","ПЕЧЕРСЬКИЙ УЗВІЗ",xxx,null,null,Зареєстровано,"1291756800000",null,null,"ЗАДОВІЛЬНИЙ",null,2025-02-25
3666-56740,null,"Центральний тепловий пункт (групи приміщень №1,2,3,4)","10.2222.22-Центральні теплові пункти (ЦТП)","ОКРЕМО СТОЯЧИЙ","ТЕПЛОВИЙ ПУНКТ",Київська міська рада,22883141,"КОМУНАЛЬНЕ ПІДПРИЄМСТВО ВИКОНАВЧОГО ОРГАНУ КИЇВРАДИ (КИЇВСЬКОЇ МІСЬКОЇ ДЕРЖАВНОЇ АДМІНІСТРАЦІЇ) КИЇВТЕПЛОЕНЕРГО","40538421",null,null,"10.2222.22","Центральні теплові пункти (ЦТП)",кв. м.,"460.2",UA80000000000093317,"02232",Україна,м. Київ,null,null,null,"ДЕСНЯНСЬКИЙ","ЧЕРВОНОЇ КАЛИНИ (ВОЛОДИМИРА МАЯКОВСЬКОГО)",xxx,null,null,Невідомо,null,null,null,"ЗАДОВІЛЬНИЙ",null,2025-04-01
3689-28875,null,"КУХНЯ МОЛОЧНА","10.11-Будівлі житлові","ПРИБУДОВАНЕ ПРИМІЩ.","КУХНЯ",Київська міська рада,22883141,"КОМУНАЛЬНЕ НЕКОМЕРЦІЙНЕ ПІДПРИЄМСТВО ДИТЯЧА КЛІНІЧНА ЛІКАРНЯ №4 СОЛОМ'ЯНСЬКОГО РАЙОНУ МІСТА КИЄВА ВИКОНАВЧОГО ОРГАНУ КИЇВСЬКОЇ МІСЬКОЇ РАДИ (КИЇВСЬКОЇ МІСЬКОЇ ДЕРЖАВНОЇ АДМІНІСТРАЦІЇ)","01994037",null,null,"10.11","Будівлі житлові",кв. м.,"906.3",UA80000000000093317,"03057",Україна,м. Київ,null,null,null,"СОЛОМ'ЯНСЬКИЙ","КОВАЛЬСЬКИЙ ПРОВ.",xxx,null,null,Зареєстровано,"1418176280000",null,null,"ЗАДОВІЛЬНИЙ",null,2024-04-04
3698-48165,null,"оренда- відділення поштового зв язку, вільні, власні потреби (тех. дільниця)","10.12-Будівлі (приміщення) нежитлові","ПРИМІЩЕННЯ В Ж/Б","ІНШЕ",Київська міська рада,22883141,"КОМУНАЛЬНЕ ПІДПРИЄМСТВО ""КЕРУЮЧА КОМПАНІЯ З ОБСЛУГОВУВАННЯ ЖИТЛОВОГО ФОНДУ ПЕЧЕРСЬКОГО РАЙОНУ М.КИЄВА""","35692211",null,null,"10.12","Будівлі (приміщення) нежитлові",кв. м.,"3776.26",UA80000000000093317,null,Україна,м. Київ,null,null,null,"ПЕЧЕРСЬКИЙ","ПРОВ. ЄВГЕНА ГУЦАЛА (КУТУЗОВА ПРОВ.)",xxx,null,null,Зареєстровано,"1144724080000",null,null,"ЗАДОВІЛЬНИЙ",null,2025-02-28
3700-48399,null,"творчі майстерні, поліклініка МВС, профспілки, побутові послуги, вільні, власні потреби","10.12-Будівлі (приміщення) нежитлові","ПРИМІЩЕННЯ В Ж/Б","ІНШЕ",Київська міська рада,22883141,"КОМУНАЛЬНЕ ПІДПРИЄМСТВО ""КЕРУЮЧА КОМПАНІЯ З ОБСЛУГОВУВАННЯ ЖИТЛОВОГО ФОНДУ ПЕЧЕРСЬКОГО РАЙОНУ М.КИЄВА""","35692211",null,null,"10.12","Будівлі (приміщення) нежитлові",кв. м.,"11214.81",UA80000000000093317,null,Україна,м. Київ,null,null,null,"ПЕЧЕРСЬКИЙ","БОГОМОЛЬЦЯ АКАДЕМІКА",xxx,null,null,Зареєстровано,"1563677580000",null,null,"ЗАДОВІЛЬНИЙ",null,2025-05-29
3701-48399,null,"творчі майстерні, поліклініка МВС, профспілки, побутові послуги, вільні, власні потреби","10.12-Будівлі (приміщення) нежитлові","ПРИМІЩЕННЯ В Ж/Б","ІНШЕ",Київська міська рада,22883141,"КОМУНАЛЬНЕ ПІДПРИЄМСТВО ""КЕРУЮЧА КОМПАНІЯ З ОБСЛУГОВУВАННЯ ЖИТЛОВОГО ФОНДУ ПЕЧЕРСЬКОГО РАЙОНУ М.КИЄВА""","35692211",null,null,"10.12","Будівлі (приміщення) нежитлові",кв. м.,"11214.81",UA80000000000093317,null,Україна,м. Київ,null,null,null,"ПЕЧЕРСЬКИЙ","БОГОМОЛЬЦЯ АКАДЕМІКА",xxx,null,null,Зареєстровано,"1563677580000",null,null,"ЗАДОВІЛЬНИЙ",null,2025-05-29
3706-54174,null,"оренда- господарські потреби, ГО-заняття різними видами спорту, власні потреби, вільні","10.12-Будівлі (приміщення) нежитлові","ОКРЕМО СТОЯЧИЙ","ІНШЕ",Київська міська рада,22883141,"КОМУНАЛЬНЕ ПІДПРИЄМСТВО ""КЕРУЮЧА КОМПАНІЯ З ОБСЛУГОВУВАННЯ ЖИТЛОВОГО ФОНДУ ПЕЧЕРСЬКОГО РАЙОНУ М.КИЄВА""","35692211",null,null,"10.12","Будівлі (приміщення) нежитлові",кв. м.,"2357.91",UA80000000000093317,null,Україна,м. Київ,null,null,null,"ПЕЧЕРСЬКИЙ","ЛЕВАНДОВСЬКА (АНІЩЕНКА)",xxx,null,null,Зареєстровано,"2339144980000",null,null,"ЗАДОВІЛЬНИЙ",null,2025-02-25
3710-48049,null,"161,1 кв.м - НАЙПРОСТІШЕ УКРИТТЯ, 81,3 кв.м (самозахопл.), 79,4 кв.м (поверн. до ком. власн., лист)","10.12-Будівлі (приміщення) нежитлові","ПРИМІЩЕННЯ В Ж/Б","ІНШЕ",Київська міська рада,22883141,"КОМУНАЛЬНЕ ПІДПРИЄМСТВО ""КЕРУЮЧА КОМПАНІЯ З ОБСЛУГОВУВАННЯ ЖИТЛОВОГО ФОНДУ ПЕЧЕРСЬКОГО РАЙОНУ М.КИЄВА""","35692211",null,null,"10.12","Будівлі (приміщення) нежитлові",кв. м.,"2954.2",UA80000000000093317,null,Україна,м. Київ,null,null,null,"ПЕЧЕРСЬКИЙ","МИХАЙЛА БОЙЧУКА (КІКВІДЗЕ)",xxx,null,null,Зареєстровано,"1771138680000",null,null,"ЗАДОВІЛЬНИЙ",null,2025-04-07
3714-47472,null,"оренда - ТОВ, вільні","10.12-Будівлі (приміщення) нежитлові","ПРИМІЩЕННЯ В Ж/Б","ІНШЕ",Київська міська рада,22883141,"КОМУНАЛЬНЕ ПІДПРИЄМСТВО ""КЕРУЮЧА КОМПАНІЯ З ОБСЛУГОВУВАННЯ ЖИТЛОВОГО ФОНДУ ПЕЧЕРСЬКОГО РАЙОНУ М.КИЄВА""","35692211",null,null,"10.12","Будівлі (приміщення) нежитлові",кв. м.,"1421.6",UA80000000000093317,null,Україна,м. Київ,null,null,null,"ПЕЧЕРСЬКИЙ","МАЛА ШИЯНОВСЬКА (НЕМИРОВИЧА-ДАНЧЕНКА)",xxx,null,null,Зареєстровано,"1570896180000",null,null,"ЗАДОВІЛЬНИЙ",null,2025-02-25
3717-48090,null,"оренда - офіс, ГО, вільні","10.12-Будівлі (приміщення) нежитлові","ПРИМІЩЕННЯ В Ж/Б","ІНШЕ",Київська міська рада,22883141,"КОМУНАЛЬНЕ ПІДПРИЄМСТВО ""КЕРУЮЧА КОМПАНІЯ З ОБСЛУГОВУВАННЯ ЖИТЛОВОГО ФОНДУ ПЕЧЕРСЬКОГО РАЙОНУ М.КИЄВА""","35692211",null,null,"10.12","Будівлі (приміщення) нежитлові",кв. м.,"908.7",UA80000000000093317,null,Україна,м. Київ,null,null,null,"ПЕЧЕРСЬКИЙ","ПІДВИСОЦЬКОГО ПРОФЕСОРА",xxx,null,null,Зареєстровано,"1705188880000",null,null,"ЗАДОВІЛЬНИЙ",null,2025-03-11
3721-48151,null,"вільні","10.12-Будівлі (приміщення) нежитлові","ПРИМІЩЕННЯ В Ж/Б","ІНШЕ",Київська міська рада,22883141,"КОМУНАЛЬНЕ ПІДПРИЄМСТВО ""КЕРУЮЧА КОМПАНІЯ З ОБСЛУГОВУВАННЯ ЖИТЛОВОГО ФОНДУ ПЕЧЕРСЬКОГО РАЙОНУ М.КИЄВА""","35692211",null,null,"10.12","Будівлі (приміщення) нежитлові",кв. м.,"2946.6",UA80000000000093317,null,Україна,м. Київ,null,null,null,"ПЕЧЕРСЬКИЙ","ЦИТАДЕЛЬНА",xxx,null,null,Зареєстровано,"1547147780000",null,null,"ЗАДОВІЛЬНИЙ",null,2025-02-28
3740-44544,null,"НАВЧАЛЬНО-ВИХОВНИЙ КОМПЛЕКС ДОПРОФЕСІЙНОЇ ПІДГОТОВКИ ТА ТЕХНІЧНОЇ ТВОРЧОСТІ МОЛОДІ","10.12-Будівлі (приміщення) нежитлові","ОКРЕМО СТОЯЧИЙ","БУДИНОК ШКОЛЯРІВ",Київська міська рада,22883141,"НАВЧАЛЬНО-ВИХОВНИЙ КОМПЛЕКС ДОПРОФЕСІЙНОЇ ПІДГОТОВКИ ТА ТЕХНІЧНОЇ ТВОРЧОСТІ МОЛОДІ М.КИЄВА","22880289",null,null,"10.12","Будівлі (приміщення) нежитлові",кв. м.,"3463.7",UA80000000000093317,"03049",Україна,м. Київ,null,null,null,"СОЛОМ'ЯНСЬКИЙ","ПАТРІАРХА МСТИСЛАВА СКРИПНИКА (ОСТРОВСЬКОГО МИКОЛИ)",xxx,null,null,Зареєстровано,"1514146480000",null,null,"ЗАДОВІЛЬНИЙ",null,2025-04-09
3741-44544,null,"НАВЧАЛЬНО-ВИХОВНИЙ КОМПЛЕКС ДОПРОФЕСІЙНОЇ ПІДГОТОВКИ ТА ТЕХНІЧНОЇ ТВОРЧОСТІ МОЛОДІ","10.12-Будівлі (приміщення) нежитлові","ОКРЕМО СТОЯЧИЙ","БУДИНОК ШКОЛЯРІВ",Київська міська рада,22883141,"НАВЧАЛЬНО-ВИХОВНИЙ КОМПЛЕКС ДОПРОФЕСІЙНОЇ ПІДГОТОВКИ ТА ТЕХНІЧНОЇ ТВОРЧОСТІ МОЛОДІ М.КИЄВА","22880289",null,null,"10.12","Будівлі (приміщення) нежитлові",кв. м.,"3463.7",UA80000000000093317,"03049",Україна,м. Київ,null,null,null,"СОЛОМ'ЯНСЬКИЙ","ПАТРІАРХА МСТИСЛАВА СКРИПНИКА (ОСТРОВСЬКОГО МИКОЛИ)",xxx,null,null,Зареєстровано,"1514146480000",null,null,"ЗАДОВІЛЬНИЙ",null,2025-04-09
3743-44544,null,"НАВЧАЛЬНО-ВИХОВНИЙ КОМПЛЕКС ДОПРОФЕСІЙНОЇ ПІДГОТОВКИ ТА ТЕХНІЧНОЇ ТВОРЧОСТІ МОЛОДІ","10.12-Будівлі (приміщення) нежитлові","ОКРЕМО СТОЯЧИЙ","БУДИНОК ШКОЛЯРІВ",Київська міська рада,22883141,"НАВЧАЛЬНО-ВИХОВНИЙ КОМПЛЕКС ДОПРОФЕСІЙНОЇ ПІДГОТОВКИ ТА ТЕХНІЧНОЇ ТВОРЧОСТІ МОЛОДІ М.КИЄВА","22880289",null,null,"10.12","Будівлі (приміщення) нежитлові",кв. м.,"3463.7",UA80000000000093317,"03049",Україна,м. Київ,null,null,null,"СОЛОМ'ЯНСЬКИЙ","ПАТРІАРХА МСТИСЛАВА СКРИПНИКА (ОСТРОВСЬКОГО МИКОЛИ)",xxx,null,null,Зареєстровано,"1514146480000",null,null,"ЗАДОВІЛЬНИЙ",null,2025-04-09
3744-44544,null,"НАВЧАЛЬНО-ВИХОВНИЙ КОМПЛЕКС ДОПРОФЕСІЙНОЇ ПІДГОТОВКИ ТА ТЕХНІЧНОЇ ТВОРЧОСТІ МОЛОДІ","10.12-Будівлі (приміщення) нежитлові","ОКРЕМО СТОЯЧИЙ","БУДИНОК ШКОЛЯРІВ",Київська міська рада,22883141,"НАВЧАЛЬНО-ВИХОВНИЙ КОМПЛЕКС ДОПРОФЕСІЙНОЇ ПІДГОТОВКИ ТА ТЕХНІЧНОЇ ТВОРЧОСТІ МОЛОДІ М.КИЄВА","22880289",null,null,"10.12","Будівлі (приміщення) нежитлові",кв. м.,"3463.7",UA80000000000093317,"03049",Україна,м. Київ,null,null,null,"СОЛОМ'ЯНСЬКИЙ","ПАТРІАРХА МСТИСЛАВА СКРИПНИКА (ОСТРОВСЬКОГО МИКОЛИ)",xxx,null,null,Зареєстровано,"1514146480000",null,null,"ЗАДОВІЛЬНИЙ",null,2025-04-09
3745-44544,null,"НАВЧАЛЬНО-ВИХОВНИЙ КОМПЛЕКС ДОПРОФЕСІЙНОЇ ПІДГОТОВКИ ТА ТЕХНІЧНОЇ ТВОРЧОСТІ МОЛОДІ","10.12-Будівлі (приміщення) нежитлові","ОКРЕМО СТОЯЧИЙ","БУДИНОК ШКОЛЯРІВ",Київська міська рада,22883141,"НАВЧАЛЬНО-ВИХОВНИЙ КОМПЛЕКС ДОПРОФЕСІЙНОЇ ПІДГОТОВКИ ТА ТЕХНІЧНОЇ ТВОРЧОСТІ МОЛОДІ М.КИЄВА","22880289",null,null,"10.12","Будівлі (приміщення) нежитлові",кв. м.,"3463.7",UA80000000000093317,"03049",Україна,м. Київ,null,null,null,"СОЛОМ'ЯНСЬКИЙ","ПАТРІАРХА МСТИСЛАВА СКРИПНИКА (ОСТРОВСЬКОГО МИКОЛИ)",xxx,null,null,Зареєстровано,"1514146480000",null,null,"ЗАДОВІЛЬНИЙ",null,2025-04-09
3746-44544,null,"НАВЧАЛЬНО-ВИХОВНИЙ КОМПЛЕКС ДОПРОФЕСІЙНОЇ ПІДГОТОВКИ ТА ТЕХНІЧНОЇ ТВОРЧОСТІ МОЛОДІ","10.12-Будівлі (приміщення) нежитлові","ОКРЕМО СТОЯЧИЙ","БУДИНОК ШКОЛЯРІВ",Київська міська рада,22883141,"НАВЧАЛЬНО-ВИХОВНИЙ КОМПЛЕКС ДОПРОФЕСІЙНОЇ ПІДГОТОВКИ ТА ТЕХНІЧНОЇ ТВОРЧОСТІ МОЛОДІ М.КИЄВА","22880289",null,null,"10.12","Будівлі (приміщення) нежитлові",кв. м.,"3463.7",UA80000000000093317,"03049",Україна,м. Київ,null,null,null,"СОЛОМ'ЯНСЬКИЙ","ПАТРІАРХА МСТИСЛАВА СКРИПНИКА (ОСТРОВСЬКОГО МИКОЛИ)",xxx,null,null,Зареєстровано,"1514146480000",null,null,"ЗАДОВІЛЬНИЙ",null,2025-04-09
3747-44544,null,"НАВЧАЛЬНО-ВИХОВНИЙ КОМПЛЕКС ДОПРОФЕСІЙНОЇ ПІДГОТОВКИ ТА ТЕХНІЧНОЇ ТВОРЧОСТІ МОЛОДІ","10.12-Будівлі (приміщення) нежитлові","ОКРЕМО СТОЯЧИЙ","БУДИНОК ШКОЛЯРІВ",Київська міська рада,22883141,"НАВЧАЛЬНО-ВИХОВНИЙ КОМПЛЕКС ДОПРОФЕСІЙНОЇ ПІДГОТОВКИ ТА ТЕХНІЧНОЇ ТВОРЧОСТІ МОЛОДІ М.КИЄВА","22880289",null,null,"10.12","Будівлі (приміщення) нежитлові",кв. м.,"3463.7",UA80000000000093317,"03049",Україна,м. Київ,null,null,null,"СОЛОМ'ЯНСЬКИЙ","ПАТРІАРХА МСТИСЛАВА СКРИПНИКА (ОСТРОВСЬКОГО МИКОЛИ)",xxx,null,null,Зареєстровано,"1514146480000",null,null,"ЗАДОВІЛЬНИЙ",null,2025-04-09
3748-44544,null,"НАВЧАЛЬНО-ВИХОВНИЙ КОМПЛЕКС ДОПРОФЕСІЙНОЇ ПІДГОТОВКИ ТА ТЕХНІЧНОЇ ТВОРЧОСТІ МОЛОДІ","10.12-Будівлі (приміщення) нежитлові","ОКРЕМО СТОЯЧИЙ","БУДИНОК ШКОЛЯРІВ",Київська міська рада,22883141,"НАВЧАЛЬНО-ВИХОВНИЙ КОМПЛЕКС ДОПРОФЕСІЙНОЇ ПІДГОТОВКИ ТА ТЕХНІЧНОЇ ТВОРЧОСТІ МОЛОДІ М.КИЄВА","22880289",null,null,"10.12","Будівлі (приміщення) нежитлові",кв. м.,"3463.7",UA80000000000093317,"03049",Україна,м. Київ,null,null,null,"СОЛОМ'ЯНСЬКИЙ","ПАТРІАРХА МСТИСЛАВА СКРИПНИКА (ОСТРОВСЬКОГО МИКОЛИ)",xxx,null,null,Зареєстровано,"1514146480000",null,null,"ЗАДОВІЛЬНИЙ",null,2025-04-09
3749-44544,null,"НАВЧАЛЬНО-ВИХОВНИЙ КОМПЛЕКС ДОПРОФЕСІЙНОЇ ПІДГОТОВКИ ТА ТЕХНІЧНОЇ ТВОРЧОСТІ МОЛОДІ","10.12-Будівлі (приміщення) нежитлові","ОКРЕМО СТОЯЧИЙ","БУДИНОК ШКОЛЯРІВ",Київська міська рада,22883141,"НАВЧАЛЬНО-ВИХОВНИЙ КОМПЛЕКС ДОПРОФЕСІЙНОЇ ПІДГОТОВКИ ТА ТЕХНІЧНОЇ ТВОРЧОСТІ МОЛОДІ М.КИЄВА","22880289",null,null,"10.12","Будівлі (приміщення) нежитлові",кв. м.,"3463.7",UA80000000000093317,"03049",Україна,м. Київ,null,null,null,"СОЛОМ'ЯНСЬКИЙ","ПАТРІАРХА МСТИСЛАВА СКРИПНИКА (ОСТРОВСЬКОГО МИКОЛИ)",xxx,null,null,Зареєстровано,"1514146480000",null,null,"ЗАДОВІЛЬНИЙ",null,2025-04-09
3750-44544,null,"НАВЧАЛЬНО-ВИХОВНИЙ КОМПЛЕКС ДОПРОФЕСІЙНОЇ ПІДГОТОВКИ ТА ТЕХНІЧНОЇ ТВОРЧОСТІ МОЛОДІ","10.12-Будівлі (приміщення) нежитлові","ОКРЕМО СТОЯЧИЙ","БУДИНОК ШКОЛЯРІВ",Київська міська рада,22883141,"НАВЧАЛЬНО-ВИХОВНИЙ КОМПЛЕКС ДОПРОФЕСІЙНОЇ ПІДГОТОВКИ ТА ТЕХНІЧНОЇ ТВОРЧОСТІ МОЛОДІ М.КИЄВА","22880289",null,null,"10.12","Будівлі (приміщення) нежитлові",кв. м.,"3463.7",UA80000000000093317,"03049",Україна,м. Київ,null,null,null,"СОЛОМ'ЯНСЬКИЙ","ПАТРІАРХА МСТИСЛАВА СКРИПНИКА (ОСТРОВСЬКОГО МИКОЛИ)",xxx,null,null,Зареєстровано,"1514146480000",null,null,"ЗАДОВІЛЬНИЙ",null,2025-04-09
3751-44544,null,"НАВЧАЛЬНО-ВИХОВНИЙ КОМПЛЕКС ДОПРОФЕСІЙНОЇ ПІДГОТОВКИ ТА ТЕХНІЧНОЇ ТВОРЧОСТІ МОЛОДІ","10.12-Будівлі (приміщення) нежитлові","ОКРЕМО СТОЯЧИЙ","БУДИНОК ШКОЛЯРІВ",Київська міська рада,22883141,"НАВЧАЛЬНО-ВИХОВНИЙ КОМПЛЕКС ДОПРОФЕСІЙНОЇ ПІДГОТОВКИ ТА ТЕХНІЧНОЇ ТВОРЧОСТІ МОЛОДІ М.КИЄВА","22880289",null,null,"10.12","Будівлі (приміщення) нежитлові",кв. м.,"3463.7",UA80000000000093317,"03049",Україна,м. Київ,null,null,null,"СОЛОМ'ЯНСЬКИЙ","ПАТРІАРХА МСТИСЛАВА СКРИПНИКА (ОСТРОВСЬКОГО МИКОЛИ)",xxx,null,null,Зареєстровано,"1514146480000",null,null,"ЗАДОВІЛЬНИЙ",null,2025-04-09
3752-16179,null,"НЕЖИТЛОВІ ПРИМІЩЕННЯ","10.12-Будівлі (приміщення) нежитлові","ПРИМІЩЕННЯ В Н/Б","КОМБІНАТ ПОБУТОВОГО ОБСЛУГОВ.",Київська міська рада,22883141,"КОМУНАЛЬНЕ ПІДПРИЄМСТВО ""ВАТУТІНСЬКІНВЕСТБУД""","30977943",null,null,"10.12","Будівлі (приміщення) нежитлові",кв. м.,"1480.1",UA80000000000093317,"02217",Україна,м. Київ,null,null,null,"ДЕСНЯНСЬКИЙ","ЗАКРЕВСЬКОГО МИКОЛИ",xxx,null,null,Зареєстровано,"1522923380000",null,null,"ЗАДОВІЛЬНИЙ",null,2025-04-10
3763-41593,null,"ТЕПЛИЦЯ","10.1271.60.002-Теплиці","ОКРЕМО СТОЯЧИЙ","ТЕПЛИЦЯ",Київська міська рада,22883141,"КОМУНАЛЬНИЙ ЗАКЛАД СПЕЦІАЛІЗОВАНА ШКОЛА І-ІІІ СТУПЕНІВ № 247 З ПОГЛИБЛЕНИМ ВИВЧЕННЯМ ІНОЗЕМНИХ МОВ ДЕСНЯНСЬКОГО РАЙОНУ МІСТА КИЄВА","03598788",null,null,"10.1271.60.002","Теплиці",кв. м.,"76.5",UA80000000000093317,"02217",Україна,м. Київ,null,null,null,"ДЕСНЯНСЬКИЙ","ЗАКРЕВСЬКОГО МИКОЛИ",xxx,null,null,Невідомо,null,null,null,"ЗАДОВІЛЬНИЙ",null,2025-04-14
3783-51920,null,"ГОСПОДАРСЬКЕ ПРИМІЩЕННЯ","10.1220.10.023-Будівлі адміністративні","ОКРЕМО СТОЯЧИЙ","ГОСПОДАРСЬКЕ ПРИМІЩЕННЯ",Київська міська рада,22883141,"КОМУНАЛЬНЕ ПІДПРИЄМСТВО ""КЕРУЮЧА КОМПАНІЯ З ОБСЛУГОВУВАННЯ ЖИТЛОВОГО ФОНДУ ДЕСНЯНСЬКОГО РАЙОНУ М.КИЄВА""","39605452",null,null,"10.1220.10.023","Будівлі адміністративні",кв. м.,"1210.2",UA80000000000093317,"02225",Україна,м. Київ,null,null,null,"ДЕСНЯНСЬКИЙ","БЕРЕТТІ ВІКЕНТІЯ",xxx,null,null,Невідомо,null,null,null,"ЗАДОВІЛЬНИЙ",null,2025-03-21
3784-41607,null,"ТЕПЛИЦЯ","10.1263.30.001-Будівлі шкіл загальноосвітніх","ОКРЕМО СТОЯЧИЙ","ТЕПЛИЦЯ",Київська міська рада,22883141,"ШКОЛА І-ІІІ СТУПЕНІВ № 306 ДЕСНЯНСЬКОГО РАЙОНУ МІСТА КИЄВА","22906505",null,null,"10.1263.30.001","Будівлі шкіл загальноосвітніх",кв. м.,"141.0",UA80000000000093317,"02163",Україна,м. Київ,null,null,null,"ДЕСНЯНСЬКИЙ","ЛІСКІВСЬКА",xxx,null,null,Зареєстровано,"1484449280000",null,null,"ПОТРЕБУЄ РЕМОНТУ",null,2025-04-15
3789-8265,null,"ШКОЛА 207","10.12-Будівлі (приміщення) нежитлові","ОКРЕМО СТОЯЧИЙ","ШКОЛА",Київська міська рада,22883141,"СПЕЦІАЛІЗОВАНА ШКОЛА І-ІІІ СТУПЕНІВ №207 З ПОГЛИБЛЕНИМ ВИВЧЕННЯМ АНГЛІЙСЬКОЇ МОВИ ДЕСНЯНСЬКОГО РАЙОНУ МІСТА КИЄВА","03598721",null,null,"10.12","Будівлі (приміщення) нежитлові",кв. м.,"5231.8",UA80000000000093317,null,Україна,м. Київ,null,null,null,"ДЕСНЯНСЬКИЙ"," ЛІСОВИЙ ПРОСПЕКТ",xxx,null,null,Зареєстровано,"37863288000",null,null,"ЗАДОВІЛЬНИЙ",null,2025-04-03
3801-51937,null,"АДМІНІСТРАТИВНЕ","10.1220.10.023-Будівлі адміністративні","ОКРЕМО СТОЯЧИЙ","АДМІНІСТРАТИВНЕ",Київська міська рада,22883141,"КОМУНАЛЬНЕ ПІДПРИЄМСТВО ""КЕРУЮЧА КОМПАНІЯ З ОБСЛУГОВУВАННЯ ЖИТЛОВОГО ФОНДУ ДЕСНЯНСЬКОГО РАЙОНУ М.КИЄВА""","39605452",null,null,"10.1220.10.023","Будівлі адміністративні",кв. м.,"1250.9",UA80000000000093317,"02225",Україна,м. Київ,null,null,null,"ДЕСНЯНСЬКИЙ","КАШТАНОВА",xxx,null,null,Зареєстровано,"2931356480000",null,null,"ЗАДОВІЛЬНИЙ",null,2025-03-21
3802-8280,null,"ШКОЛА 147","10.1263.30.001-Будівлі шкіл загальноосвітніх","ОКРЕМО СТОЯЧИЙ","ШКОЛА",Київська міська рада,22883141,"СЕРЕДНЯ ЗАГАЛЬНООСВІТНЯ ШКОЛА I-III СТУПЕНІВ №147 ДЕСНЯНСЬКОГО Р-НУ","03875070",null,null,"10.1263.30.001","Будівлі шкіл загальноосвітніх",кв. м.,"5626.8",UA80000000000093317,"02166",Україна,м. Київ,null,null,null,"ДЕСНЯНСЬКИЙ"," ЛІСОВИЙ ПРОСПЕКТ",xxx,null,null,Невідомо,null,null,null,"ЗАДОВІЛЬНИЙ",null,2025-04-10
3803-2135,null,"БІБЛІОТЕКА №115","10.1262.20.001-Будівлі бібліотек","ОКРЕМО СТОЯЧИЙ","БІБЛІОТЕКА",Київська міська рада,22883141,"УПРАВЛІННЯ КУЛЬТУРИ ДЕСНЯНСЬКОЇ РАЙОННОЇ В МІСТІ КИЄВІ ДЕРЖАВНОЇ АДМІНІСТРАЦІЇ","37501627",null,null,"10.1262.20.001","Будівлі бібліотек",кв. м.,"1088.7",UA80000000000093317,"02225",Україна,м. Київ,null,null,null,"ДЕСНЯНСЬКИЙ","ОНОРЕ ДЕ БАЛЬЗАКА",xxx,null,null,Зареєстровано,"1546855480000",null,null,"ЗАДОВІЛЬНИЙ",null,2025-04-02
3859-51090,null,"оренда-творча майстерня, власні потреби, вільне","10.12-Будівлі (приміщення) нежитлові","ПРИМІЩЕННЯ В Ж/Б","ІНШЕ",Київська міська рада,22883141,"КОМУНАЛЬНЕ ПІДПРИЄМСТВО ""КЕРУЮЧА КОМПАНІЯ З ОБСЛУГОВУВАННЯ ЖИТЛОВОГО ФОНДУ ПЕЧЕРСЬКОГО РАЙОНУ М.КИЄВА""","35692211",null,null,"10.12","Будівлі (приміщення) нежитлові",кв. м.,"2378.33",UA80000000000093317,"01042",Україна,м. Київ,null,null,null,"ПЕЧЕРСЬКИЙ","МАРІЇ ПРИЙМАЧЕНКО БУЛЬВ.",xxx,null,null,Зареєстровано,"2063353680000",null,null,"ЗАДОВІЛЬНИЙ",null,2025-02-25
3860-51090,null,"оренда-творча майстерня, власні потреби, вільне","10.12-Будівлі (приміщення) нежитлові","ПРИМІЩЕННЯ В Ж/Б","ІНШЕ",Київська міська рада,22883141,"КОМУНАЛЬНЕ ПІДПРИЄМСТВО ""КЕРУЮЧА КОМПАНІЯ З ОБСЛУГОВУВАННЯ ЖИТЛОВОГО ФОНДУ ПЕЧЕРСЬКОГО РАЙОНУ М.КИЄВА""","35692211",null,null,"10.12","Будівлі (приміщення) нежитлові",кв. м.,"2378.33",UA80000000000093317,"01042",Україна,м. Київ,null,null,null,"ПЕЧЕРСЬКИЙ","МАРІЇ ПРИЙМАЧЕНКО БУЛЬВ.",xxx,null,null,Зареєстровано,"2063353680000",null,null,"ЗАДОВІЛЬНИЙ",null,2025-02-25
3861-47246,null,"ПОЛІКЛІНІКА","10.1264.40.010-Центри первинної медико-санітарної допомоги","ОКРЕМО СТОЯЧИЙ","МЕДИЧНІ ПОСЛУГИ",Київська міська рада,22883141,"КОМУНАЛЬНЕ НЕКОМЕРЦІЙНЕ ПІДПРИЄМСТВО ""ЦЕНТР ПЕРВИННОЇ МЕДИКО-САНІТАРНОЇ ДОПОМОГИ № 4"" ДЕСНЯНСЬКОГО РАЙОНУ М. КИЄВА","38960345",null,null,"10.1264.40.010","Центри первинної медико-санітарної допомоги",кв. м.,"11029.4",UA80000000000093317,null,Україна,м. Київ,null,null,null,"ДЕСНЯНСЬКИЙ","ВИГУРІВСЬКИЙ БУЛЬВ.",xxx,null,null,Зареєстровано,"1268586780000",null,null,"ЗАДОВІЛЬНИЙ",null,2025-04-01
3876-15176,null,"ВИРОБНИЧЕ","10.6000.02.016-Виробничі приміщення","ОКРЕМО СТОЯЧИЙ","ВИРОБНИЧЕ",Київська міська рада,22883141,"КОМУНАЛЬНЕ ПІДПРИЄМСТВО МОЛОЧНА ФАБРИКА-КУХНЯ","24361046",null,null,"10.6000.02.016","Виробничі приміщення",кв. м.,"5493.1",UA80000000000093317,"02660",Україна,м. Київ,null,null,null,"ДЕСНЯНСЬКИЙ","ЕЛЕКТРОТЕХНІЧНА",xxx,null,null,Невідомо,null,null,null,"НЕЗАДОВІЛЬНИЙ",null,2023-10-19
3877-15177,null,"МАЙСТЕРНЯ","10.1230.70.002-Майстерні","ОКРЕМО СТОЯЧИЙ","МАЙСТЕРНЯ",Київська міська рада,22883141,"КОМУНАЛЬНЕ ПІДПРИЄМСТВО МОЛОЧНА ФАБРИКА-КУХНЯ","24361046",null,null,"10.1230.70.002","Майстерні",кв. м.,"562.2",UA80000000000093317,"02660",Україна,м. Київ,null,null,null,"ДЕСНЯНСЬКИЙ","ЕЛЕКТРОТЕХНІЧНА",xxx,null,null,Невідомо,null,null,null,"НЕЗАДОВІЛЬНИЙ",null,2023-10-19
3879-58614,null,"НЕЖИТЛОВИЙ ФОНД (ОРЕНДА, ВІЛЬНІ, ВЛАСНІ ПОТРЕБИ)","10.1300.00.001-Будівлі нежитлові окремо розташовані","ОКРЕМО СТОЯЧИЙ","АВАРІЙНА СЛУЖБА",Київська міська рада,22883141,"КОМУНАЛЬНЕ ПІДПРИЄМСТВО КЕРУЮЧА КОМПАНІЯ З ОБСЛУГОВУВАННЯ ЖИТЛОВОГО ФОНДУ СОЛОМ'ЯНСЬКОГО РАЙОНУ М. КИЄВА","35756919",null,null,"10.1300.00.001","Будівлі нежитлові окремо розташовані",кв. м.,"39.0",UA80000000000093317,null,Україна,м. Київ,null,null,null,"СОЛОМ'ЯНСЬКИЙ","СІМ’Ї ІДЗИКОВСЬКИХ (МИШИНА МИХАЙЛА)",xxx,null,null,Невідомо,null,null,null,"ЗАДОВІЛЬНИЙ",null,2024-12-26
3894-58611,null,"НЕЖИТЛОВИЙ ФОНД (ОРЕНДА, ВЛАСНІ ПОТРЕБИ, ВІЛЬНІ)","10.1230.60.009-Сміттєзбірники","ОКРЕМО СТОЯЧИЙ","СМІТТЄЗБІРНИК",Київська міська рада,22883141,"КОМУНАЛЬНЕ ПІДПРИЄМСТВО КЕРУЮЧА КОМПАНІЯ З ОБСЛУГОВУВАННЯ ЖИТЛОВОГО ФОНДУ СОЛОМ'ЯНСЬКОГО РАЙОНУ М. КИЄВА","35756919",null,null,"10.1230.60.009","Сміттєзбірники",кв. м.,"47.6",UA80000000000093317,null,Україна,м. Київ,null,null,null,"СОЛОМ'ЯНСЬКИЙ","ГАРМАТНА",xxx,null,null,Зареєстровано,"2582169480000",null,null,"ЗАДОВІЛЬНИЙ",null,2024-12-25
3901-54545,null,"Дошкільний навчальний заклад №248","10.1263.50.001-Будівлі дитячих садів","ОКРЕМО СТОЯЧИЙ","ДИТЯЧИЙ САДОК",Київська міська рада,22883141,"УПРАВЛІННЯ ОСВІТИ ДАРНИЦЬКОЇ РАЙОННОЇ В МІСТІ КИЄВІ ДЕРЖАВНОЇ АДМІНІСТРАЦІЇ","37448113",null,null,"10.1263.50.001","Будівлі дитячих садів",кв. м.,"1181.0",UA80000000000093317,"02091",Україна,м. Київ,null,null,null,"ДАРНИЦЬКИЙ","ТРОСТЯНЕЦЬКА",xxx,null,null,Зареєстровано,"1515736280000",null,null,"ЗАДОВІЛЬНИЙ",null,2025-01-24
3902-54545,null,"Дошкільний навчальний заклад №248","10.1263.50.001-Будівлі дитячих садів","ОКРЕМО СТОЯЧИЙ","ДИТЯЧИЙ САДОК",Київська міська рада,22883141,"УПРАВЛІННЯ ОСВІТИ ДАРНИЦЬКОЇ РАЙОННОЇ В МІСТІ КИЄВІ ДЕРЖАВНОЇ АДМІНІСТРАЦІЇ","37448113",null,null,"10.1263.50.001","Будівлі дитячих садів",кв. м.,"1181.0",UA80000000000093317,"02091",Україна,м. Київ,null,null,null,"ДАРНИЦЬКИЙ","ТРОСТЯНЕЦЬКА",xxx,null,null,Зареєстровано,"1515736280000",null,null,"ЗАДОВІЛЬНИЙ",null,2025-01-24
3910-51010,null,"КОМПЛ.ПІДПР.ПОБУТ. ОБСЛУГОВ.","10.6000.01-Приміщення в житлових будинках та спорудах","ПРИМІЩЕННЯ В Ж/Б","КОМПЛ.ПІДПР.ПОБУТ. ОБСЛУГОВ.",Київська міська рада,22883141,"КОМУНАЛЬНЕ ПІДПРИЄМСТВО ""КЕРУЮЧА КОМПАНІЯ З ОБСЛУГОВУВАННЯ ЖИТЛОВОГО ФОНДУ ДЕСНЯНСЬКОГО РАЙОНУ М.КИЄВА""","39605452",null,null,"10.6000.01","Приміщення в житлових будинках та спорудах",кв. м.,"295.7",UA80000000000093317,null,Україна,м. Київ,null,null,null,"ДЕСНЯНСЬКИЙ","РАДИСТІВ",xxx,null,null,Зареєстровано,"1157300380000",null,null,"ЗАДОВІЛЬНИЙ",null,2025-01-17
3988-17107,null,null,null,"ПРИМІЩЕННЯ В Ж/Б",null,Київська міська рада,22883141,"КОМУНАЛЬНЕ ПІДПРИЄМСТВО ""КЕРУЮЧА КОМПАНІЯ З ОБСЛУГОВУВАННЯ ЖИТЛОВОГО ФОНДУ ШЕВЧЕНКІВСЬКОГО РАЙОНУ М.КИЄВА""","34966254",null,null,null,null,кв. м.,"4942.11",UA80000000000093317,null,Україна,м. Київ,null,null,null,"ШЕВЧЕНКІВСЬКИЙ","СІЧОВИХ СТРІЛЬЦІВ",xxx,null,null,Зареєстровано,"1229582280000",null,null,"ЗАДОВІЛЬНИЙ",null,2024-11-12
3989-14877,null,"вільні (підвал -38,2 кв.м -доступ до приміщення відсутній)","10.6000.02.008-Вільні нежитлові приміщення","ОКРЕМО СТОЯЧИЙ","ІНШЕ",Київська міська рада,22883141,"КОМУНАЛЬНЕ ПІДПРИЄМСТВО ""КЕРУЮЧА КОМПАНІЯ З ОБСЛУГОВУВАННЯ ЖИТЛОВОГО ФОНДУ ШЕВЧЕНКІВСЬКОГО РАЙОНУ М.КИЄВА""","34966254",null,null,"10.6000.02.008","Вільні нежитлові приміщення",кв. м.,"2296.9",UA80000000000093317,null,Україна,м. Київ,null,null,null,"ШЕВЧЕНКІВСЬКИЙ","БУЛЬВАРНО-КУДРЯВСЬКА (ВОРОВСЬКОГО)",xxx,null,null,Зареєстровано,"1173206280000",null,null,"ЗАДОВІЛЬНИЙ",null,2024-08-06
4000-8177,null,"ШКОЛА І-ІІІ ступенів 306","10.1263.30.001-Будівлі шкіл загальноосвітніх","ОКРЕМО СТОЯЧИЙ","ШКОЛА",Київська міська рада,22883141,"ШКОЛА І-ІІІ СТУПЕНІВ № 306 ДЕСНЯНСЬКОГО РАЙОНУ МІСТА КИЄВА","22906505",null,null,"10.1263.30.001","Будівлі шкіл загальноосвітніх",кв. м.,"9988.9",UA80000000000093317,"02097",Україна,м. Київ,null,null,null,"ДЕСНЯНСЬКИЙ","ЛІСКІВСЬКА",xxx,null,null,Зареєстровано,"1484449280000",null,null,"ЗАДОВІЛЬНИЙ",null,2025-04-15
4018-54559,null,null,"10.6000.01-Приміщення в житлових будинках та спорудах","ПРИМІЩЕННЯ В Ж/Б","ІНШЕ",Київська міська рада,22883141,"КОМУНАЛЬНЕ ПІДПРИЄМСТВО ""КЕРУЮЧА КОМПАНІЯ З ОБСЛУГОВУВАННЯ ЖИТЛОВОГО ФОНДУ ДЕСНЯНСЬКОГО РАЙОНУ М.КИЄВА""","39605452",null,null,"10.6000.01","Приміщення в житлових будинках та спорудах",кв. м.,"9999.0",UA80000000000093317,null,Україна,м. Київ,null,null,null,"ДЕСНЯНСЬКИЙ","КУБАНСЬКОЇ УКРАЇНИ (ЖУКОВА МАРШАЛА)",xxx,null,null,Невідомо,null,null,null,"ЗАДОВІЛЬНИЙ",null,2025-04-01
4025-46696,null,"ЛІЦЕЙ 293","10.1263.30.025-Спеціалізовані школи","ОКРЕМО СТОЯЧИЙ","ШКОЛА",Київська міська рада,22883141,"ЛІЦЕЙ № 293 ДЕСНЯНСЬКОГО РАЙОНУ МІСТА КИЄВА","01489291",null,null,"10.1263.30.025","Спеціалізовані школи",кв. м.,"10780.1",UA80000000000093317,"02064",Україна,м. Київ,null,null,null,"ДЕСНЯНСЬКИЙ","МИЛОСЛАВСЬКА",xxx,null,null,Невідомо,null,null,null,"ЗАДОВІЛЬНИЙ",null,2025-04-04
4026-1795,null,"НЕЖИТЛОВІ ПРИМІЩЕННЯ","10.12-Будівлі (приміщення) нежитлові","ПРИМІЩЕННЯ В Н/Б","ПОБУТОВІ ПОСЛУГИ",Київська міська рада,22883141,"КОМУНАЛЬНЕ ПІДПРИЄМСТВО ""ВАТУТІНСЬКІНВЕСТБУД""","30977943",null,null,"10.12","Будівлі (приміщення) нежитлові",кв. м.,"3342.1",UA80000000000093317,"02166",Україна,м. Київ,null,null,null,"ДЕСНЯНСЬКИЙ","ОРЕСТА ЛЕВИЦЬКОГО (КУРЧАТОВА АКАДЕМІКА)",xxx,null,null,Зареєстровано,"1703759980000",null,null,"ЗАДОВІЛЬНИЙ",null,2025-04-10
4032-48399,null,"творчі майстерні, поліклініка МВС, профспілки, побутові послуги, вільні, власні потреби","10.12-Будівлі (приміщення) нежитлові","ПРИМІЩЕННЯ В Ж/Б","ІНШЕ",Київська міська рада,22883141,"КОМУНАЛЬНЕ ПІДПРИЄМСТВО ""КЕРУЮЧА КОМПАНІЯ З ОБСЛУГОВУВАННЯ ЖИТЛОВОГО ФОНДУ ПЕЧЕРСЬКОГО РАЙОНУ М.КИЄВА""","35692211",null,null,"10.12","Будівлі (приміщення) нежитлові",кв. м.,"11214.81",UA80000000000093317,null,Україна,м. Київ,null,null,null,"ПЕЧЕРСЬКИЙ","БОГОМОЛЬЦЯ АКАДЕМІКА",xxx,null,null,Зареєстровано,"1563677580000",null,null,"ЗАДОВІЛЬНИЙ",null,2025-05-29
4052-28523,null,"АДМІНІСТРАТИВНЕ","10.1220.10.023-Будівлі адміністративні","ОКРЕМО СТОЯЧИЙ","АДМІНІСТРАТИВНЕ",Київська міська рада,22883141,"ОБОЛОНСЬКА РАЙОННА В МІСТІ КИЄВІ ДЕРЖАВНА АДМІНІСТРАЦІЯ","37371727",null,null,"10.1220.10.023","Будівлі адміністративні",кв. м.,"4392.0",UA80000000000093317,null,Україна,м. Київ,null,null,null,"ОБОЛОНСЬКИЙ","ЛЕВКА ЛУК'ЯНЕНКА (МАРШАЛА ТИМОШЕНКА)",xxx,null,null,Зареєстровано,"1591221480000",null,null,"ЗАДОВІЛЬНИЙ",null,2024-04-19
4091-46048,null,"АДМІНІСТРАТИВНЕ","10.1220.10.023-Будівлі адміністративні","ПРИМІЩЕННЯ В Н/Б","АДМІНІСТРАТИВНЕ",Київська міська рада,22883141,"КОМУНАЛЬНЕ ПІДПРИЄМСТВО ""КИЇВЖИТЛОСПЕЦЕКСПЛУАТАЦІЯ""","03366500",null,null,"10.1220.10.023","Будівлі адміністративні",кв. м.,"1932.7",UA80000000000093317,"02166",Україна,м. Київ,null,null,null,"ДЕСНЯНСЬКИЙ","МІЛЮТЕНКА",xxx,null,null,Невідомо,null,null,null,"ЗАДОВІЛЬНИЙ",null,2025-04-03
4093-46098,null,"АДМІНІСТРАТИВНЕ","10.1-БУДІВЛІ","ОКРЕМО СТОЯЧИЙ","АДМІНІСТРАТИВНЕ",Київська міська рада,22883141,"КОМУНАЛЬНЕ ПІДПРИЄМСТВО ""КИЇВЖИТЛОСПЕЦЕКСПЛУАТАЦІЯ""","03366500",null,null,"10.1","БУДІВЛІ",кв. м.,"1498.4",UA80000000000093317,null,Україна,м. Київ,null,null,null,"ШЕВЧЕНКІВСЬКИЙ","ГОНЧАРА ОЛЕСЯ",xxx,null,null,Зареєстровано,"2589928080000",null,null,"НЕЗАДОВІЛЬНИЙ",null,2025-04-03
4096-45933,null,"АДМІНІСТРАТИВНО-ПОБУТОВЕ","10.1220.10.023-Будівлі адміністративні","ОКРЕМО СТОЯЧИЙ","АДМІНІСТРАТИВНО-ПОБУТОВЕ",Київська міська рада,22883141,"КОМУНАЛЬНЕ ПІДПРИЄМСТВО ""КИЇВЖИТЛОСПЕЦЕКСПЛУАТАЦІЯ""","03366500",null,null,"10.1220.10.023","Будівлі адміністративні",кв. м.,"1666.1",UA80000000000093317,null,Україна,м. Київ,null,null,null,"ПОДІЛЬСЬКИЙ","ПОРИКА ВАСИЛЯ ПРОСП.",xxx,null,null,Невідомо,null,null,null,"ЗАДОВІЛЬНИЙ",null,2025-04-03
4097-46020,null,"АДМІНІСТРАТИВНЕ","10.1220.10.023-Будівлі адміністративні","ПРИМІЩЕННЯ В Н/Б","АДМІНІСТРАТИВНЕ",Київська міська рада,22883141,"КОМУНАЛЬНЕ ПІДПРИЄМСТВО ""КИЇВЖИТЛОСПЕЦЕКСПЛУАТАЦІЯ""","03366500",null,null,"10.1220.10.023","Будівлі адміністративні",кв. м.,"221.4",UA80000000000093317,"04208",Україна,м. Київ,null,null,null,"ПОДІЛЬСЬКИЙ","ЄВРОПЕЙСЬКОГО СОЮЗУ ПРОСПЕКТ (ПРАВДИ ПРОСПЕКТ)",xxx,null,null,Невідомо,null,null,null,"ЗАДОВІЛЬНИЙ",null,2025-04-03
4099-46109,null,"АДМІНІСТРАТИВНЕ","10.1-БУДІВЛІ","ПРИМІЩЕННЯ В Н/Б","АДМІНІСТРАТИВНЕ",Київська міська рада,22883141,"КОМУНАЛЬНЕ ПІДПРИЄМСТВО ""КИЇВЖИТЛОСПЕЦЕКСПЛУАТАЦІЯ""","03366500",null,null,"10.1","БУДІВЛІ",кв. м.,"6951.1",UA80000000000093317,"03048",Україна,м. Київ,null,null,null,"СОЛОМ'ЯНСЬКИЙ","ПУЛЮЯ ІВАНА",xxx,null,null,Зареєстровано,"2106283780000",null,null,"ДОБРИЙ",null,2025-05-05
4109-20804,null,"вільні","10.1220.10.023-Будівлі адміністративні","ПРИМІЩЕННЯ В Ж/Б","АДМІНІСТРАТИВНЕ",Київська міська рада,22883141,"КОМУНАЛЬНЕ ПІДПРИЄМСТВО ""КИЇВЖИТЛОСПЕЦЕКСПЛУАТАЦІЯ""","03366500",null,null,"10.1220.10.023","Будівлі адміністративні",кв. м.,"690.0",UA80000000000093317,null,Україна,м. Київ,null,null,null,"ШЕВЧЕНКІВСЬКИЙ","ҐАРЕТА ДЖОНСА (СІМ'Ї ХОХЛОВИХ)",xxx,null,null,Невідомо,null,null,null,"ЗАДОВІЛЬНИЙ",null,2025-04-03
4111-45863,null,"Побутове обслуговування","10.1-БУДІВЛІ","ПРИМІЩЕННЯ В Н/Б","БУДИНОК ПОБУТУ",Київська міська рада,22883141,"КОМУНАЛЬНЕ ПІДПРИЄМСТВО ""КИЇВЖИТЛОСПЕЦЕКСПЛУАТАЦІЯ""","03366500",null,null,"10.1","БУДІВЛІ",кв. м.,"392.2",UA80000000000093317,"02139",Україна,м. Київ,null,null,null,"ДНІПРОВСЬКИЙ","СТАЛЬСЬКОГО СУЛЕЙМАНА",xxx,null,null,Зареєстровано,"2008833780000",null,null,"ЗАДОВІЛЬНИЙ",null,2025-04-14
4112-58572,null,null,"10.1220.10.023-Будівлі адміністративні","ОКРЕМО СТОЯЧИЙ","АДМІНІСТРАТИВНЕ",Київська міська рада,22883141,"КОМУНАЛЬНЕ ПІДПРИЄМСТВО ""КИЇВЖИТЛОСПЕЦЕКСПЛУАТАЦІЯ""","03366500",null,null,"10.1220.10.023","Будівлі адміністративні",кв. м.,"0.0",UA80000000000093317,"04212",Україна,м. Київ,null,null,null,"ОБОЛОНСЬКИЙ","ЛЕВКА ЛУК'ЯНЕНКА (МАРШАЛА ТИМОШЕНКА)",xxx,null,null,Невідомо,null,null,null,"ЗАДОВІЛЬНИЙ",null,2025-04-03
4113-58573,null,null,"10.1220.10.023-Будівлі адміністративні","ОКРЕМО СТОЯЧИЙ","АДМІНІСТРАТИВНЕ",Київська міська рада,22883141,"КОМУНАЛЬНЕ ПІДПРИЄМСТВО ""КИЇВЖИТЛОСПЕЦЕКСПЛУАТАЦІЯ""","03366500",null,null,"10.1220.10.023","Будівлі адміністративні",кв. м.,"0.0",UA80000000000093317,"04212",Україна,м. Київ,null,null,null,"ОБОЛОНСЬКИЙ","ЛЕВКА ЛУК'ЯНЕНКА (МАРШАЛА ТИМОШЕНКА)",xxx,null,null,Невідомо,null,null,null,"ЗАДОВІЛЬНИЙ",null,2025-04-03
4114-58574,null,null,"10.1220.10.023-Будівлі адміністративні","ОКРЕМО СТОЯЧИЙ","АДМІНІСТРАТИВНЕ",Київська міська рада,22883141,"КОМУНАЛЬНЕ ПІДПРИЄМСТВО ""КИЇВЖИТЛОСПЕЦЕКСПЛУАТАЦІЯ""","03366500",null,null,"10.1220.10.023","Будівлі адміністративні",кв. м.,"0.0",UA80000000000093317,"04212",Україна,м. Київ,null,null,null,"ОБОЛОНСЬКИЙ","ЛЕВКА ЛУК'ЯНЕНКА (МАРШАЛА ТИМОШЕНКА)",xxx,null,null,Невідомо,null,null,null,"ЗАДОВІЛЬНИЙ",null,2025-04-03
4131-49172,null,"вільне","10.12-Будівлі (приміщення) нежитлові","ПРИМІЩЕННЯ В Ж/Б",null,Київська міська рада,22883141,"КОМУНАЛЬНЕ ПІДПРИЄМСТВО ""КЕРУЮЧА КОМПАНІЯ З ОБСЛУГОВУВАННЯ ЖИТЛОВОГО ФОНДУ ПОДІЛЬСЬКОГО РАЙОНУ М.КИЄВА""","39609111",null,null,"10.12","Будівлі (приміщення) нежитлові",кв. м.,"106.3",UA80000000000093317,null,Україна,м. Київ,null,null,null,"ПОДІЛЬСЬКИЙ","ЕЛЕКТРИКІВ",xxx,null,null,Зареєстровано,"1551462080000",null,null,"ЗАДОВІЛЬНИЙ",null,2025-06-05
4156-54102,null,"КІНОТЕАТР ""СТАРТ""","10.1-БУДІВЛІ","ПРИМІЩЕННЯ В Н/Б","КІНОТЕАТР",Київська міська рада,22883141,"КОМУНАЛЬНЕ ПІДПРИЄМСТВО ВИКОНАВЧОГО ОРГАНУ КИЇВРАДИ (КИЇВСЬКОЇ МІСЬКОЇ ДЕРЖАВНОЇ АДМІНІСТРАЦІЇ ) ""КИЇВКУЛЬТКЛАСТЕР""","35531906",null,null,"10.1","БУДІВЛІ",кв. м.,"934.33",UA80000000000093317,"02152",Україна,м. Київ,null,null,null,"ДНІПРОВСЬКИЙ","МИКОЛАЙЧУКА ІВАНА (СЕРАФИМОВИЧА)",xxx,null,null,Зареєстровано,"1245730080000",null,null,"ЗАДОВІЛЬНИЙ",null,2025-04-10
4157-54102,null,"КІНОТЕАТР ""СТАРТ""","10.1-БУДІВЛІ","ПРИМІЩЕННЯ В Н/Б","КІНОТЕАТР",Київська міська рада,22883141,"КОМУНАЛЬНЕ ПІДПРИЄМСТВО ВИКОНАВЧОГО ОРГАНУ КИЇВРАДИ (КИЇВСЬКОЇ МІСЬКОЇ ДЕРЖАВНОЇ АДМІНІСТРАЦІЇ ) ""КИЇВКУЛЬТКЛАСТЕР""","35531906",null,null,"10.1","БУДІВЛІ",кв. м.,"934.33",UA80000000000093317,"02152",Україна,м. Київ,null,null,null,"ДНІПРОВСЬКИЙ","МИКОЛАЙЧУКА ІВАНА (СЕРАФИМОВИЧА)",xxx,null,null,Зареєстровано,"1245730080000",null,null,"ЗАДОВІЛЬНИЙ",null,2025-04-10
4216-48354,null,"оренда - державна установа, вільні, НАЙПРОСТІШЕ УКРИТТЯ (238,7 кв.м)","10.12-Будівлі (приміщення) нежитлові","ПРИМІЩЕННЯ В Ж/Б","ІНШЕ",Київська міська рада,22883141,"КОМУНАЛЬНЕ ПІДПРИЄМСТВО ""КЕРУЮЧА КОМПАНІЯ З ОБСЛУГОВУВАННЯ ЖИТЛОВОГО ФОНДУ ПЕЧЕРСЬКОГО РАЙОНУ М.КИЄВА""","35692211",null,null,"10.12","Будівлі (приміщення) нежитлові",кв. м.,"2811.4",UA80000000000093317,null,Україна,м. Київ,null,null,null,"ПЕЧЕРСЬКИЙ","МАЗЕПИ ІВАНА (СІЧНЕВОГО ПОВСТАННЯ)",xxx,null,null,Зареєстровано,"2222559280000",null,null,"ЗАДОВІЛЬНИЙ",null,2025-02-19
4237-13552,null,"власні потреби (адмінприміщення), вільні, об’єкт цивільної оборони (найпростіше укриття) -54,5 кв.м","10.12-Будівлі (приміщення) нежитлові","ПРИМІЩЕННЯ В Ж/Б","ІНШЕ",Київська міська рада,22883141,"КОМУНАЛЬНЕ ПІДПРИЄМСТВО ""КЕРУЮЧА КОМПАНІЯ З ОБСЛУГОВУВАННЯ ЖИТЛОВОГО ФОНДУ ШЕВЧЕНКІВСЬКОГО РАЙОНУ М.КИЄВА""","34966254",null,null,"10.12","Будівлі (приміщення) нежитлові",кв. м.,"2800.0",UA80000000000093317,null,Україна,м. Київ,null,null,null,"ШЕВЧЕНКІВСЬКИЙ","ДОВЖЕНКА",xxx,null,null,Зареєстровано,"22547780800",null,null,"ЗАДОВІЛЬНИЙ",null,2024-10-31
4243-32764,null,"вільне",null,"ПРИМІЩЕННЯ В Ж/Б",null,Київська міська рада,22883141,"КОМУНАЛЬНЕ ПІДПРИЄМСТВО ""КЕРУЮЧА КОМПАНІЯ З ОБСЛУГОВУВАННЯ ЖИТЛОВОГО ФОНДУ ШЕВЧЕНКІВСЬКОГО РАЙОНУ М.КИЄВА""","34966254",null,null,null,null,кв. м.,"7226.7",UA80000000000093317,null,Україна,м. Київ,null,null,null,"ШЕВЧЕНКІВСЬКИЙ","ЛИСЕНКА",xxx,null,null,Зареєстровано,"163892858000",null,null,"ЗАДОВІЛЬНИЙ",null,2024-10-29
4244-14765,null,null,"10.1262.10.004-Художні майстерні","ПРИМІЩЕННЯ В Ж/Б",null,Київська міська рада,22883141,"КОМУНАЛЬНЕ ПІДПРИЄМСТВО ""КЕРУЮЧА КОМПАНІЯ З ОБСЛУГОВУВАННЯ ЖИТЛОВОГО ФОНДУ ШЕВЧЕНКІВСЬКОГО РАЙОНУ М.КИЄВА""","34966254",null,null,"10.1262.10.004","Художні майстерні",кв. м.,"3012.0",UA80000000000093317,null,Україна,м. Київ,null,null,null,"ШЕВЧЕНКІВСЬКИЙ","ХМЕЛЬНИЦЬКОГО БОГДАНА",xxx,null,null,Зареєстровано,"1345064980000",null,null,"ЗАДОВІЛЬНИЙ",null,2024-11-13
4252-58842,null,"БІБЛІОТЕКА","10.6000.01-Приміщення в житлових будинках та спорудах","ПРИМІЩЕННЯ В Ж/Б","БІБЛІОТЕКА",Київська міська рада,22883141,"КОМУНАЛЬНЕ ПІДПРИЄМСТВО ""КЕРУЮЧА КОМПАНІЯ З ОБСЛУГОВУВАННЯ ЖИТЛОВОГО ФОНДУ ГОЛОСІЇВСЬКОГО РАЙОНУ М.КИЄВА""","32375554",null,null,"10.6000.01","Приміщення в житлових будинках та спорудах",кв. м.,"5406.62",UA80000000000093317,"03040",Україна,м. Київ,null,null,null,"ГОЛОСІЇВСЬКИЙ","ГОЛОСІЇВСЬКИЙ ПРОСПЕКТ(40-РІЧЧЯ ЖОВТНЯ)",xxx,null,null,Зареєстровано,"1882533780000",null,null,"ЗАДОВІЛЬНИЙ",null,2025-04-15
4282-19837,null,"АДМІНІСТРАТИВНЕ","10.12-Будівлі (приміщення) нежитлові","ПРИМІЩЕННЯ В Ж/Б","АДМІНІСТРАТИВНЕ",Київська міська рада,22883141,"КОМУНАЛЬНЕ ПІДПРИЄМСТВО КЕРУЮЧА КОМПАНІЯ З ОБСЛУГОВУВАННЯ ЖИТЛОВОГО ФОНДУ СОЛОМ'ЯНСЬКОГО РАЙОНУ М. КИЄВА","35756919",null,null,"10.12","Будівлі (приміщення) нежитлові",кв. м.,"98.4",UA80000000000093317,null,Україна,м. Київ,null,null,null,"СОЛОМ'ЯНСЬКИЙ","МАКСИМА БЕРЕЗОВСЬКОГО (ГЛІНКИ)",xxx,null,null,Зареєстровано,"2559327780000",null,null,"ПІДЛЯГАЄ ЗНЕСЕННЮ",null,2024-12-24
4292-38231,null,"НЕЖИТЛОВИЙ ФОНД (ОРЕНДА, ВІЛЬНІ, ВЛАСНІ ПОТРЕБИ)","10.12-Будівлі (приміщення) нежитлові","ПРИМІЩЕННЯ В Ж/Б","АДМІНІСТРАТИВНЕ",Київська міська рада,22883141,"КОМУНАЛЬНЕ ПІДПРИЄМСТВО КЕРУЮЧА КОМПАНІЯ З ОБСЛУГОВУВАННЯ ЖИТЛОВОГО ФОНДУ СОЛОМ'ЯНСЬКОГО РАЙОНУ М. КИЄВА","35756919",null,null,"10.12","Будівлі (приміщення) нежитлові",кв. м.,"482.0",UA80000000000093317,"252067",Україна,м. Київ,null,null,null,"СОЛОМ'ЯНСЬКИЙ","МИКОЛИ ГОЛЕГО (ЛЕБЕДЄВА-КУМАЧА)",xxx,null,null,Зареєстровано,"2561788780000",null,null,"ЗАДОВІЛЬНИЙ",null,2024-12-25
4293-18096,null,"НЕЖИТЛОВИЙ ФОНД (ОРЕНДА, ВІЛЬНІ, ВЛАСНІ ПОТРЕБИ)","10.12-Будівлі (приміщення) нежитлові","ПРИМІЩЕННЯ В Ж/Б","АДМІНІСТРАТИВНЕ",Київська міська рада,22883141,"КОМУНАЛЬНЕ ПІДПРИЄМСТВО КЕРУЮЧА КОМПАНІЯ З ОБСЛУГОВУВАННЯ ЖИТЛОВОГО ФОНДУ СОЛОМ'ЯНСЬКОГО РАЙОНУ М. КИЄВА","35756919",null,null,"10.12","Будівлі (приміщення) нежитлові",кв. м.,"148.5",UA80000000000093317,null,Україна,м. Київ,null,null,null,"СОЛОМ'ЯНСЬКИЙ","КОВАЛЬСЬКИЙ ПРОВ.",xxx,null,null,Зареєстровано,"2169964080000",null,null,"ЗАДОВІЛЬНИЙ",null,2025-01-08
4305-52741,null,"НЕЖИТЛОВИЙ ФОНД (ОРЕНДА, ВЛАСНІ ПРИМІЩЕННЯ, ВІЛЬНІ)","10.12-Будівлі (приміщення) нежитлові","ОКРЕМО СТОЯЧИЙ","ЖИЛИЙ БУДИНОК",Київська міська рада,22883141,"КОМУНАЛЬНЕ ПІДПРИЄМСТВО КЕРУЮЧА КОМПАНІЯ З ОБСЛУГОВУВАННЯ ЖИТЛОВОГО ФОНДУ СОЛОМ'ЯНСЬКОГО РАЙОНУ М. КИЄВА","35756919",null,null,"10.12","Будівлі (приміщення) нежитлові",кв. м.,"81.3",UA80000000000093317,"2",Україна,м. Київ,null,null,null,"СОЛОМ'ЯНСЬКИЙ","ПОСТ-ВОЛИНСЬКА",xxx,null,null,Зареєстровано,"2253545080000",null,null,"ЗАДОВІЛЬНИЙ",null,2024-12-26
4311-36921,null,"НЕЖИТЛОВИЙ ФОНД (ОРЕНДА, ВІЛЬНІ, ВЛАСНІ ПОТРЕБИ)","10.12-Будівлі (приміщення) нежитлові","ПРИМІЩЕННЯ В Ж/Б","АДМІНІСТРАТИВНЕ",Київська міська рада,22883141,"КОМУНАЛЬНЕ ПІДПРИЄМСТВО КЕРУЮЧА КОМПАНІЯ З ОБСЛУГОВУВАННЯ ЖИТЛОВОГО ФОНДУ СОЛОМ'ЯНСЬКОГО РАЙОНУ М. КИЄВА","35756919",null,null,"10.12","Будівлі (приміщення) нежитлові",кв. м.,"63.4",UA80000000000093317,"252067",Україна,м. Київ,null,null,null,"СОЛОМ'ЯНСЬКИЙ","ГАВЕЛА ВАЦЛАВА (ЛЕПСЕ ІВАНА БУЛЬВ.)",xxx,null,null,Зареєстровано,"2578085080000",null,null,"ЗАДОВІЛЬНИЙ",null,2025-04-24
4320-46020,null,"АДМІНІСТРАТИВНЕ","10.1220.10.023-Будівлі адміністративні","ПРИМІЩЕННЯ В Н/Б","АДМІНІСТРАТИВНЕ",Київська міська рада,22883141,"КОМУНАЛЬНЕ ПІДПРИЄМСТВО ""КИЇВЖИТЛОСПЕЦЕКСПЛУАТАЦІЯ""","03366500",null,null,"10.1220.10.023","Будівлі адміністративні",кв. м.,"221.4",UA80000000000093317,"04208",Україна,м. Київ,null,null,null,"ПОДІЛЬСЬКИЙ","ЄВРОПЕЙСЬКОГО СОЮЗУ ПРОСПЕКТ (ПРАВДИ ПРОСПЕКТ)",xxx,null,null,Невідомо,null,null,null,"ЗАДОВІЛЬНИЙ",null,2025-04-03
4352-49768,null,"КІНОТЕАТР ""ФЛОРЕНЦІЯ""","10.1261.10.007-Будівлі кінотеатрів","ОКРЕМО СТОЯЧИЙ","КІНОТЕАТР",Київська міська рада,22883141,"КОМУНАЛЬНЕ ПІДПРИЄМСТВО ВИКОНАВЧОГО ОРГАНУ КИЇВРАДИ (КИЇВСЬКОЇ МІСЬКОЇ ДЕРЖАВНОЇ АДМІНІСТРАЦІЇ ) ""КИЇВКУЛЬТКЛАСТЕР""","35531906",null,null,"10.1261.10.007","Будівлі кінотеатрів",кв. м.,"4479.5",UA80000000000093317,"02225",Україна,м. Київ,null,null,null,"ДЕСНЯНСЬКИЙ","ЧЕРВОНОЇ КАЛИНИ (ВОЛОДИМИРА МАЯКОВСЬКОГО)",xxx,null,null,Невідомо,null,null,null,"ЗАДОВІЛЬНИЙ",null,2025-04-10
4371-46054,null,"Державний ощадний банк України, УДППЗ ""Укрпошта, кафе, сауна, Громадська организація","10.1220.10.023-Будівлі адміністративні","ПРИМІЩЕННЯ В Н/Б","ПОБУТОВІ ПОСЛУГИ",Київська міська рада,22883141,"КОМУНАЛЬНЕ ПІДПРИЄМСТВО ""КИЇВЖИТЛОСПЕЦЕКСПЛУАТАЦІЯ""","03366500",null,null,"10.1220.10.023","Будівлі адміністративні",кв. м.,"1056.27",UA80000000000093317,"02091",Україна,м. Київ,null,null,null,"ДАРНИЦЬКИЙ","ВЕРБИЦЬКОГО АРХІТЕКТОРА",xxx,null,null,Зареєстровано,"2051147080000",null,null,"ЗАДОВІЛЬНИЙ",null,2025-04-03
4372-35964,null,"Нежитлова будівля майстерні-2(кор.20),літ.""П-1""","10.1274.6-Будівлі господарські ","ОКРЕМО СТОЯЧИЙ","МАЙСТЕРНЯ",Київська міська рада,22883141,"КОМУНАЛЬНЕ НЕКОМЕРЦІЙНЕ ПІДПРИЄМСТВО ""КИЇВСЬКА МІСЬКА КЛІНІЧНА ЛІКАРНЯ №6"" ВИКОНАВЧОГО ОРГАНУ КИЇВСЬКОЇ МІСЬКОЇ РАДИ (КИЇВСЬКОЇ МІСЬКОЇ ДЕРЖАВНОЇ АДМІНІСТРАЦІЇ)","25680355",null,null,"10.1274.6","Будівлі господарські ",кв. м.,"318.0",UA80000000000093317,"03126",Україна,м. Київ,null,null,null,"СОЛОМ'ЯНСЬКИЙ","ЛЮБОМИРА ГУЗАРА (КОМАРОВА КОСМОНАВТА)",xxx,null,null,Зареєстровано,"1309687080000",null,null,"ЗАДОВІЛЬНИЙ",null,2025-05-26
4373-35964,null,"Нежитлова будівля майстерні-2(кор.20),літ.""П-1""","10.1274.6-Будівлі господарські ","ОКРЕМО СТОЯЧИЙ","МАЙСТЕРНЯ",Київська міська рада,22883141,"КОМУНАЛЬНЕ НЕКОМЕРЦІЙНЕ ПІДПРИЄМСТВО ""КИЇВСЬКА МІСЬКА КЛІНІЧНА ЛІКАРНЯ №6"" ВИКОНАВЧОГО ОРГАНУ КИЇВСЬКОЇ МІСЬКОЇ РАДИ (КИЇВСЬКОЇ МІСЬКОЇ ДЕРЖАВНОЇ АДМІНІСТРАЦІЇ)","25680355",null,null,"10.1274.6","Будівлі господарські ",кв. м.,"318.0",UA80000000000093317,"03126",Україна,м. Київ,null,null,null,"СОЛОМ'ЯНСЬКИЙ","ЛЮБОМИРА ГУЗАРА (КОМАРОВА КОСМОНАВТА)",xxx,null,null,Зареєстровано,"1309687080000",null,null,"ЗАДОВІЛЬНИЙ",null,2025-05-26
4374-21204,null,"Нежитлова будівля пральні (кор.9) , літ.""Ї-1""","10.1274.40.200-Будівлі пралень","ОКРЕМО СТОЯЧИЙ","ПРАЛЬНЯ",Київська міська рада,22883141,"КОМУНАЛЬНЕ НЕКОМЕРЦІЙНЕ ПІДПРИЄМСТВО ""КИЇВСЬКА МІСЬКА КЛІНІЧНА ЛІКАРНЯ №6"" ВИКОНАВЧОГО ОРГАНУ КИЇВСЬКОЇ МІСЬКОЇ РАДИ (КИЇВСЬКОЇ МІСЬКОЇ ДЕРЖАВНОЇ АДМІНІСТРАЦІЇ)","25680355",null,null,"10.1274.40.200","Будівлі пралень",кв. м.,"823.1",UA80000000000093317,"03126",Україна,м. Київ,null,null,null,"СОЛОМ'ЯНСЬКИЙ","ЛЮБОМИРА ГУЗАРА (КОМАРОВА КОСМОНАВТА)",xxx,null,null,Зареєстровано,"1296714580000",null,null,"ЗАДОВІЛЬНИЙ",null,2025-05-26
4384-56162,null,"СТАНЦІЯ ШВИДКІСНОГО ТРАМВАЮ","10.1220.10.023-Будівлі адміністративні","ПІДЗЕМНЕ","ПІДЗЕМНА СТАНЦІЯ ",Київська міська рада,22883141,"КОМУНАЛЬНЕ ПІДПРИЄМСТВО ""КИЇВПАСТРАНС""","31725604",null,null,"10.1220.10.023","Будівлі адміністративні",кв. м.,"565.23",UA80000000000093317,"03069",Україна,м. Київ,null,null,null,"СОЛОМ'ЯНСЬКИЙ","СТАНЦІЯ ШВИДКІСНОГО ТРАМВАЮ ""ПОЛІТЕХНІЧНА""",xxx,null,null,Невідомо,null,null,null,"РЕКОНСТРУКЦІЯ",null,2025-04-14
4387-51920,null,"ГОСПОДАРСЬКЕ ПРИМІЩЕННЯ","10.1220.10.023-Будівлі адміністративні","ОКРЕМО СТОЯЧИЙ","ГОСПОДАРСЬКЕ ПРИМІЩЕННЯ",Київська міська рада,22883141,"КОМУНАЛЬНЕ ПІДПРИЄМСТВО ""КЕРУЮЧА КОМПАНІЯ З ОБСЛУГОВУВАННЯ ЖИТЛОВОГО ФОНДУ ДЕСНЯНСЬКОГО РАЙОНУ М.КИЄВА""","39605452",null,null,"10.1220.10.023","Будівлі адміністративні",кв. м.,"1210.2",UA80000000000093317,"02225",Україна,м. Київ,null,null,null,"ДЕСНЯНСЬКИЙ","БЕРЕТТІ ВІКЕНТІЯ",xxx,null,null,Невідомо,null,null,null,"ЗАДОВІЛЬНИЙ",null,2025-03-21
4389-48328,null,"вільне","10.12-Будівлі (приміщення) нежитлові","ПРИМІЩЕННЯ В Ж/Б","ІНШЕ",Київська міська рада,22883141,"КОМУНАЛЬНЕ ПІДПРИЄМСТВО ""КЕРУЮЧА КОМПАНІЯ З ОБСЛУГОВУВАННЯ ЖИТЛОВОГО ФОНДУ ПЕЧЕРСЬКОГО РАЙОНУ М.КИЄВА""","35692211",null,null,"10.12","Будівлі (приміщення) нежитлові",кв. м.,"2265.4",UA80000000000093317,null,Україна,м. Київ,null,null,null,"ПЕЧЕРСЬКИЙ","ВЕЛИКА ВАСИЛЬКІВСЬКА (ЧЕРВОНОАРМІЙСЬКА)",xxx,null,null,Зареєстровано,"2875993180000",null,null,"ЗАДОВІЛЬНИЙ",null,2025-03-11
4394-48082,null,"оренда-гром. організація, вільне","10.12-Будівлі (приміщення) нежитлові","ПРИМІЩЕННЯ В Ж/Б","ІНШЕ",Київська міська рада,22883141,"КОМУНАЛЬНЕ ПІДПРИЄМСТВО ""КЕРУЮЧА КОМПАНІЯ З ОБСЛУГОВУВАННЯ ЖИТЛОВОГО ФОНДУ ПЕЧЕРСЬКОГО РАЙОНУ М.КИЄВА""","35692211",null,null,"10.12","Будівлі (приміщення) нежитлові",кв. м.,"2063.6",UA80000000000093317,null,Україна,м. Київ,null,null,null,"ПЕЧЕРСЬКИЙ","МИХАЙЛА БОЙЧУКА (КІКВІДЗЕ)",xxx,null,null,Зареєстровано,"1527673280000",null,null,"ЗАДОВІЛЬНИЙ",null,2025-04-14
4420-47247,null,"ПОЛІКЛІНІКА","10.1264.40.010-Центри первинної медико-санітарної допомоги","ОКРЕМО СТОЯЧИЙ","МЕДИЧНІ ПОСЛУГИ",Київська міська рада,22883141,"КОМУНАЛЬНЕ НЕКОМЕРЦІЙНЕ ПІДПРИЄМСТВО ""ЦЕНТР ПЕРВИННОЇ МЕДИКО-САНІТАРНОЇ ДОПОМОГИ № 4"" ДЕСНЯНСЬКОГО РАЙОНУ М. КИЄВА","38960345",null,null,"10.1264.40.010","Центри первинної медико-санітарної допомоги",кв. м.,"5624.4",UA80000000000093317,null,Україна,м. Київ,null,null,null,"ДЕСНЯНСЬКИЙ","ЧЕРВОНОЇ КАЛИНИ (ВОЛОДИМИРА МАЯКОВСЬКОГО)",xxx,null,null,Зареєстровано,"1268621080000",null,null,"ЗАДОВІЛЬНИЙ",null,2025-04-01
4421-47247,null,"ПОЛІКЛІНІКА","10.1264.40.010-Центри первинної медико-санітарної допомоги","ОКРЕМО СТОЯЧИЙ","МЕДИЧНІ ПОСЛУГИ",Київська міська рада,22883141,"КОМУНАЛЬНЕ НЕКОМЕРЦІЙНЕ ПІДПРИЄМСТВО ""ЦЕНТР ПЕРВИННОЇ МЕДИКО-САНІТАРНОЇ ДОПОМОГИ № 4"" ДЕСНЯНСЬКОГО РАЙОНУ М. КИЄВА","38960345",null,null,"10.1264.40.010","Центри первинної медико-санітарної допомоги",кв. м.,"5624.4",UA80000000000093317,null,Україна,м. Київ,null,null,null,"ДЕСНЯНСЬКИЙ","ЧЕРВОНОЇ КАЛИНИ (ВОЛОДИМИРА МАЯКОВСЬКОГО)",xxx,null,null,Зареєстровано,"1268621080000",null,null,"ЗАДОВІЛЬНИЙ",null,2025-04-01
4422-47247,null,"ПОЛІКЛІНІКА","10.1264.40.010-Центри первинної медико-санітарної допомоги","ОКРЕМО СТОЯЧИЙ","МЕДИЧНІ ПОСЛУГИ",Київська міська рада,22883141,"КОМУНАЛЬНЕ НЕКОМЕРЦІЙНЕ ПІДПРИЄМСТВО ""ЦЕНТР ПЕРВИННОЇ МЕДИКО-САНІТАРНОЇ ДОПОМОГИ № 4"" ДЕСНЯНСЬКОГО РАЙОНУ М. КИЄВА","38960345",null,null,"10.1264.40.010","Центри первинної медико-санітарної допомоги",кв. м.,"5624.4",UA80000000000093317,null,Україна,м. Київ,null,null,null,"ДЕСНЯНСЬКИЙ","ЧЕРВОНОЇ КАЛИНИ (ВОЛОДИМИРА МАЯКОВСЬКОГО)",xxx,null,null,Зареєстровано,"1268621080000",null,null,"ЗАДОВІЛЬНИЙ",null,2025-04-01
4423-47247,null,"ПОЛІКЛІНІКА","10.1264.40.010-Центри первинної медико-санітарної допомоги","ОКРЕМО СТОЯЧИЙ","МЕДИЧНІ ПОСЛУГИ",Київська міська рада,22883141,"КОМУНАЛЬНЕ НЕКОМЕРЦІЙНЕ ПІДПРИЄМСТВО ""ЦЕНТР ПЕРВИННОЇ МЕДИКО-САНІТАРНОЇ ДОПОМОГИ № 4"" ДЕСНЯНСЬКОГО РАЙОНУ М. КИЄВА","38960345",null,null,"10.1264.40.010","Центри первинної медико-санітарної допомоги",кв. м.,"5624.4",UA80000000000093317,null,Україна,м. Київ,null,null,null,"ДЕСНЯНСЬКИЙ","ЧЕРВОНОЇ КАЛИНИ (ВОЛОДИМИРА МАЯКОВСЬКОГО)",xxx,null,null,Зареєстровано,"1268621080000",null,null,"ЗАДОВІЛЬНИЙ",null,2025-04-01
4424-47247,null,"ПОЛІКЛІНІКА","10.1264.40.010-Центри первинної медико-санітарної допомоги","ОКРЕМО СТОЯЧИЙ","МЕДИЧНІ ПОСЛУГИ",Київська міська рада,22883141,"КОМУНАЛЬНЕ НЕКОМЕРЦІЙНЕ ПІДПРИЄМСТВО ""ЦЕНТР ПЕРВИННОЇ МЕДИКО-САНІТАРНОЇ ДОПОМОГИ № 4"" ДЕСНЯНСЬКОГО РАЙОНУ М. КИЄВА","38960345",null,null,"10.1264.40.010","Центри первинної медико-санітарної допомоги",кв. м.,"5624.4",UA80000000000093317,null,Україна,м. Київ,null,null,null,"ДЕСНЯНСЬКИЙ","ЧЕРВОНОЇ КАЛИНИ (ВОЛОДИМИРА МАЯКОВСЬКОГО)",xxx,null,null,Зареєстровано,"1268621080000",null,null,"ЗАДОВІЛЬНИЙ",null,2025-04-01
4425-47247,null,"ПОЛІКЛІНІКА","10.1264.40.010-Центри первинної медико-санітарної допомоги","ОКРЕМО СТОЯЧИЙ","МЕДИЧНІ ПОСЛУГИ",Київська міська рада,22883141,"КОМУНАЛЬНЕ НЕКОМЕРЦІЙНЕ ПІДПРИЄМСТВО ""ЦЕНТР ПЕРВИННОЇ МЕДИКО-САНІТАРНОЇ ДОПОМОГИ № 4"" ДЕСНЯНСЬКОГО РАЙОНУ М. КИЄВА","38960345",null,null,"10.1264.40.010","Центри первинної медико-санітарної допомоги",кв. м.,"5624.4",UA80000000000093317,null,Україна,м. Київ,null,null,null,"ДЕСНЯНСЬКИЙ","ЧЕРВОНОЇ КАЛИНИ (ВОЛОДИМИРА МАЯКОВСЬКОГО)",xxx,null,null,Зареєстровано,"1268621080000",null,null,"ЗАДОВІЛЬНИЙ",null,2025-04-01
4432-13769,null,"вільні, із них: 85,5 - об’єкт цивільної оборони (найпростіше укриття)",null,"ПРИМІЩЕННЯ В Ж/Б",null,Київська міська рада,22883141,"КОМУНАЛЬНЕ ПІДПРИЄМСТВО ""КЕРУЮЧА КОМПАНІЯ З ОБСЛУГОВУВАННЯ ЖИТЛОВОГО ФОНДУ ШЕВЧЕНКІВСЬКОГО РАЙОНУ М.КИЄВА""","34966254",null,null,null,null,кв. м.,"3726.9",UA80000000000093317,null,Україна,м. Київ,null,null,null,"ШЕВЧЕНКІВСЬКИЙ","БЕЗРУЧКА МАРКА (БАБУШКІНА)",xxx,null,null,Зареєстровано,"1678601980000",null,null,"ЗАДОВІЛЬНИЙ",null,2024-11-29
4434-54219,null,"Школа І-ІІІ ступенів № 289 Дарницького району м. Києва","10.1263.30.001-Будівлі шкіл загальноосвітніх","ОКРЕМО СТОЯЧИЙ","ШКОЛА",Київська міська рада,22883141,"УПРАВЛІННЯ ОСВІТИ ДАРНИЦЬКОЇ РАЙОННОЇ В МІСТІ КИЄВІ ДЕРЖАВНОЇ АДМІНІСТРАЦІЇ","37448113",null,null,"10.1263.30.001","Будівлі шкіл загальноосвітніх",кв. м.,"7885.9",UA80000000000093317,"02091",Україна,м. Київ,null,null,null,"ДАРНИЦЬКИЙ","ДЕНІСА АНТИПОВА (СЛАВГОРОДСЬКА)",xxx,null,null,Зареєстровано,"1724666680000",null,null,"ЗАДОВІЛЬНИЙ",null,2025-01-17
4444-54226,null,"ДИТЯЧО-ЮНАЦЬКИЙ ЦЕНТР ДАРНИЦЬКОГО РАЙОНУ М. КИЄВА","10.1263.50.015-Центри дитячої та юнацької творчості","ПРИМІЩЕННЯ В Н/Б","ПАЛАЦ ШКОЛЯРІВ",Київська міська рада,22883141,"УПРАВЛІННЯ ОСВІТИ ДАРНИЦЬКОЇ РАЙОННОЇ В МІСТІ КИЄВІ ДЕРЖАВНОЇ АДМІНІСТРАЦІЇ","37448113",null,null,"10.1263.50.015","Центри дитячої та юнацької творчості",кв. м.,"1232.3",UA80000000000093317,null,Україна,м. Київ,null,null,null,"ДАРНИЦЬКИЙ","ГЕННАДІЯ АФАНАСЬЄВА (ЗАСЛОНОВА КОСТЯНТИНА)",xxx,null,null,Зареєстровано,"1643503180000",null,null,"ЗАДОВІЛЬНИЙ",null,2025-01-23
4450-54388,null,"Теплиця","10.1271.60.002-Теплиці","ОКРЕМО СТОЯЧИЙ","ТЕПЛИЦЯ",Київська міська рада,22883141,"УПРАВЛІННЯ ОСВІТИ ДАРНИЦЬКОЇ РАЙОННОЇ В МІСТІ КИЄВІ ДЕРЖАВНОЇ АДМІНІСТРАЦІЇ","37448113",null,null,"10.1271.60.002","Теплиці",кв. м.,"98.0",UA80000000000093317,null,Україна,м. Київ,null,null,null,"ДАРНИЦЬКИЙ","ТРОСТЯНЕЦЬКА",xxx,null,null,Зареєстровано,"1705131180000",null,null,"ЗАДОВІЛЬНИЙ",null,2024-02-26
4455-54393,null,"Теплиця","10.1271.60.002-Теплиці","ОКРЕМО СТОЯЧИЙ","ТЕПЛИЦЯ",Київська міська рада,22883141,"УПРАВЛІННЯ ОСВІТИ ДАРНИЦЬКОЇ РАЙОННОЇ В МІСТІ КИЄВІ ДЕРЖАВНОЇ АДМІНІСТРАЦІЇ","37448113",null,null,"10.1271.60.002","Теплиці",кв. м.,"98.0",UA80000000000093317,null,Україна,м. Київ,null,null,null,"ДАРНИЦЬКИЙ","ХАРКІВСЬКЕ ШОСЕ",xxx,null,null,Зареєстровано,"1538387380000",null,null,"ПОТРЕБУЄ РЕМОНТУ",null,2024-02-26
4456-54365,null,"Теплиця","10.1271.60.002-Теплиці","ОКРЕМО СТОЯЧИЙ","ТЕПЛИЦЯ",Київська міська рада,22883141,"УПРАВЛІННЯ ОСВІТИ ДАРНИЦЬКОЇ РАЙОННОЇ В МІСТІ КИЄВІ ДЕРЖАВНОЇ АДМІНІСТРАЦІЇ","37448113",null,null,"10.1271.60.002","Теплиці",кв. м.,"98.0",UA80000000000093317,null,Україна,м. Київ,null,null,null,"ДАРНИЦЬКИЙ","КОШИЦЯ",xxx,null,null,Зареєстровано,"1827781380000",null,null,"ПОТРЕБУЄ РЕМОНТУ",null,2024-02-26
4462-48362,null,"вільне","10.112-Будинки з двома та більше квартирами","ПРИМІЩЕННЯ В Ж/Б","ІНШЕ",Київська міська рада,22883141,"КОМУНАЛЬНЕ ПІДПРИЄМСТВО ""КЕРУЮЧА КОМПАНІЯ З ОБСЛУГОВУВАННЯ ЖИТЛОВОГО ФОНДУ ПЕЧЕРСЬКОГО РАЙОНУ М.КИЄВА""","35692211",null,null,"10.112","Будинки з двома та більше квартирами",кв. м.,"2280.7",UA80000000000093317,"1024",Україна,м. Київ,null,null,null,"ПЕЧЕРСЬКИЙ","ШОВКОВИЧНА",xxx,null,null,Зареєстровано,"2955575380000",null,null,"ЗАДОВІЛЬНИЙ",null,2025-03-11
4464-25737,null,"вільне",null,"ПРИМІЩЕННЯ В Ж/Б",null,Київська міська рада,22883141,"КОМУНАЛЬНЕ ПІДПРИЄМСТВО ""КЕРУЮЧА КОМПАНІЯ З ОБСЛУГОВУВАННЯ ЖИТЛОВОГО ФОНДУ ШЕВЧЕНКІВСЬКОГО РАЙОНУ М.КИЄВА""","34966254",null,null,null,null,кв. м.,"4442.92",UA80000000000093317,null,Україна,м. Київ,null,null,null,"ШЕВЧЕНКІВСЬКИЙ","ОЛЬЖИЧА",xxx,null,null,Зареєстровано,"2962927880000",null,null,"ЗАДОВІЛЬНИЙ",null,2024-11-14
4466-52436,null,"БЮДЖЕТНА УСТАНОВА","10.12-Будівлі (приміщення) нежитлові","ПРИМІЩЕННЯ В Н/Б","АДМІНІСТРАТИВНЕ",Київська міська рада,22883141,"КОМУНАЛЬНЕ ПІДПРИЄМСТВО ""КЕРУЮЧА КОМПАНІЯ З ОБСЛУГОВУВАННЯ ЖИТЛОВОГО ФОНДУ ОБОЛОНСЬКОГО РАЙОНУ М.КИЄВА""","39611267",null,null,"10.12","Будівлі (приміщення) нежитлові",кв. м.,"2163.71",UA80000000000093317,"04212",Україна,м. Київ,null,null,null,"ОБОЛОНСЬКИЙ","ЛЕВКА ЛУК'ЯНЕНКА (МАРШАЛА ТИМОШЕНКА)",xxx,null,null,Невідомо,null,null,null,"ЗАДОВІЛЬНИЙ",null,2025-04-14
4469-16665,null,"вільне","10.6000.01-Приміщення в житлових будинках та спорудах","ПРИМІЩЕННЯ В Ж/Б",null,Київська міська рада,22883141,"КОМУНАЛЬНЕ ПІДПРИЄМСТВО ""КЕРУЮЧА КОМПАНІЯ З ОБСЛУГОВУВАННЯ ЖИТЛОВОГО ФОНДУ ШЕВЧЕНКІВСЬКОГО РАЙОНУ М.КИЄВА""","34966254",null,null,"10.6000.01","Приміщення в житлових будинках та спорудах",кв. м.,"5270.9",UA80000000000093317,null,Україна,м. Київ,null,null,null,"ШЕВЧЕНКІВСЬКИЙ","ПАРКОВО-СИРЕЦЬКА (ШАМРИЛА ТИМОФІЯ)",xxx,null,null,Зареєстровано,"2128682480000",null,null,"ЗАДОВІЛЬНИЙ",null,2024-10-31
4471-28152,null,"майстерня, вільне",null,"ПРИМІЩЕННЯ В Ж/Б","МАЙСТЕРНЯ",Київська міська рада,22883141,"КОМУНАЛЬНЕ ПІДПРИЄМСТВО ""КЕРУЮЧА КОМПАНІЯ З ОБСЛУГОВУВАННЯ ЖИТЛОВОГО ФОНДУ ШЕВЧЕНКІВСЬКОГО РАЙОНУ М.КИЄВА""","34966254",null,null,null,null,кв. м.,"524.3",UA80000000000093317,null,Україна,м. Київ,null,null,null,"ШЕВЧЕНКІВСЬКИЙ","ХМЕЛЬНИЦЬКОГО БОГДАНА",xxx,null,null,Зареєстровано,"2766940580000, 2774008980000",null,null,"ЗАДОВІЛЬНИЙ",null,2024-11-05
4475-12181,null,"майстерня художника, вільне","10.12-Будівлі (приміщення) нежитлові","ПРИМІЩЕННЯ В Ж/Б",null,Київська міська рада,22883141,"КОМУНАЛЬНЕ ПІДПРИЄМСТВО ""КЕРУЮЧА КОМПАНІЯ З ОБСЛУГОВУВАННЯ ЖИТЛОВОГО ФОНДУ ШЕВЧЕНКІВСЬКОГО РАЙОНУ М.КИЄВА""","34966254",null,null,"10.12","Будівлі (приміщення) нежитлові",кв. м.,"4116.8",UA80000000000093317,null,Україна,м. Київ,null,null,null,"ШЕВЧЕНКІВСЬКИЙ","ДЕЛЕГАТСЬКИЙ ПРОВ.",xxx,null,null,Зареєстровано,"170029388000",null,null,"ЗАДОВІЛЬНИЙ",null,2024-11-06
4477-14620,null,"вільне","10.6000.02-Приміщення в нежитлових будинках та спорудах","ПРИБУДОВАНЕ ПРИМІЩ. ДО Н/Б",null,Київська міська рада,22883141,"КОМУНАЛЬНЕ ПІДПРИЄМСТВО ""КЕРУЮЧА КОМПАНІЯ З ОБСЛУГОВУВАННЯ ЖИТЛОВОГО ФОНДУ ШЕВЧЕНКІВСЬКОГО РАЙОНУ М.КИЄВА""","34966254",null,null,"10.6000.02","Приміщення в нежитлових будинках та спорудах",кв. м.,"20.0",UA80000000000093317,null,Україна,м. Київ,null,null,null,"ШЕВЧЕНКІВСЬКИЙ","САКСАГАНСЬКОГО",xxx,null,null,Зареєстровано,"22481234800",null,null,"ЗАДОВІЛЬНИЙ",null,2024-10-31
4478-58564,null,null,"10-НЕРУХОМЕ МАЙНО, НЕРУХОМІСТЬ (НЕРУХОМІ РЕЧІ) ","ОКРЕМО СТОЯЧИЙ","АДМІНІСТРАТИВНЕ",Київська міська рада,22883141,"КОМУНАЛЬНЕ ПІДПРИЄМСТВО ""КИЇВЖИТЛОСПЕЦЕКСПЛУАТАЦІЯ""","03366500",null,null,"10","НЕРУХОМЕ МАЙНО, НЕРУХОМІСТЬ (НЕРУХОМІ РЕЧІ) ",кв. м.,"1312.8",UA80000000000093317,"04214",Україна,м. Київ,null,null,null,"ОБОЛОНСЬКИЙ","ПРОСП. ВОЛОДИМИРА ІВАСЮКА (ПРОСП. ГЕРОЇВ СТАЛІНГРАДА) ",xxx,null,null,Невідомо,null,null,null,"ЗАДОВІЛЬНИЙ",null,2025-04-03
4491-1693,null,"РОТОНДО ""АСКОЛЬДОВА МОГИЛА""","10.2112.8-Пристрої для освітлення, сигналізації, забезпечення безпеки та стоянок на вулицях та дорогах","ОКРЕМО СТОЯЧИЙ","ІСТОРИКО-КУЛЬТУРНИЙ ЦЕНТР",Київська міська рада,22883141,"МУЗЕЙ ІСТОРІЇ МІСТА КИЄВА","05534195",null,null,"10.2112.8","Пристрої для освітлення, сигналізації, забезпечення безпеки та стоянок на вулицях та дорогах",кв. м.,"140.0",UA80000000000093317,null,Україна,м. Київ,null,null,null,"ПЕЧЕРСЬКИЙ","ПАРКОВА ДОРОГА",xxx,null,null,Невідомо,null,null,null,"ЗАДОВІЛЬНИЙ",null,2025-04-07
4565-51000,null,"КОМПЛ.ПІДПР.ПОБУТ. ОБСЛУГОВ.","10.1220.10.023-Будівлі адміністративні","ОКРЕМО СТОЯЧИЙ","КОМПЛ.ПІДПР.ПОБУТ. ОБСЛУГОВ.",Київська міська рада,22883141,"КОМУНАЛЬНЕ ПІДПРИЄМСТВО ""КЕРУЮЧА КОМПАНІЯ З ОБСЛУГОВУВАННЯ ЖИТЛОВОГО ФОНДУ ДЕСНЯНСЬКОГО РАЙОНУ М.КИЄВА""","39605452",null,null,"10.1220.10.023","Будівлі адміністративні",кв. м.,"1055.0",UA80000000000093317,null,Україна,м. Київ,null,null,null,"ДЕСНЯНСЬКИЙ","ЗАКРЕВСЬКОГО МИКОЛИ",xxx,null,null,Зареєстровано,"1376823380000",null,null,"ЗАДОВІЛЬНИЙ",null,2025-01-17
4566-51000,null,"КОМПЛ.ПІДПР.ПОБУТ. ОБСЛУГОВ.","10.1220.10.023-Будівлі адміністративні","ОКРЕМО СТОЯЧИЙ","КОМПЛ.ПІДПР.ПОБУТ. ОБСЛУГОВ.",Київська міська рада,22883141,"КОМУНАЛЬНЕ ПІДПРИЄМСТВО ""КЕРУЮЧА КОМПАНІЯ З ОБСЛУГОВУВАННЯ ЖИТЛОВОГО ФОНДУ ДЕСНЯНСЬКОГО РАЙОНУ М.КИЄВА""","39605452",null,null,"10.1220.10.023","Будівлі адміністративні",кв. м.,"1055.0",UA80000000000093317,null,Україна,м. Київ,null,null,null,"ДЕСНЯНСЬКИЙ","ЗАКРЕВСЬКОГО МИКОЛИ",xxx,null,null,Зареєстровано,"1376823380000",null,null,"ЗАДОВІЛЬНИЙ",null,2025-01-17
4570-51937,null,"АДМІНІСТРАТИВНЕ","10.1220.10.023-Будівлі адміністративні","ОКРЕМО СТОЯЧИЙ","АДМІНІСТРАТИВНЕ",Київська міська рада,22883141,"КОМУНАЛЬНЕ ПІДПРИЄМСТВО ""КЕРУЮЧА КОМПАНІЯ З ОБСЛУГОВУВАННЯ ЖИТЛОВОГО ФОНДУ ДЕСНЯНСЬКОГО РАЙОНУ М.КИЄВА""","39605452",null,null,"10.1220.10.023","Будівлі адміністративні",кв. м.,"1250.9",UA80000000000093317,"02225",Україна,м. Київ,null,null,null,"ДЕСНЯНСЬКИЙ","КАШТАНОВА",xxx,null,null,Зареєстровано,"2931356480000",null,null,"ЗАДОВІЛЬНИЙ",null,2025-03-21
4581-16222,null,"офісне, вільне","10.6000.01-Приміщення в житлових будинках та спорудах","ПРИМІЩЕННЯ В Ж/Б","ОФІС",Київська міська рада,22883141,"КОМУНАЛЬНЕ ПІДПРИЄМСТВО ""КЕРУЮЧА КОМПАНІЯ З ОБСЛУГОВУВАННЯ ЖИТЛОВОГО ФОНДУ ШЕВЧЕНКІВСЬКОГО РАЙОНУ М.КИЄВА""","34966254",null,null,"10.6000.01","Приміщення в житлових будинках та спорудах",кв. м.,"1490.91",UA80000000000093317,null,Україна,м. Київ,null,null,null,"ШЕВЧЕНКІВСЬКИЙ","ЗОЛОТОВОРІТСЬКА",xxx,null,null,Зареєстровано,"1303389880000",null,null,"ЗАДОВІЛЬНИЙ",null,2025-02-19
4637-16184,null,"НЕЖИТЛОВІ ПРИМІЩЕННЯ","10.1300.03.002-Технічне підпілля","ПРИМІЩЕННЯ В Н/Б","КОМБІНАТ ПОБУТОВОГО ОБСЛУГОВ.",Київська міська рада,22883141,"КОМУНАЛЬНЕ ПІДПРИЄМСТВО ""ВАТУТІНСЬКІНВЕСТБУД""","30977943",null,null,"10.1300.03.002","Технічне підпілля",кв. м.,"2202.5",UA80000000000093317,"02232",Україна,м. Київ,null,null,null,"ДЕСНЯНСЬКИЙ","ОНОРЕ ДЕ БАЛЬЗАКА",xxx,null,null,Зареєстровано,"1729943580000",null,null,"ЗАДОВІЛЬНИЙ",null,2025-04-10
4642-47393,null,"ПОЛІКЛІНІНІЧНА УСТАНОВА","10.1264.40.003-Будівлі поліклінік","ОКРЕМО СТОЯЧИЙ","ПОЛІКЛІНІКА",Київська міська рада,22883141,"КОМУНАЛЬНЕ НЕКОМЕРЦІЙНЕ ПІДПРИЄМСТВО ЦЕНТР ПЕРВИННОЇ МЕДИКО-САНІТАРНОЇ ДОПОМОГИ № 1 ПОДІЛЬСЬКОГО РАЙОНУ М.КИЄВА","38946268",null,null,"10.1264.40.003","Будівлі поліклінік",кв. м.,"7880.0",UA80000000000093317,"04070",Україна,м. Київ,null,null,null,"ПОДІЛЬСЬКИЙ","ВОЛОСЬКА",xxx,null,null,Зареєстровано,"1558706780000",null,null,"ЗАДОВІЛЬНИЙ",null,2025-04-07
4653-44996,null,"ЦІЛІСНО-МАЙНОВИЙ КОМПЛЕКС ШКОЛИ N 279","10.1263.30.900-Цілістні майнові комплекси шкіл","ОКРЕМО СТОЯЧИЙ","СЛУЖБОВЕ",Київська міська рада,22883141,"УПРАВЛІННЯ ОСВІТИ СОЛОМ'ЯНСЬКОЇ РАЙОННОЇ В МІСТІ КИЄВІ ДЕРЖАВНОЇ АДМІНІСТРАЦІЇ","37485490",null,null,"10.1263.30.900","Цілістні майнові комплекси шкіл",кв. м.,"16868.4",UA80000000000093317,null,Україна,м. Київ,null,null,null,"СОЛОМ'ЯНСЬКИЙ","СЕРГІЯ КОЛОСА (ЛЕНІНА, СОЛОМ'ЯНСЬКИЙ)",xxx,null,null,Зареєстровано,"1720041680000",null,null,"ДОБРИЙ",null,2025-04-01
4654-7376,null,"ШКОЛА N 46","10.1263.30.001-Будівлі шкіл загальноосвітніх","ОКРЕМО СТОЯЧИЙ","ШКОЛА",Київська міська рада,22883141,"УПРАВЛІННЯ ОСВІТИ СОЛОМ'ЯНСЬКОЇ РАЙОННОЇ В МІСТІ КИЄВІ ДЕРЖАВНОЇ АДМІНІСТРАЦІЇ","37485490",null,null,"10.1263.30.001","Будівлі шкіл загальноосвітніх",кв. м.,"5470.1",UA80000000000093317,null,Україна,м. Київ,null,null,null,"СОЛОМ'ЯНСЬКИЙ","ВАСИЛЕНКА МИКОЛИ",xxx,null,null,Зареєстровано,"1547391780000",null,null,"ПОТРЕБУЄ РЕМОНТУ",null,2025-04-01
4655-25658,null,"ШКОЛА N 69","10.1263.30.001-Будівлі шкіл загальноосвітніх","ОКРЕМО СТОЯЧИЙ","ШКОЛА",Київська міська рада,22883141,"УПРАВЛІННЯ ОСВІТИ СОЛОМ'ЯНСЬКОЇ РАЙОННОЇ В МІСТІ КИЄВІ ДЕРЖАВНОЇ АДМІНІСТРАЦІЇ","37485490",null,null,"10.1263.30.001","Будівлі шкіл загальноосвітніх",кв. м.,"7314.9",UA80000000000093317,null,Україна,м. Київ,null,null,null,"СОЛОМ'ЯНСЬКИЙ","ДОНЕЦЬКА",xxx,null,null,Зареєстровано,"1585586380000",null,null,"ПОТРЕБУЄ РЕМОНТУ",null,2025-04-01
4658-49718,null,"вільне","10.12-Будівлі (приміщення) нежитлові","ПРИМІЩЕННЯ В Ж/Б","ІНШЕ",Київська міська рада,22883141,"КОМУНАЛЬНЕ ПІДПРИЄМСТВО ""КЕРУЮЧА КОМПАНІЯ З ОБСЛУГОВУВАННЯ ЖИТЛОВОГО ФОНДУ ПОДІЛЬСЬКОГО РАЙОНУ М.КИЄВА""","39609111",null,null,"10.12","Будівлі (приміщення) нежитлові",кв. м.,"150.7",UA80000000000093317,null,Україна,м. Київ,null,null,null,"ПОДІЛЬСЬКИЙ","БРАТСЬКА",xxx,null,null,Зареєстровано,"1823449480000",null,null,"ЗАДОВІЛЬНИЙ",null,2025-03-31
4714-21914,null,"вільне","10.11-Будівлі житлові","ПРИМІЩЕННЯ В Ж/Б",null,Київська міська рада,22883141,"КОМУНАЛЬНЕ ПІДПРИЄМСТВО ""КЕРУЮЧА КОМПАНІЯ З ОБСЛУГОВУВАННЯ ЖИТЛОВОГО ФОНДУ ШЕВЧЕНКІВСЬКОГО РАЙОНУ М.КИЄВА""","34966254",null,null,"10.11","Будівлі житлові",кв. м.,"2869.0",UA80000000000093317,null,Україна,м. Київ,null,null,null,"ШЕВЧЕНКІВСЬКИЙ","СТАРОКИЇВСЬКА",xxx,null,null,Зареєстровано,"1497281080000",null,null,"ЗАДОВІЛЬНИЙ",null,2024-10-28
4745-56162,null,"СТАНЦІЯ ШВИДКІСНОГО ТРАМВАЮ","10.1220.10.023-Будівлі адміністративні","ПІДЗЕМНЕ","ПІДЗЕМНА СТАНЦІЯ ",Київська міська рада,22883141,"КОМУНАЛЬНЕ ПІДПРИЄМСТВО ""КИЇВПАСТРАНС""","31725604",null,null,"10.1220.10.023","Будівлі адміністративні",кв. м.,"565.23",UA80000000000093317,"03069",Україна,м. Київ,null,null,null,"СОЛОМ'ЯНСЬКИЙ","СТАНЦІЯ ШВИДКІСНОГО ТРАМВАЮ ""ПОЛІТЕХНІЧНА""",xxx,null,null,Невідомо,null,null,null,"РЕКОНСТРУКЦІЯ",null,2025-04-14
4747-16925,null,"АДМІНІСТРАТИВНЕ та вільне",null,"ПРИМІЩЕННЯ В Ж/Б","АДМІНІСТРАТИВНЕ",Київська міська рада,22883141,"КОМУНАЛЬНЕ ПІДПРИЄМСТВО ""КЕРУЮЧА КОМПАНІЯ З ОБСЛУГОВУВАННЯ ЖИТЛОВОГО ФОНДУ ШЕВЧЕНКІВСЬКОГО РАЙОНУ М.КИЄВА""","34966254",null,null,null,null,кв. м.,"2403.29",UA80000000000093317,null,Україна,м. Київ,null,null,null,"ШЕВЧЕНКІВСЬКИЙ","ВЕЛИКА ЖИТОМИРСЬКА",xxx,null,null,Зареєстровано,"1086834080000",null,null,"ЗАДОВІЛЬНИЙ",null,2025-05-05
4748-17141,null,"вільне",null,"ПРИМІЩЕННЯ В Ж/Б",null,Київська міська рада,22883141,"КОМУНАЛЬНЕ ПІДПРИЄМСТВО ""КЕРУЮЧА КОМПАНІЯ З ОБСЛУГОВУВАННЯ ЖИТЛОВОГО ФОНДУ ШЕВЧЕНКІВСЬКОГО РАЙОНУ М.КИЄВА""","34966254",null,null,null,null,кв. м.,"795.73",UA80000000000093317,null,Україна,м. Київ,null,null,null,"ШЕВЧЕНКІВСЬКИЙ","ГОГОЛІВСЬКА",xxx,null,null,Зареєстровано,"2424694380000",null,null,"ЗАДОВІЛЬНИЙ",null,2024-11-12
4750-56167,null,"СТАНЦІЯ ШВИДКІСНОГО ТРАМВАЮ","10.1220.10.023-Будівлі адміністративні","ПІДЗЕМНЕ","ПІДЗЕМНА СТАНЦІЯ ",Київська міська рада,22883141,"КОМУНАЛЬНЕ ПІДПРИЄМСТВО ""КИЇВПАСТРАНС""","31725604",null,null,"10.1220.10.023","Будівлі адміністративні",кв. м.,"1649.0",UA80000000000093317,null,Україна,м. Київ,null,null,null,"СВЯТОШИНСЬКИЙ","СТАНЦІЯ ШВИДКІСНОГО ТРАМВАЮ ""РОМЕНА РОЛЛАНА""",xxx,null,null,Невідомо,null,null,null,"ЗАДОВІЛЬНИЙ",null,2025-06-11
4751-56165,null,"СТАНЦІЯ ШВИДКІСНОГО ТРАМВАЮ","10.1220.10.023-Будівлі адміністративні","ПІДЗЕМНЕ","ПІДЗЕМНА СТАНЦІЯ ",Київська міська рада,22883141,"КОМУНАЛЬНЕ ПІДПРИЄМСТВО ""КИЇВПАСТРАНС""","31725604",null,null,"10.1220.10.023","Будівлі адміністративні",кв. м.,"472.9",UA80000000000093317,null,Україна,м. Київ,null,null,null,"СВЯТОШИНСЬКИЙ","СТАНЦІЯ ШВИДКІСНОГО ТРАМВАЮ ""ІВАНА ДЗЮБИ""",xxx,null,null,Невідомо,null,null,null,"ЗАДОВІЛЬНИЙ",null,2025-04-14
4752-56164,null,"СТАНЦІЯ ШВИДКІСНОГО ТРАМВАЮ (ПІДЗЕМНА)","10.1220.10.023-Будівлі адміністративні","ПІДЗЕМНЕ","ПІДЗЕМНА СТАНЦІЯ ",Київська міська рада,22883141,"КОМУНАЛЬНЕ ПІДПРИЄМСТВО ""КИЇВПАСТРАНС""","31725604",null,null,"10.1220.10.023","Будівлі адміністративні",кв. м.,"475.38",UA80000000000093317,"03124",Україна,м. Київ,null,null,null,"СОЛОМ'ЯНСЬКИЙ","СТАНЦІЯ ШВИДКІСНОГО ТРАМВАЮ ""ГЕРОЇВ СЕВАСТОПОЛЯ""",xxx,null,null,Невідомо,null,null,null,"РЕКОНСТРУКЦІЯ",null,2025-04-14
4753-56166,null,"СТАНЦІЯ ШВИДКІСНОГО ТРАМВАЮ","10.1220.10.023-Будівлі адміністративні","СПОРУДА","СТАНЦІЯ ТРАМВАЮ",Київська міська рада,22883141,"КОМУНАЛЬНЕ ПІДПРИЄМСТВО ""КИЇВПАСТРАНС""","31725604",null,null,"10.1220.10.023","Будівлі адміністративні",кв. м.,"219.4",UA80000000000093317,"03148",Україна,м. Київ,null,null,null,"СВЯТОШИНСЬКИЙ","СТАНЦІЯ ШВИДКІСНОГО ТРАМВАЮ ""ГНАТА ЮРИ""",xxx,null,null,Невідомо,null,null,null,"ЗАДОВІЛЬНИЙ",null,2025-06-11
4754-56160,null,"СТАНЦІЯ ШВИДКІСНОГО ТРАМВАЮ (ПІДЗЕМНА)","10.1220.10.023-Будівлі адміністративні","ПІДЗЕМНЕ","ПІДЗЕМНА СТАНЦІЯ ",Київська міська рада,22883141,"КОМУНАЛЬНЕ ПІДПРИЄМСТВО ""КИЇВПАСТРАНС""","31725604",null,null,"10.1220.10.023","Будівлі адміністративні",кв. м.,"626.87",UA80000000000093317,"03167",Україна,м. Київ,null,null,null,"СОЛОМ'ЯНСЬКИЙ","СТАНЦІЯ ШВИДКІСНОГО ТРАМВАЮ ""ГАРМАТНА""",xxx,null,null,Невідомо,null,null,null,"РЕКОНСТРУКЦІЯ",null,2025-04-14
4755-56163,null,"СТАНЦІЯ ШВИДКІСНОГО ТРАМВАЮ","10.1220.10.023-Будівлі адміністративні","ПІДЗЕМНЕ","ПІДЗЕМНА СТАНЦІЯ ",Київська міська рада,22883141,"КОМУНАЛЬНЕ ПІДПРИЄМСТВО ""КИЇВПАСТРАНС""","31725604",null,null,"10.1220.10.023","Будівлі адміністративні",кв. м.,"475.38",UA80000000000093317,"03069",Україна,м. Київ,null,null,null,"СОЛОМ'ЯНСЬКИЙ","СТАНЦІЯ ШВИДКІСНОГО ТРАМВАЮ ""ОЛЕКСИ ТИХОГО"" (""ПОЛЬОВА"")",xxx,null,null,Невідомо,null,null,null,"РЕКОНСТРУКЦІЯ",null,2025-04-14
4756-56161,null,"СТАНЦІЯ ШВИДКІСНОГО ТРАМВАЮ (ПІДЗЕМНА)","10.1220.10.023-Будівлі адміністративні","ПІДЗЕМНЕ","ПІДЗЕМНА СТАНЦІЯ ",Київська міська рада,22883141,"КОМУНАЛЬНЕ ПІДПРИЄМСТВО ""КИЇВПАСТРАНС""","31725604",null,null,"10.1220.10.023","Будівлі адміністративні",кв. м.,"997.29",UA80000000000093317,"03124",Україна,м. Київ,null,null,null,"СОЛОМ'ЯНСЬКИЙ","СТАНЦІЯ ШВИДКІСНОГО ТРАМВАЮ ""ВАЦЛАВА ГАВЕЛА"" (""ІВАНА ЛЕПСЕ"")",xxx,null,null,Невідомо,null,null,null,"РЕКОНСТРУКЦІЯ",null,2025-04-14
4758-56169,null,"СТАНЦІЯ ШВИДКІСНОГО ТРАМВАЮ ""ІНДУСТРІАЛЬНА""","10.1220.10.023-Будівлі адміністративні","ПІДЗЕМНЕ","НАЗЕМНА СТАНЦІЯ",Київська міська рада,22883141,"КОМУНАЛЬНЕ ПІДПРИЄМСТВО ""КИЇВПАСТРАНС""","31725604",null,null,"10.1220.10.023","Будівлі адміністративні",кв. м.,"389.45",UA80000000000093317,"03058",Україна,м. Київ,null,null,null,"СОЛОМ'ЯНСЬКИЙ","СТАНЦІЯ ШВИДКІСНОГО ТРАМВАЮ ""ІНДУСТРІАЛЬНА""",xxx,null,null,Невідомо,null,null,null,"ЗАДОВІЛЬНИЙ",null,2025-04-14
4759-56168,null,"СТАНЦІЯ ШВИДКІСНОГО ТРАМВАЮ","10.1220.10.023-Будівлі адміністративні","ОКРЕМО СТОЯЧИЙ","СТАНЦІЯ ТРАМВАЮ",Київська міська рада,22883141,"КОМУНАЛЬНЕ ПІДПРИЄМСТВО ""КИЇВПАСТРАНС""","31725604",null,null,"10.1220.10.023","Будівлі адміністративні",кв. м.,"276.6",UA80000000000093317,null,Україна,м. Київ,null,null,null,"СВЯТОШИНСЬКИЙ","СТАНЦІЯ ШВИДКІСНОГО ТРАМВАЮ ""КІЛЬЦЕВА ДОРОГА""",xxx,null,null,Невідомо,null,null,null,"ЗАДОВІЛЬНИЙ",null,2025-06-12
4760-38218,null,"СМІТТЄЗБІРНИК","10.1300.00.001-Будівлі нежитлові окремо розташовані","ОКРЕМО СТОЯЧИЙ","СМІТТЄЗБІРНИК",Київська міська рада,22883141,"КОМУНАЛЬНЕ ПІДПРИЄМСТВО КЕРУЮЧА КОМПАНІЯ З ОБСЛУГОВУВАННЯ ЖИТЛОВОГО ФОНДУ СОЛОМ'ЯНСЬКОГО РАЙОНУ М. КИЄВА","35756919",null,null,"10.1300.00.001","Будівлі нежитлові окремо розташовані",кв. м.,"8.9",UA80000000000093317,"03186",Україна,м. Київ,null,null,null,"СОЛОМ'ЯНСЬКИЙ","КЕРЧЕНСЬКА",xxx,null,null,Зареєстровано,"2582247380000",null,null,"ЗАДОВІЛЬНИЙ",null,2025-01-09
4765-25683,null,"НЕЖИТЛОВИЙ ФОНД (ОРЕНДА, ВЛАСНІ ПОТРЕБИ, ВІЛЬНІ)","10.1300.00.001-Будівлі нежитлові окремо розташовані","ОКРЕМО СТОЯЧИЙ","СМІТТЄЗБІРНИК",Київська міська рада,22883141,"КОМУНАЛЬНЕ ПІДПРИЄМСТВО КЕРУЮЧА КОМПАНІЯ З ОБСЛУГОВУВАННЯ ЖИТЛОВОГО ФОНДУ СОЛОМ'ЯНСЬКОГО РАЙОНУ М. КИЄВА","35756919",null,null,"10.1300.00.001","Будівлі нежитлові окремо розташовані",кв. м.,"13.5",UA80000000000093317,null,Україна,м. Київ,null,null,null,"СОЛОМ'ЯНСЬКИЙ","ПАТРІАРХА МСТИСЛАВА СКРИПНИКА (ОСТРОВСЬКОГО МИКОЛИ)",xxx,null,null,Зареєстровано,"2580084280000",null,null,"ЗАДОВІЛЬНИЙ",null,2025-01-09
4769-26948,null,"НЕЖИТЛОВІ ПРИМІЩЕННЯ","10.12-Будівлі (приміщення) нежитлові","ПРИМІЩЕННЯ В Н/Б","АДМІНІСТРАТИВНЕ",Київська міська рада,22883141,"КОМУНАЛЬНЕ ПІДПРИЄМСТВО ""ВАТУТІНСЬКІНВЕСТБУД""","30977943",null,null,"10.12","Будівлі (приміщення) нежитлові",кв. м.,"2062.8",UA80000000000093317,"02225",Україна,м. Київ,null,null,null,"ДЕСНЯНСЬКИЙ","ЧЕРВОНОЇ КАЛИНИ (ВОЛОДИМИРА МАЯКОВСЬКОГО)",xxx,null,null,Зареєстровано,"1811610580000",null,null,"ЗАДОВІЛЬНИЙ",null,2025-04-10
4785-48201,null,"вільне","10.12-Будівлі (приміщення) нежитлові","ПРИМІЩЕННЯ В Ж/Б","ІНШЕ",Київська міська рада,22883141,"КОМУНАЛЬНЕ ПІДПРИЄМСТВО ""КЕРУЮЧА КОМПАНІЯ З ОБСЛУГОВУВАННЯ ЖИТЛОВОГО ФОНДУ ПЕЧЕРСЬКОГО РАЙОНУ М.КИЄВА""","35692211",null,null,"10.12","Будівлі (приміщення) нежитлові",кв. м.,"907.0",UA80000000000093317,null,Україна,м. Київ,null,null,null,"ПЕЧЕРСЬКИЙ","БАСЕЙНА",xxx,null,null,Зареєстровано,"2444180180000",null,null,"ЗАДОВІЛЬНИЙ",null,2025-03-12
4805-48568,null,"вільне, власні потреби","10.12-Будівлі (приміщення) нежитлові","ПРИМІЩЕННЯ В Ж/Б","ІНШЕ",Київська міська рада,22883141,"КОМУНАЛЬНЕ ПІДПРИЄМСТВО ""КЕРУЮЧА КОМПАНІЯ З ОБСЛУГОВУВАННЯ ЖИТЛОВОГО ФОНДУ ПЕЧЕРСЬКОГО РАЙОНУ М.КИЄВА""","35692211",null,null,"10.12","Будівлі (приміщення) нежитлові",кв. м.,"1234.2",UA80000000000093317,null,Україна,м. Київ,null,null,null,"ПЕЧЕРСЬКИЙ","БІЛОКУР КАТЕРИНИ",xxx,null,null,Зареєстровано,"1349374280000",null,null,"ЗАДОВІЛЬНИЙ",null,2025-02-28
4832-40602,null,"ВИРОБНИЧО-СКЛАДСЬКЕ","10.1264.2-Будівлі лікувально-профілактичні","ОКРЕМО СТОЯЧИЙ","ВИРОБНИЧЕ",Київська міська рада,22883141,"КОМУНАЛЬНЕ НЕКОМЕРЦІЙНЕ ПІДПРИЄМСТВО КЛІНІЧНИЙ ЗАКЛАД З НАДАННЯ ПСИХІАТРИЧНОЇ ДОПОМОГИ ПСИХІАТРІЯ ВИКОНАВЧОГО ОРГАНУ КИЇВСЬКОЇ МІСЬКОЇ РАДИ (КИЇВСЬКОЇ МІСЬКОЇ ДЕРЖАВНОЇ АДМІНІСТРАЦІЇ)","01994072",null,null,"10.1264.2","Будівлі лікувально-профілактичні",кв. м.,"3928.7",UA80000000000093317,"04080",Україна,м. Київ,null,null,null,"ПОДІЛЬСЬКИЙ","КИРИЛІВСЬКА (ФРУНЗЕ)",xxx,null,null,Зареєстровано,"1443879180000",null,null,"КАПІТАЛЬНИЙ РЕМОНТ",null,2025-04-15
4835-45979,null,"АДМІНІСТРАТИВНЕ","10.1220.10.023-Будівлі адміністративні","ОКРЕМО СТОЯЧИЙ","АДМІНІСТРАТИВНЕ",Київська міська рада,22883141,"КОМУНАЛЬНЕ ПІДПРИЄМСТВО ""КИЇВЖИТЛОСПЕЦЕКСПЛУАТАЦІЯ""","03366500",null,null,"10.1220.10.023","Будівлі адміністративні",кв. м.,"2068.2",UA80000000000093317,"252021",Україна,м. Київ,null,null,null,"ПЕЧЕРСЬКИЙ","ЛИПСЬКА",xxx,null,null,Зареєстровано,"1326805380000",null,null,"ЗАДОВІЛЬНИЙ",null,2025-04-15
4842-30859,null,"ВНУТРІШНЬО-ДВОРОВІ","10.1-БУДІВЛІ","ОКРЕМО СТОЯЧИЙ","ІНШЕ",Київська міська рада,22883141,"ДЕПАРТАМЕНТ ОХОРОНИ ЗДОРОВ'Я ВИКОНАВЧОГО ОРГАНУ КИЇВСЬКОЇ МІСЬКОЇ РАДИ (КИЇВСЬКОЇ МІСЬКОЇ ДЕРЖАВНОЇ АДМІНІСТРАЦІЇ)","02012906",null,null,"10.1","БУДІВЛІ",кв. м.,"237.4",UA80000000000093317,null,Україна,м. Київ,null,null,null,"ПЕЧЕРСЬКИЙ","ПАРКОВА ДОРОГА",xxx,null,null,Невідомо,null,null,null,"АВАРІЙНИЙ",null,2025-04-14
4852-59081,null,null,"10.1230.70.002-Майстерні","ОКРЕМО СТОЯЧИЙ","МАЙСТЕРНЯ",Київська міська рада,22883141,"КОМУНАЛЬНИЙ ЗАКЛАД ПРОФЕСІЙНОЇ (ПРОФЕСІЙНО-ТЕХНІЧНОЇ) ОСВІТИ ""КИЇВСЬКИЙ ПРОФЕСІЙНИЙ КОЛЕДЖ АВТОТРАНСПОРТНИХ ТЕХНОЛОГІЙ""","26125035",null,null,"10.1230.70.002","Майстерні",кв. м.,"2453.2",UA80000000000093317,null,Україна,м. Київ,null,null,null,"ГОЛОСІЇВСЬКИЙ","НАБЕРЕЖНО-КОРЧУВАТСЬКА",xxx,null,null,Зареєстровано,"1257663880000",null,null,"ЗАДОВІЛЬНИЙ",null,2025-01-17
4853-8177,null,"ШКОЛА І-ІІІ ступенів 306","10.1263.30.001-Будівлі шкіл загальноосвітніх","ОКРЕМО СТОЯЧИЙ","ШКОЛА",Київська міська рада,22883141,"ШКОЛА І-ІІІ СТУПЕНІВ № 306 ДЕСНЯНСЬКОГО РАЙОНУ МІСТА КИЄВА","22906505",null,null,"10.1263.30.001","Будівлі шкіл загальноосвітніх",кв. м.,"9988.9",UA80000000000093317,"02097",Україна,м. Київ,null,null,null,"ДЕСНЯНСЬКИЙ","ЛІСКІВСЬКА",xxx,null,null,Зареєстровано,"1484449280000",null,null,"ЗАДОВІЛЬНИЙ",null,2025-04-15
4858-44999,null,"ДИТЯЧИЙ САДОК № 197","10.1263.50.001-Будівлі дитячих садів","ОКРЕМО СТОЯЧИЙ","ДИТЯЧИЙ САДОК",Київська міська рада,22883141,"УПРАВЛІННЯ ОСВІТИ СОЛОМ'ЯНСЬКОЇ РАЙОННОЇ В МІСТІ КИЄВІ ДЕРЖАВНОЇ АДМІНІСТРАЦІЇ","37485490",null,null,"10.1263.50.001","Будівлі дитячих садів",кв. м.,"2584.0",UA80000000000093317,null,Україна,м. Київ,null,null,null,"СОЛОМ'ЯНСЬКИЙ","ЕРНСТА",xxx,null,null,Невідомо,null,null,null,"ДОБРИЙ",null,2025-04-01
4874-52867,null,"нежитлові приміщення в житловому будинку","10.6000.01-Приміщення в житлових будинках та спорудах","ОКРЕМО СТОЯЧИЙ","ЖИЛИЙ БУДИНОК",Київська міська рада,22883141,"КОМУНАЛЬНЕ ПІДПРИЄМСТВО ""КЕРУЮЧА КОМПАНІЯ З ОБСЛУГОВУВАННЯ ЖИТЛОВОГО ФОНДУ ДНІПРОВСЬКОГО РАЙОНУ М.КИЄВА""","39606435",null,null,"10.6000.01","Приміщення в житлових будинках та спорудах",кв. м.,"7419.3",UA80000000000093317,"02094",Україна,м. Київ,null,null,null,"ДНІПРОВСЬКИЙ","ДМИТРА БАГАЛІЯ (ПОЖАРСЬКОГО)",xxx,null,null,Зареєстровано,"1496193280000",null,null,"ЗАДОВІЛЬНИЙ",null,2025-03-25
4877-53387,null,"нежитлові приміщення в житловому будинку","10.6000.01-Приміщення в житлових будинках та спорудах","ОКРЕМО СТОЯЧИЙ","ІНШЕ",Київська міська рада,22883141,"КОМУНАЛЬНЕ ПІДПРИЄМСТВО ""КЕРУЮЧА КОМПАНІЯ З ОБСЛУГОВУВАННЯ ЖИТЛОВОГО ФОНДУ ДНІПРОВСЬКОГО РАЙОНУ М.КИЄВА""","39606435",null,null,"10.6000.01","Приміщення в житлових будинках та спорудах",кв. м.,"3431.0",UA80000000000093317,null,Україна,м. Київ,null,null,null,"ДНІПРОВСЬКИЙ","ОСТАФІЯ ДАШКЕВИЧА (КУРНАТОВСЬКОГО)",xxx,null,null,Невідомо,null,null,null,"ЗАДОВІЛЬНИЙ",null,2025-03-26
4879-53655,null,"сміттєзбірник","10.6000.01-Приміщення в житлових будинках та спорудах","ПРИМІЩЕННЯ В Ж/Б","ІНШЕ",Київська міська рада,22883141,"КОМУНАЛЬНЕ ПІДПРИЄМСТВО ""КЕРУЮЧА КОМПАНІЯ З ОБСЛУГОВУВАННЯ ЖИТЛОВОГО ФОНДУ ДНІПРОВСЬКОГО РАЙОНУ М.КИЄВА""","39606435",null,null,"10.6000.01","Приміщення в житлових будинках та спорудах",кв. м.,"15.0",UA80000000000093317,null,Україна,м. Київ,null,null,null,"ДНІПРОВСЬКИЙ","СОБОРНОСТІ ПРОСПЕКТ (ВОЗЗ'ЄДНАННЯ ПРОСП.)",xxx,null,null,Невідомо,null,null,null,"ЗАДОВІЛЬНИЙ",null,2025-03-24
4897-53126,null,"нежитлові приміщення вбудовані в житловий будинок","10.6000.01-Приміщення в житлових будинках та спорудах","ПРИМІЩЕННЯ В Ж/Б","ЖИЛИЙ БУДИНОК",Київська міська рада,22883141,"КОМУНАЛЬНЕ ПІДПРИЄМСТВО ""КЕРУЮЧА КОМПАНІЯ З ОБСЛУГОВУВАННЯ ЖИТЛОВОГО ФОНДУ ДНІПРОВСЬКОГО РАЙОНУ М.КИЄВА""","39606435",null,null,"10.6000.01","Приміщення в житлових будинках та спорудах",кв. м.,"3795.3",UA80000000000093317,null,Україна,м. Київ,null,null,null,"ДНІПРОВСЬКИЙ","АЛМАТИНСЬКА (АЛМА-АТИНСЬКА)",xxx,null,null,Зареєстровано,"1561710580000",null,null,"ЗАДОВІЛЬНИЙ",null,2025-03-25
4908-11557,null,"ГОЛОВНИЙ  КОРПУС ЛІКАРНІ","10.1264.9-Будівлі закладів лікувально-профілактичних та оздоровчих інші","ОКРЕМО СТОЯЧИЙ","ЛІКУВАЛЬНЕ",Київська міська рада,22883141,"КОМУНАЛЬНЕ НЕКОМЕРЦІЙНЕ ПІДПРИЄМСТВО КИЇВСЬКИЙ МІСЬКИЙ ЦЕНТР РАДІАЦІЙНОГО ЗАХИСТУ НАСЕЛЕННЯ МІСТА КИЄВА ВІД НАСЛІДКІВ ЧОРНОБИЛЬСЬКОЇ КАТАСТРОФИ ВИКОНАВЧОГО ОРГАНУ КИЇВСЬКОЇ МІСЬКОЇ РАДИ (КИЇВСЬКОЇ МІСЬКОЇ ДЕРЖАВНОЇ АДМІНІСТРАЦІЇ)","21490652",null,null,"10.1264.9","Будівлі закладів лікувально-профілактичних та оздоровчих інші",кв. м.,"15142.3",UA80000000000093317,"02166",Україна,м. Київ,null,null,null,"ДЕСНЯНСЬКИЙ","КУБАНСЬКОЇ УКРАЇНИ (ЖУКОВА МАРШАЛА)",xxx,null,null,Зареєстровано,"1708517880000",null,null,"ЗАДОВІЛЬНИЙ",null,2025-04-08
4916-46198,null,"СКЛАД","10.1220.10.023-Будівлі адміністративні","ПРИБУДОВАНЕ ПРИМІЩ. ДО Н/Б","СКЛАД",Київська міська рада,22883141,"КОМУНАЛЬНЕ ПІДПРИЄМСТВО ""КИЇВЖИТЛОСПЕЦЕКСПЛУАТАЦІЯ""","03366500",null,null,"10.1220.10.023","Будівлі адміністративні",кв. м.,"189.0",UA80000000000093317,"01001",Україна,м. Київ,null,null,null,"ШЕВЧЕНКІВСЬКИЙ","ЯРОСЛАВІВ ВАЛ",xxx,null,null,Невідомо,null,null,null,"ЗАДОВІЛЬНИЙ",null,2025-04-03
4926-48038,null,"вільне","10.12-Будівлі (приміщення) нежитлові","ПРИМІЩЕННЯ В Ж/Б","ІНШЕ",Київська міська рада,22883141,"КОМУНАЛЬНЕ ПІДПРИЄМСТВО ""КЕРУЮЧА КОМПАНІЯ З ОБСЛУГОВУВАННЯ ЖИТЛОВОГО ФОНДУ ПЕЧЕРСЬКОГО РАЙОНУ М.КИЄВА""","35692211",null,null,"10.12","Будівлі (приміщення) нежитлові",кв. м.,"3324.0",UA80000000000093317,null,Україна,м. Київ,null,null,null,"ПЕЧЕРСЬКИЙ","БАСТІОННА",xxx,null,null,Зареєстровано,"1852008180000",null,null,"ЗАДОВІЛЬНИЙ",null,2025-02-28
4940-45897,null,"АДМІНІСТРАТИВНЕ","10.1220.10.023-Будівлі адміністративні","ПРИМІЩЕННЯ В Н/Б","АДМІНІСТРАТИВНЕ",Київська міська рада,22883141,"КОМУНАЛЬНЕ ПІДПРИЄМСТВО ""КИЇВЖИТЛОСПЕЦЕКСПЛУАТАЦІЯ""","03366500",null,null,"10.1220.10.023","Будівлі адміністративні",кв. м.,"3108.2",UA80000000000093317,null,Україна,м. Київ,null,null,null,"СВЯТОШИНСЬКИЙ","ЮРИ ГНАТА",xxx,null,null,Зареєстровано,"2096363480000",null,null,"ЗАДОВІЛЬНИЙ",null,2025-05-05
4944-51174,null,"оренда-БО (300 кв.м), БО (115,9 кв.м), побутові послуги, господ. потреби, вільні, власні потреби,16,8 кв.м, 122,4 кв.м та 83,9 кв.м - самозахоплення переселенцями","10.12-Будівлі (приміщення) нежитлові","ПРИМІЩЕННЯ В Ж/Б","ІНШЕ",Київська міська рада,22883141,"КОМУНАЛЬНЕ ПІДПРИЄМСТВО ""КЕРУЮЧА КОМПАНІЯ З ОБСЛУГОВУВАННЯ ЖИТЛОВОГО ФОНДУ ПЕЧЕРСЬКОГО РАЙОНУ М.КИЄВА""","35692211",null,null,"10.12","Будівлі (приміщення) нежитлові",кв. м.,"3656.99",UA80000000000093317,null,Україна,м. Київ,null,null,null,"ПЕЧЕРСЬКИЙ","ПРЕДСЛАВИНСЬКА",xxx,null,null,Зареєстровано,"1067796180000",null,null,"ЗАДОВІЛЬНИЙ",null,2025-02-28
4958-49768,null,"КІНОТЕАТР ""ФЛОРЕНЦІЯ""","10.1261.10.007-Будівлі кінотеатрів","ОКРЕМО СТОЯЧИЙ","КІНОТЕАТР",Київська міська рада,22883141,"КОМУНАЛЬНЕ ПІДПРИЄМСТВО ВИКОНАВЧОГО ОРГАНУ КИЇВРАДИ (КИЇВСЬКОЇ МІСЬКОЇ ДЕРЖАВНОЇ АДМІНІСТРАЦІЇ ) ""КИЇВКУЛЬТКЛАСТЕР""","35531906",null,null,"10.1261.10.007","Будівлі кінотеатрів",кв. м.,"4479.5",UA80000000000093317,"02225",Україна,м. Київ,null,null,null,"ДЕСНЯНСЬКИЙ","ЧЕРВОНОЇ КАЛИНИ (ВОЛОДИМИРА МАЯКОВСЬКОГО)",xxx,null,null,Невідомо,null,null,null,"ЗАДОВІЛЬНИЙ",null,2025-04-10
4959-14637,null,"вільне","10.11-Будівлі житлові","ПРИМІЩЕННЯ В Ж/Б","ІНШЕ",Київська міська рада,22883141,"КОМУНАЛЬНЕ ПІДПРИЄМСТВО ""КЕРУЮЧА КОМПАНІЯ З ОБСЛУГОВУВАННЯ ЖИТЛОВОГО ФОНДУ ШЕВЧЕНКІВСЬКОГО РАЙОНУ М.КИЄВА""","34966254",null,null,"10.11","Будівлі житлові",кв. м.,"1616.9",UA80000000000093317,null,Україна,м. Київ,null,null,null,"ШЕВЧЕНКІВСЬКИЙ","ГОНЧАРА ОЛЕСЯ",xxx,null,null,Зареєстровано,"24258224800",null,null,"ЗАДОВІЛЬНИЙ",null,2024-11-12
4963-48399,null,"творчі майстерні, поліклініка МВС, профспілки, побутові послуги, вільні, власні потреби","10.12-Будівлі (приміщення) нежитлові","ПРИМІЩЕННЯ В Ж/Б","ІНШЕ",Київська міська рада,22883141,"КОМУНАЛЬНЕ ПІДПРИЄМСТВО ""КЕРУЮЧА КОМПАНІЯ З ОБСЛУГОВУВАННЯ ЖИТЛОВОГО ФОНДУ ПЕЧЕРСЬКОГО РАЙОНУ М.КИЄВА""","35692211",null,null,"10.12","Будівлі (приміщення) нежитлові",кв. м.,"11214.81",UA80000000000093317,null,Україна,м. Київ,null,null,null,"ПЕЧЕРСЬКИЙ","БОГОМОЛЬЦЯ АКАДЕМІКА",xxx,null,null,Зареєстровано,"1563677580000",null,null,"ЗАДОВІЛЬНИЙ",null,2025-05-29
4964-48399,null,"творчі майстерні, поліклініка МВС, профспілки, побутові послуги, вільні, власні потреби","10.12-Будівлі (приміщення) нежитлові","ПРИМІЩЕННЯ В Ж/Б","ІНШЕ",Київська міська рада,22883141,"КОМУНАЛЬНЕ ПІДПРИЄМСТВО ""КЕРУЮЧА КОМПАНІЯ З ОБСЛУГОВУВАННЯ ЖИТЛОВОГО ФОНДУ ПЕЧЕРСЬКОГО РАЙОНУ М.КИЄВА""","35692211",null,null,"10.12","Будівлі (приміщення) нежитлові",кв. м.,"11214.81",UA80000000000093317,null,Україна,м. Київ,null,null,null,"ПЕЧЕРСЬКИЙ","БОГОМОЛЬЦЯ АКАДЕМІКА",xxx,null,null,Зареєстровано,"1563677580000",null,null,"ЗАДОВІЛЬНИЙ",null,2025-05-29
4965-47246,null,"ПОЛІКЛІНІКА","10.1264.40.010-Центри первинної медико-санітарної допомоги","ОКРЕМО СТОЯЧИЙ","МЕДИЧНІ ПОСЛУГИ",Київська міська рада,22883141,"КОМУНАЛЬНЕ НЕКОМЕРЦІЙНЕ ПІДПРИЄМСТВО ""ЦЕНТР ПЕРВИННОЇ МЕДИКО-САНІТАРНОЇ ДОПОМОГИ № 4"" ДЕСНЯНСЬКОГО РАЙОНУ М. КИЄВА","38960345",null,null,"10.1264.40.010","Центри первинної медико-санітарної допомоги",кв. м.,"11029.4",UA80000000000093317,null,Україна,м. Київ,null,null,null,"ДЕСНЯНСЬКИЙ","ВИГУРІВСЬКИЙ БУЛЬВ.",xxx,null,null,Зареєстровано,"1268586780000",null,null,"ЗАДОВІЛЬНИЙ",null,2025-04-01
4966-48292,null,"вільні, (189,8 кв.м НАЙПРОСТІШЕ УКРИТТЯ)","10.12-Будівлі (приміщення) нежитлові","ПРИМІЩЕННЯ В Ж/Б","ІНШЕ",Київська міська рада,22883141,"КОМУНАЛЬНЕ ПІДПРИЄМСТВО ""КЕРУЮЧА КОМПАНІЯ З ОБСЛУГОВУВАННЯ ЖИТЛОВОГО ФОНДУ ПЕЧЕРСЬКОГО РАЙОНУ М.КИЄВА""","35692211",null,null,"10.12","Будівлі (приміщення) нежитлові",кв. м.,"6807.42",UA80000000000093317,null,Україна,м. Київ,null,null,null,"ПЕЧЕРСЬКИЙ","ІНСТИТУТСЬКА",xxx,null,null,Зареєстровано,"1571033080000",null,null,"ЗАДОВІЛЬНИЙ",null,2025-02-24
5017-59351,null,"НЕЖИТЛОВІ ПРИМІЩЕННЯ","10.1300.00.001-Будівлі нежитлові окремо розташовані","ОКРЕМО СТОЯЧИЙ","КОМБІНАТ ПОБУТОВОГО ОБСЛУГОВ.",Київська міська рада,22883141,"КОМУНАЛЬНЕ ПІДПРИЄМСТВО ""ВАТУТІНСЬКІНВЕСТБУД""","30977943",null,null,"10.1300.00.001","Будівлі нежитлові окремо розташовані",кв. м.,"4611.1",UA80000000000093317,"02217",Україна,м. Київ,null,null,null,"ДЕСНЯНСЬКИЙ","ЗАКРЕВСЬКОГО МИКОЛИ",xxx,null,null,Зареєстровано,"2566218880000",null,null,"ЗАДОВІЛЬНИЙ",null,2025-04-10
5019-59353,null,"НЕЖИТЛОВІ ПРИМІЩЕННЯ","10.12-Будівлі (приміщення) нежитлові","ПРИМІЩЕННЯ В Н/Б","ПОБУТОВІ ПОСЛУГИ",Київська міська рада,22883141,"КОМУНАЛЬНЕ ПІДПРИЄМСТВО ""ВАТУТІНСЬКІНВЕСТБУД""","30977943",null,null,"10.12","Будівлі (приміщення) нежитлові",кв. м.,"940.7",UA80000000000093317,"02156",Україна,м. Київ,null,null,null,"ДЕСНЯНСЬКИЙ","ШОЛОМ-АЛЕЙХЕМА",xxx,null,null,Зареєстровано,"2566138180000",null,null,"ЗАДОВІЛЬНИЙ",null,2025-04-10
5036-49704,null,"АДМІНІСТРАТИВНЕ, вільне - триває процес укладення договору оренди","10.12-Будівлі (приміщення) нежитлові","ОКРЕМО СТОЯЧИЙ","АДМІНІСТРАТИВНЕ",Київська міська рада,22883141,"КОМУНАЛЬНЕ ПІДПРИЄМСТВО ""КЕРУЮЧА КОМПАНІЯ З ОБСЛУГОВУВАННЯ ЖИТЛОВОГО ФОНДУ ПОДІЛЬСЬКОГО РАЙОНУ М.КИЄВА""","39609111",null,null,"10.12","Будівлі (приміщення) нежитлові",кв. м.,"564.3",UA80000000000093317,null,Україна,м. Київ,null,null,null,"ПОДІЛЬСЬКИЙ","МЕЖИГІРСЬКА",xxx,null,null,Невідомо,null,null,null,"ЗАДОВІЛЬНИЙ",null,2025-06-03
5065-48446,null,"оренда-ГО, БО, бюджетна установа (ДМС),офіс, склад, видавництво, вільні, (129,8 кв.м НАЙПРОСТІШЕ УКРИТТЯ)","10.12-Будівлі (приміщення) нежитлові","ПРИМІЩЕННЯ В Ж/Б","ІНШЕ",Київська міська рада,22883141,"КОМУНАЛЬНЕ ПІДПРИЄМСТВО ""КЕРУЮЧА КОМПАНІЯ З ОБСЛУГОВУВАННЯ ЖИТЛОВОГО ФОНДУ ПЕЧЕРСЬКОГО РАЙОНУ М.КИЄВА""","35692211",null,null,"10.12","Будівлі (приміщення) нежитлові",кв. м.,"3028.31",UA80000000000093317,null,Україна,м. Київ,null,null,null,"ПЕЧЕРСЬКИЙ","ПЕЧЕРСЬКИЙ УЗВІЗ",xxx,null,null,Зареєстровано,"1291756800000",null,null,"ЗАДОВІЛЬНИЙ",null,2025-02-25
5073-59334,null,"ДИТЯЧИЙ САДОК №168","10.1263.50.001-Будівлі дитячих садів","ОКРЕМО СТОЯЧИЙ","ДИТЯЧИЙ САДОК",Київська міська рада,22883141,"УПРАВЛІННЯ ОСВІТИ СОЛОМ'ЯНСЬКОЇ РАЙОННОЇ В МІСТІ КИЄВІ ДЕРЖАВНОЇ АДМІНІСТРАЦІЇ","37485490",null,null,"10.1263.50.001","Будівлі дитячих садів",кв. м.,"7198.7",UA80000000000093317,null,Україна,м. Київ,null,null,null,"СОЛОМ'ЯНСЬКИЙ","ГАВЕЛА ВАЦЛАВА (ЛЕПСЕ ІВАНА БУЛЬВ.)",xxx,null,null,Зареєстровано,"1393047980000",null,null,"ДОБРИЙ",null,2025-04-01
5080-31013,null,"вільне (будинок ОСББ ""МІЦНИЙ ПРАЙД"")","10.6000.01-Приміщення в житлових будинках та спорудах","ПРИМІЩЕННЯ В Ж/Б",null,Київська міська рада,22883141,"КОМУНАЛЬНЕ ПІДПРИЄМСТВО ""КЕРУЮЧА КОМПАНІЯ З ОБСЛУГОВУВАННЯ ЖИТЛОВОГО ФОНДУ ШЕВЧЕНКІВСЬКОГО РАЙОНУ М.КИЄВА""","34966254",null,null,"10.6000.01","Приміщення в житлових будинках та спорудах",кв. м.,"3864.7",UA80000000000093317,null,Україна,м. Київ,null,null,null,"ШЕВЧЕНКІВСЬКИЙ","ПАРКОВО-СИРЕЦЬКА (ШАМРИЛА ТИМОФІЯ)",xxx,null,null,Зареєстровано,"2840526080000",null,null,"ЗАДОВІЛЬНИЙ",null,2024-11-05
5082-54150,null,"оренда- творчі майстерні, власні потреби (покрів. майстерня), вільне","10.12-Будівлі (приміщення) нежитлові","ПРИМІЩЕННЯ В Ж/Б","МАЙСТЕРНЯ",Київська міська рада,22883141,"КОМУНАЛЬНЕ ПІДПРИЄМСТВО ""КЕРУЮЧА КОМПАНІЯ З ОБСЛУГОВУВАННЯ ЖИТЛОВОГО ФОНДУ ПЕЧЕРСЬКОГО РАЙОНУ М.КИЄВА""","35692211",null,null,"10.12","Будівлі (приміщення) нежитлові",кв. м.,"1090.1",UA80000000000093317,"01024",Україна,м. Київ,null,null,null,"ПЕЧЕРСЬКИЙ","ЛЮТЕРАНСЬКА",xxx,null,null,Зареєстровано,"2064039680000",null,null,"ЗАДОВІЛЬНИЙ",null,2025-03-11
5098-48831,null,"БАГАТОФЦНКЦІОНАЛЬНІ","10.1300.00.001-Будівлі нежитлові окремо розташовані","ОКРЕМО СТОЯЧИЙ","ІНШЕ",Київська міська рада,22883141,"КОМУНАЛЬНЕ ПІДПРИЄМСТВО ""КЕРУЮЧА КОМПАНІЯ З ОБСЛУГОВУВАННЯ ЖИТЛОВОГО ФОНДУ СВЯТОШИНСЬКОГО РАЙОНУ М. КИЄВА""","39607507",null,null,"10.1300.00.001","Будівлі нежитлові окремо розташовані",кв. м.,"79.8",UA80000000000093317,"03115",Україна,м. Київ,null,null,null,"СВЯТОШИНСЬКИЙ","ЛЬВІВСЬКА",xxx,null,null,Зареєстровано,"1712321680000",null,null,"ЗАДОВІЛЬНИЙ",null,2025-04-01
5106-51636,null,"ДИТЯЧИЙ САДОК №173","10.1263.50.001-Будівлі дитячих садів","ОКРЕМО СТОЯЧИЙ","ДИТЯЧИЙ САДОК",Київська міська рада,22883141,"УПРАВЛІННЯ ОСВІТИ ШЕВЧЕНКІВСЬКОЇ РАЙОННОЇ В М.КИЄВІ ДЕРЖАВНОЇ АДМІНІСТРАЦІЇ","37470086",null,null,"10.1263.50.001","Будівлі дитячих садів",кв. м.,"1976.4",UA80000000000093317,null,Україна,м. Київ,null,null,null,"ШЕВЧЕНКІВСЬКИЙ","ТУРЧИНА ІГОРЯ (БЛЮХЕРА)",xxx,null,null,Зареєстровано,"1527451580000",null,null,"ЗАДОВІЛЬНИЙ",null,2024-10-01
5135-46031,null,"АДМІНІСТРАТИВНО-ПОБУТОВЕ","10.1220.10.023-Будівлі адміністративні","ПРИМІЩЕННЯ В Н/Б","АДМІНІСТРАТИВНО-ПОБУТОВЕ",Київська міська рада,22883141,"КОМУНАЛЬНЕ ПІДПРИЄМСТВО ""КИЇВЖИТЛОСПЕЦЕКСПЛУАТАЦІЯ""","03366500",null,null,"10.1220.10.023","Будівлі адміністративні",кв. м.,"1849.8",UA80000000000093317,null,Україна,м. Київ,null,null,null,"ПОДІЛЬСЬКИЙ","СВОБОДИ ПРОСПЕКТ",xxx,null,null,Невідомо,null,null,null,"ЗАДОВІЛЬНИЙ",null,2025-04-03
5141-56297,null,"ПОЛІКЛІНІКА","10.1264.40.003-Будівлі поліклінік","ОКРЕМО СТОЯЧИЙ","ПОЛІКЛІНІКА",Київська міська рада,22883141,"КОМУНАЛЬНЕ НЕКОМЕРЦІЙНЕ ПІДПРИЄМСТВО ""КИЇВСЬКА СТОМАТОЛОГІЯ"" КИЇВСЬКОЇ МІСЬКОЇ РАДИ (КИЇВСЬКОЇ МІСЬКОЇ ДЕРЖАВНОЇ АДМІНІСТРАЦІЇ)","42376659",null,null,"10.1264.40.003","Будівлі поліклінік",кв. м.,"7523.18",UA80000000000093317,null,Україна,м. Київ,null,null,null,"ДАРНИЦЬКИЙ","ВЕРБИЦЬКОГО АРХІТЕКТОРА",xxx,null,null,Зареєстровано,"1303287580000",null,null,"ЗАДОВІЛЬНИЙ",null,2025-06-05
5142-56297,null,"ПОЛІКЛІНІКА","10.1264.40.003-Будівлі поліклінік","ОКРЕМО СТОЯЧИЙ","ПОЛІКЛІНІКА",Київська міська рада,22883141,"КОМУНАЛЬНЕ НЕКОМЕРЦІЙНЕ ПІДПРИЄМСТВО ""КИЇВСЬКА СТОМАТОЛОГІЯ"" КИЇВСЬКОЇ МІСЬКОЇ РАДИ (КИЇВСЬКОЇ МІСЬКОЇ ДЕРЖАВНОЇ АДМІНІСТРАЦІЇ)","42376659",null,null,"10.1264.40.003","Будівлі поліклінік",кв. м.,"7523.18",UA80000000000093317,null,Україна,м. Київ,null,null,null,"ДАРНИЦЬКИЙ","ВЕРБИЦЬКОГО АРХІТЕКТОРА",xxx,null,null,Зареєстровано,"1303287580000",null,null,"ЗАДОВІЛЬНИЙ",null,2025-06-05
5143-56297,null,"ПОЛІКЛІНІКА","10.1264.40.003-Будівлі поліклінік","ОКРЕМО СТОЯЧИЙ","ПОЛІКЛІНІКА",Київська міська рада,22883141,"КОМУНАЛЬНЕ НЕКОМЕРЦІЙНЕ ПІДПРИЄМСТВО ""КИЇВСЬКА СТОМАТОЛОГІЯ"" КИЇВСЬКОЇ МІСЬКОЇ РАДИ (КИЇВСЬКОЇ МІСЬКОЇ ДЕРЖАВНОЇ АДМІНІСТРАЦІЇ)","42376659",null,null,"10.1264.40.003","Будівлі поліклінік",кв. м.,"7523.18",UA80000000000093317,null,Україна,м. Київ,null,null,null,"ДАРНИЦЬКИЙ","ВЕРБИЦЬКОГО АРХІТЕКТОРА",xxx,null,null,Зареєстровано,"1303287580000",null,null,"ЗАДОВІЛЬНИЙ",null,2025-06-05
5144-56297,null,"ПОЛІКЛІНІКА","10.1264.40.003-Будівлі поліклінік","ОКРЕМО СТОЯЧИЙ","ПОЛІКЛІНІКА",Київська міська рада,22883141,"КОМУНАЛЬНЕ НЕКОМЕРЦІЙНЕ ПІДПРИЄМСТВО ""КИЇВСЬКА СТОМАТОЛОГІЯ"" КИЇВСЬКОЇ МІСЬКОЇ РАДИ (КИЇВСЬКОЇ МІСЬКОЇ ДЕРЖАВНОЇ АДМІНІСТРАЦІЇ)","42376659",null,null,"10.1264.40.003","Будівлі поліклінік",кв. м.,"7523.18",UA80000000000093317,null,Україна,м. Київ,null,null,null,"ДАРНИЦЬКИЙ","ВЕРБИЦЬКОГО АРХІТЕКТОРА",xxx,null,null,Зареєстровано,"1303287580000",null,null,"ЗАДОВІЛЬНИЙ",null,2025-06-05
5145-56297,null,"ПОЛІКЛІНІКА","10.1264.40.003-Будівлі поліклінік","ОКРЕМО СТОЯЧИЙ","ПОЛІКЛІНІКА",Київська міська рада,22883141,"КОМУНАЛЬНЕ НЕКОМЕРЦІЙНЕ ПІДПРИЄМСТВО ""КИЇВСЬКА СТОМАТОЛОГІЯ"" КИЇВСЬКОЇ МІСЬКОЇ РАДИ (КИЇВСЬКОЇ МІСЬКОЇ ДЕРЖАВНОЇ АДМІНІСТРАЦІЇ)","42376659",null,null,"10.1264.40.003","Будівлі поліклінік",кв. м.,"7523.18",UA80000000000093317,null,Україна,м. Київ,null,null,null,"ДАРНИЦЬКИЙ","ВЕРБИЦЬКОГО АРХІТЕКТОРА",xxx,null,null,Зареєстровано,"1303287580000",null,null,"ЗАДОВІЛЬНИЙ",null,2025-06-05
5146-56297,null,"ПОЛІКЛІНІКА","10.1264.40.003-Будівлі поліклінік","ОКРЕМО СТОЯЧИЙ","ПОЛІКЛІНІКА",Київська міська рада,22883141,"КОМУНАЛЬНЕ НЕКОМЕРЦІЙНЕ ПІДПРИЄМСТВО ""КИЇВСЬКА СТОМАТОЛОГІЯ"" КИЇВСЬКОЇ МІСЬКОЇ РАДИ (КИЇВСЬКОЇ МІСЬКОЇ ДЕРЖАВНОЇ АДМІНІСТРАЦІЇ)","42376659",null,null,"10.1264.40.003","Будівлі поліклінік",кв. м.,"7523.18",UA80000000000093317,null,Україна,м. Київ,null,null,null,"ДАРНИЦЬКИЙ","ВЕРБИЦЬКОГО АРХІТЕКТОРА",xxx,null,null,Зареєстровано,"1303287580000",null,null,"ЗАДОВІЛЬНИЙ",null,2025-06-05
5151-56302,null,"АДМІНІСТРАТИВНЕ","10.1264.40.003-Будівлі поліклінік","ПРИМІЩЕННЯ В Ж/Б","АДМІНІСТРАТИВНЕ",Київська міська рада,22883141,"КОМУНАЛЬНЕ НЕКОМЕРЦІЙНЕ ПІДПРИЄМСТВО ""КИЇВСЬКА СТОМАТОЛОГІЯ"" КИЇВСЬКОЇ МІСЬКОЇ РАДИ (КИЇВСЬКОЇ МІСЬКОЇ ДЕРЖАВНОЇ АДМІНІСТРАЦІЇ)","42376659",null,null,"10.1264.40.003","Будівлі поліклінік",кв. м.,"2727.76",UA80000000000093317,null,Україна,м. Київ,null,null,null,"ШЕВЧЕНКІВСЬКИЙ","ЧЕХОВСЬКИЙ ПРОВ.",xxx,null,null,Зареєстровано,"1579043480000",null,null,"ЗАДОВІЛЬНИЙ",null,2025-06-05
5159-49150,null,"АДМІНІСТРАТИВНЕ","10.6000.02.001-Багатофункціональні нежитлові приміщення","ПРИМІЩЕННЯ В Ж/Б","АДМІНІСТРАТИВНЕ",Київська міська рада,22883141,"КОМУНАЛЬНЕ ПІДПРИЄМСТВО ""КЕРУЮЧА КОМПАНІЯ З ОБСЛУГОВУВАННЯ ЖИТЛОВОГО ФОНДУ ГОЛОСІЇВСЬКОГО РАЙОНУ М.КИЄВА""","32375554",null,null,"10.6000.02.001","Багатофункціональні нежитлові приміщення",кв. м.,"11116.43",UA80000000000093317,"03187",Україна,м. Київ,null,null,null,"ГОЛОСІЇВСЬКИЙ","ГЛУШКОВА АКАДЕМІКА",xxx,null,null,Зареєстровано,"2552367780000",null,null,"ЗАДОВІЛЬНИЙ",null,2025-04-15
5190-52673,null,"МАГАЗИН, розміщення складу","10.11-Будівлі житлові","ПРИМІЩЕННЯ В Ж/Б","ПОБУТОВІ ПОСЛУГИ",Київська міська рада,22883141,"КОМУНАЛЬНЕ ПІДПРИЄМСТВО ""КЕРУЮЧА КОМПАНІЯ З ОБСЛУГОВУВАННЯ ЖИТЛОВОГО ФОНДУ ОБОЛОНСЬКОГО РАЙОНУ М.КИЄВА""","39611267",null,null,"10.11","Будівлі житлові",кв. м.,"6941.6",UA80000000000093317,"04114",Україна,м. Київ,null,null,null,"ОБОЛОНСЬКИЙ","ВИШГОРОДСЬКА",xxx,null,null,Невідомо,null,null,null,"ЗАДОВІЛЬНИЙ",null,2025-06-17
5193-48380,null,"оренда - Нікітіна О. В., вільні","10.12-Будівлі (приміщення) нежитлові","ПРИМІЩЕННЯ В Ж/Б","ІНШЕ",Київська міська рада,22883141,"КОМУНАЛЬНЕ ПІДПРИЄМСТВО ""КЕРУЮЧА КОМПАНІЯ З ОБСЛУГОВУВАННЯ ЖИТЛОВОГО ФОНДУ ПЕЧЕРСЬКОГО РАЙОНУ М.КИЄВА""","35692211",null,null,"10.12","Будівлі (приміщення) нежитлові",кв. м.,"3846.0",UA80000000000093317,null,Україна,м. Київ,null,null,null,"ПЕЧЕРСЬКИЙ","КЛОВСЬКИЙ УЗВІЗ",xxx,null,null,Зареєстровано,"2103682480000",null,null,"ЗАДОВІЛЬНИЙ",null,2025-02-25
5216-42603,null,"Нежитлова будівля","10.1300.00.001-Будівлі нежитлові окремо розташовані","СПОРУДА","ІНШЕ",Київська міська рада,22883141,"КОМУНАЛЬНЕ ПІДПРИЄМСТВО ВИКОНАВЧОГО ОРГАНУ КИЇВСЬКОЇ МІСЬКОЇ РАДИ (КИЇВСЬКОЇ МІСЬКОЇ ДЕРЖАВНОЇ АДМІНІСТРАЦІЇ) ПО ОХОРОНІ, УТРИМАННЮ ТА ЕКСПЛУАТАЦІЇ ЗЕМЕЛЬ ВОДНОГО ФОНДУ М. КИЄВА ""ПЛЕСО""","23505151",null,null,"10.1300.00.001","Будівлі нежитлові окремо розташовані",кв. м.,"266.5",UA80000000000093317,null,Україна,м. Київ,null,null,null,"ДНІПРОВСЬКИЙ","ТРУХАНІВСЬКА",xxx,null,null,Зареєстровано,"2518724380000",null,null,"ЗАДОВІЛЬНИЙ",null,2025-03-13
5217-42606,null,"НЕЖИТЛОВА БУДІВЛЯ ЛІТ ""В"" (НАВІС-132)","10.1300.00.001-Будівлі нежитлові окремо розташовані","СПОРУДА","ІНШЕ",Київська міська рада,22883141,"КОМУНАЛЬНЕ ПІДПРИЄМСТВО ВИКОНАВЧОГО ОРГАНУ КИЇВСЬКОЇ МІСЬКОЇ РАДИ (КИЇВСЬКОЇ МІСЬКОЇ ДЕРЖАВНОЇ АДМІНІСТРАЦІЇ) ПО ОХОРОНІ, УТРИМАННЮ ТА ЕКСПЛУАТАЦІЇ ЗЕМЕЛЬ ВОДНОГО ФОНДУ М. КИЄВА ""ПЛЕСО""","23505151",null,null,"10.1300.00.001","Будівлі нежитлові окремо розташовані",кв. м.,"29.6",UA80000000000093317,null,Україна,м. Київ,null,null,null,"ДНІПРОВСЬКИЙ","ТРУХАНІВСЬКА",xxx,null,null,Зареєстровано,"2485297380000",null,null,"ЗАДОВІЛЬНИЙ",null,2025-03-13
5218-31551,null,"НЕЖИТЛОВА СПОРУДА ЛІТ ""Б"" (СКЛАД-128)","10.1300.00.001-Будівлі нежитлові окремо розташовані","ОКРЕМО СТОЯЧИЙ","СКЛАД",Київська міська рада,22883141,"КОМУНАЛЬНЕ ПІДПРИЄМСТВО ВИКОНАВЧОГО ОРГАНУ КИЇВСЬКОЇ МІСЬКОЇ РАДИ (КИЇВСЬКОЇ МІСЬКОЇ ДЕРЖАВНОЇ АДМІНІСТРАЦІЇ) ПО ОХОРОНІ, УТРИМАННЮ ТА ЕКСПЛУАТАЦІЇ ЗЕМЕЛЬ ВОДНОГО ФОНДУ М. КИЄВА ""ПЛЕСО""","23505151",null,null,"10.1300.00.001","Будівлі нежитлові окремо розташовані",кв. м.,"234.0",UA80000000000093317,null,Україна,м. Київ,null,null,null,"ДНІПРОВСЬКИЙ","ТРУХАНІВСЬКА",xxx,null,null,Зареєстровано,"2486647880000",null,null,"ЗАДОВІЛЬНИЙ",null,2025-05-19
5219-42604,null,"МАЙСТЕРНЯ-129","10.1300.00.001-Будівлі нежитлові окремо розташовані","СПОРУДА","ІНШЕ",Київська міська рада,22883141,"КОМУНАЛЬНЕ ПІДПРИЄМСТВО ВИКОНАВЧОГО ОРГАНУ КИЇВСЬКОЇ МІСЬКОЇ РАДИ (КИЇВСЬКОЇ МІСЬКОЇ ДЕРЖАВНОЇ АДМІНІСТРАЦІЇ) ПО ОХОРОНІ, УТРИМАННЮ ТА ЕКСПЛУАТАЦІЇ ЗЕМЕЛЬ ВОДНОГО ФОНДУ М. КИЄВА ""ПЛЕСО""","23505151",null,null,"10.1300.00.001","Будівлі нежитлові окремо розташовані",кв. м.,"145.1",UA80000000000093317,null,Україна,м. Київ,null,null,null,"ДНІПРОВСЬКИЙ","ТРУХАНІВСЬКА",xxx,null,null,Зареєстровано,"2486468080000",null,null,"ЗАДОВІЛЬНИЙ",null,2025-03-13
5220-31645,null,"НЕЖИТЛОВА БУДІВЛЯ ЛІТ ""Д"" (НАВІС-135)","10.1300.00.001-Будівлі нежитлові окремо розташовані","СПОРУДА","ІНШЕ",Київська міська рада,22883141,"КОМУНАЛЬНЕ ПІДПРИЄМСТВО ВИКОНАВЧОГО ОРГАНУ КИЇВСЬКОЇ МІСЬКОЇ РАДИ (КИЇВСЬКОЇ МІСЬКОЇ ДЕРЖАВНОЇ АДМІНІСТРАЦІЇ) ПО ОХОРОНІ, УТРИМАННЮ ТА ЕКСПЛУАТАЦІЇ ЗЕМЕЛЬ ВОДНОГО ФОНДУ М. КИЄВА ""ПЛЕСО""","23505151",null,null,"10.1300.00.001","Будівлі нежитлові окремо розташовані",кв. м.,"185.9",UA80000000000093317,null,Україна,м. Київ,null,null,null,"ДНІПРОВСЬКИЙ","ТРУХАНІВСЬКА",xxx,null,null,Зареєстровано,"2486584680000",null,null,"ЗАДОВІЛЬНИЙ",null,2025-04-01
5228-48204,null,"вільне","10.12-Будівлі (приміщення) нежитлові","ПРИМІЩЕННЯ В Ж/Б","ІНШЕ",Київська міська рада,22883141,"КОМУНАЛЬНЕ ПІДПРИЄМСТВО ""КЕРУЮЧА КОМПАНІЯ З ОБСЛУГОВУВАННЯ ЖИТЛОВОГО ФОНДУ ПЕЧЕРСЬКОГО РАЙОНУ М.КИЄВА""","35692211",null,null,"10.12","Будівлі (приміщення) нежитлові",кв. м.,"1987.3",UA80000000000093317,"01001",Україна,м. Київ,null,null,null,"ПЕЧЕРСЬКИЙ","ГОРОДЕЦЬКОГО АРХІТЕКТОРА",xxx,null,null,Невідомо,null,null,null,"ЗАДОВІЛЬНИЙ",null,2025-03-11
5230-48292,null,"вільні, (189,8 кв.м НАЙПРОСТІШЕ УКРИТТЯ)","10.12-Будівлі (приміщення) нежитлові","ПРИМІЩЕННЯ В Ж/Б","ІНШЕ",Київська міська рада,22883141,"КОМУНАЛЬНЕ ПІДПРИЄМСТВО ""КЕРУЮЧА КОМПАНІЯ З ОБСЛУГОВУВАННЯ ЖИТЛОВОГО ФОНДУ ПЕЧЕРСЬКОГО РАЙОНУ М.КИЄВА""","35692211",null,null,"10.12","Будівлі (приміщення) нежитлові",кв. м.,"6807.42",UA80000000000093317,null,Україна,м. Київ,null,null,null,"ПЕЧЕРСЬКИЙ","ІНСТИТУТСЬКА",xxx,null,null,Зареєстровано,"1571033080000",null,null,"ЗАДОВІЛЬНИЙ",null,2025-02-24
5231-48292,null,"вільні, (189,8 кв.м НАЙПРОСТІШЕ УКРИТТЯ)","10.12-Будівлі (приміщення) нежитлові","ПРИМІЩЕННЯ В Ж/Б","ІНШЕ",Київська міська рада,22883141,"КОМУНАЛЬНЕ ПІДПРИЄМСТВО ""КЕРУЮЧА КОМПАНІЯ З ОБСЛУГОВУВАННЯ ЖИТЛОВОГО ФОНДУ ПЕЧЕРСЬКОГО РАЙОНУ М.КИЄВА""","35692211",null,null,"10.12","Будівлі (приміщення) нежитлові",кв. м.,"6807.42",UA80000000000093317,null,Україна,м. Київ,null,null,null,"ПЕЧЕРСЬКИЙ","ІНСТИТУТСЬКА",xxx,null,null,Зареєстровано,"1571033080000",null,null,"ЗАДОВІЛЬНИЙ",null,2025-02-24
5248-48807,null,"АДМІНІСТРАТИВНЕ","10.1220.10.023-Будівлі адміністративні","ОКРЕМО СТОЯЧИЙ","АДМІНІСТРАТИВНЕ",Київська міська рада,22883141,"КОМУНАЛЬНЕ ПІДПРИЄМСТВО ""КЕРУЮЧА КОМПАНІЯ З ОБСЛУГОВУВАННЯ ЖИТЛОВОГО ФОНДУ СВЯТОШИНСЬКОГО РАЙОНУ М. КИЄВА""","39607507",null,null,"10.1220.10.023","Будівлі адміністративні",кв. м.,"2035.97",UA80000000000093317,"03179",Україна,м. Київ,null,null,null,"СВЯТОШИНСЬКИЙ","ІРПІНСЬКА",xxx,null,null,Зареєстровано,"1594555680000",null,null,"ЗАДОВІЛЬНИЙ",null,2025-04-01
5250-48807,null,"АДМІНІСТРАТИВНЕ","10.1220.10.023-Будівлі адміністративні","ОКРЕМО СТОЯЧИЙ","АДМІНІСТРАТИВНЕ",Київська міська рада,22883141,"КОМУНАЛЬНЕ ПІДПРИЄМСТВО ""КЕРУЮЧА КОМПАНІЯ З ОБСЛУГОВУВАННЯ ЖИТЛОВОГО ФОНДУ СВЯТОШИНСЬКОГО РАЙОНУ М. КИЄВА""","39607507",null,null,"10.1220.10.023","Будівлі адміністративні",кв. м.,"2035.97",UA80000000000093317,"03179",Україна,м. Київ,null,null,null,"СВЯТОШИНСЬКИЙ","ІРПІНСЬКА",xxx,null,null,Зареєстровано,"1594555680000",null,null,"ЗАДОВІЛЬНИЙ",null,2025-04-01
5307-48137,null,"оренда-опорний пункт","10.12-Будівлі (приміщення) нежитлові","ПРИМІЩЕННЯ В Ж/Б","ІНШЕ",Київська міська рада,22883141,"КОМУНАЛЬНЕ ПІДПРИЄМСТВО ""КЕРУЮЧА КОМПАНІЯ З ОБСЛУГОВУВАННЯ ЖИТЛОВОГО ФОНДУ ПЕЧЕРСЬКОГО РАЙОНУ М.КИЄВА""","35692211",null,null,"10.12","Будівлі (приміщення) нежитлові",кв. м.,"4218.9",UA80000000000093317,null,Україна,м. Київ,null,null,null,"ПЕЧЕРСЬКИЙ","СТАРОНАВОДНИЦЬКА",xxx,null,null,Зареєстровано,"2242719180000",null,null,"ЗАДОВІЛЬНИЙ",null,2025-02-28
5309-48446,null,"оренда-ГО, БО, бюджетна установа (ДМС),офіс, склад, видавництво, вільні, (129,8 кв.м НАЙПРОСТІШЕ УКРИТТЯ)","10.12-Будівлі (приміщення) нежитлові","ПРИМІЩЕННЯ В Ж/Б","ІНШЕ",Київська міська рада,22883141,"КОМУНАЛЬНЕ ПІДПРИЄМСТВО ""КЕРУЮЧА КОМПАНІЯ З ОБСЛУГОВУВАННЯ ЖИТЛОВОГО ФОНДУ ПЕЧЕРСЬКОГО РАЙОНУ М.КИЄВА""","35692211",null,null,"10.12","Будівлі (приміщення) нежитлові",кв. м.,"3028.31",UA80000000000093317,null,Україна,м. Київ,null,null,null,"ПЕЧЕРСЬКИЙ","ПЕЧЕРСЬКИЙ УЗВІЗ",xxx,null,null,Зареєстровано,"1291756800000",null,null,"ЗАДОВІЛЬНИЙ",null,2025-02-25
5312-54555,null,null,"10.6000.01.001-Приміщення основні","ПРИМІЩЕННЯ В Ж/Б","АДМІНІСТРАТИВНЕ",Київська міська рада,22883141,"КОМУНАЛЬНЕ ПІДПРИЄМСТВО ""КЕРУЮЧА КОМПАНІЯ З ОБСЛУГОВУВАННЯ ЖИТЛОВОГО ФОНДУ ГОЛОСІЇВСЬКОГО РАЙОНУ М.КИЄВА""","32375554",null,null,"10.6000.01.001","Приміщення основні",кв. м.,"1165.31",UA80000000000093317,null,Україна,м. Київ,null,null,null,"ГОЛОСІЇВСЬКИЙ","КОНЧА-ЗАСПИНСЬКА (МАТИКІНА ГЕНЕРАЛА)",xxx,null,null,Зареєстровано,"1681086980000",null,null,"ЗАДОВІЛЬНИЙ",null,2025-04-15
5316-49793,null,"АДМІНІСТРАТИВНЕ","10.6000.01.001-Приміщення основні","ПРИМІЩЕННЯ В Ж/Б","АДМІНІСТРАТИВНЕ",Київська міська рада,22883141,"КОМУНАЛЬНЕ ПІДПРИЄМСТВО ""КЕРУЮЧА КОМПАНІЯ З ОБСЛУГОВУВАННЯ ЖИТЛОВОГО ФОНДУ ГОЛОСІЇВСЬКОГО РАЙОНУ М.КИЄВА""","32375554",null,null,"10.6000.01.001","Приміщення основні",кв. м.,"5985.63",UA80000000000093317,"03028",Україна,м. Київ,null,null,null,"ГОЛОСІЇВСЬКИЙ"," НАУКИ ПРОСПЕКТ",xxx,null,null,Зареєстровано,"1157723380000",null,null,"ЗАДОВІЛЬНИЙ",null,2025-04-15
5357-58568,null,null,"10.1220.10.023-Будівлі адміністративні","ОКРЕМО СТОЯЧИЙ","АДМІНІСТРАТИВНЕ",Київська міська рада,22883141,"КОМУНАЛЬНЕ ПІДПРИЄМСТВО ""КИЇВЖИТЛОСПЕЦЕКСПЛУАТАЦІЯ""","03366500",null,null,"10.1220.10.023","Будівлі адміністративні",кв. м.,"1070.8",UA80000000000093317,null,Україна,м. Київ,null,null,null,"ДЕСНЯНСЬКИЙ","ЧЕРВОНОЇ КАЛИНИ (ВОЛОДИМИРА МАЯКОВСЬКОГО)",xxx,null,null,Зареєстровано,"2097761280000",null,null,"ЗАДОВІЛЬНИЙ",null,2025-04-03
5361-45900,null,"АДМІНІСТРАТИВНЕ","10.1220.10.023-Будівлі адміністративні","ПРИМІЩЕННЯ В Н/Б","АДМІНІСТРАТИВНЕ",Київська міська рада,22883141,"КОМУНАЛЬНЕ ПІДПРИЄМСТВО ""КИЇВЖИТЛОСПЕЦЕКСПЛУАТАЦІЯ""","03366500",null,null,"10.1220.10.023","Будівлі адміністративні",кв. м.,"423.1",UA80000000000093317,"02091",Україна,м. Київ,null,null,null,"ДАРНИЦЬКИЙ","ХАРКІВСЬКЕ ШОСЕ",xxx,null,null,Зареєстровано,"2179491880000",null,null,"ЗАДОВІЛЬНИЙ",null,2025-04-03
5362-46115,null,"ПОБУТОВІ ПОСЛУГИ","10.1220.10.023-Будівлі адміністративні","ПРИМІЩЕННЯ В Н/Б","ПОБУТОВІ ПОСЛУГИ",Київська міська рада,22883141,"КОМУНАЛЬНЕ ПІДПРИЄМСТВО ""КИЇВЖИТЛОСПЕЦЕКСПЛУАТАЦІЯ""","03366500",null,null,"10.1220.10.023","Будівлі адміністративні",кв. м.,"1009.2",UA80000000000093317,"02212",Україна,м. Київ,null,null,null,"ОБОЛОНСЬКИЙ","ЛЕВКА ЛУК'ЯНЕНКА (МАРШАЛА ТИМОШЕНКА)",xxx,null,null,Невідомо,null,null,null,"ЗАДОВІЛЬНИЙ",null,2025-04-03
5363-46115,null,"ПОБУТОВІ ПОСЛУГИ","10.1220.10.023-Будівлі адміністративні","ПРИМІЩЕННЯ В Н/Б","ПОБУТОВІ ПОСЛУГИ",Київська міська рада,22883141,"КОМУНАЛЬНЕ ПІДПРИЄМСТВО ""КИЇВЖИТЛОСПЕЦЕКСПЛУАТАЦІЯ""","03366500",null,null,"10.1220.10.023","Будівлі адміністративні",кв. м.,"1009.2",UA80000000000093317,"02212",Україна,м. Київ,null,null,null,"ОБОЛОНСЬКИЙ","ЛЕВКА ЛУК'ЯНЕНКА (МАРШАЛА ТИМОШЕНКА)",xxx,null,null,Невідомо,null,null,null,"ЗАДОВІЛЬНИЙ",null,2025-04-03
5364-46115,null,"ПОБУТОВІ ПОСЛУГИ","10.1220.10.023-Будівлі адміністративні","ПРИМІЩЕННЯ В Н/Б","ПОБУТОВІ ПОСЛУГИ",Київська міська рада,22883141,"КОМУНАЛЬНЕ ПІДПРИЄМСТВО ""КИЇВЖИТЛОСПЕЦЕКСПЛУАТАЦІЯ""","03366500",null,null,"10.1220.10.023","Будівлі адміністративні",кв. м.,"1009.2",UA80000000000093317,"02212",Україна,м. Київ,null,null,null,"ОБОЛОНСЬКИЙ","ЛЕВКА ЛУК'ЯНЕНКА (МАРШАЛА ТИМОШЕНКА)",xxx,null,null,Невідомо,null,null,null,"ЗАДОВІЛЬНИЙ",null,2025-04-03
5367-46020,null,"АДМІНІСТРАТИВНЕ","10.1220.10.023-Будівлі адміністративні","ПРИМІЩЕННЯ В Н/Б","АДМІНІСТРАТИВНЕ",Київська міська рада,22883141,"КОМУНАЛЬНЕ ПІДПРИЄМСТВО ""КИЇВЖИТЛОСПЕЦЕКСПЛУАТАЦІЯ""","03366500",null,null,"10.1220.10.023","Будівлі адміністративні",кв. м.,"221.4",UA80000000000093317,"04208",Україна,м. Київ,null,null,null,"ПОДІЛЬСЬКИЙ","ЄВРОПЕЙСЬКОГО СОЮЗУ ПРОСПЕКТ (ПРАВДИ ПРОСПЕКТ)",xxx,null,null,Невідомо,null,null,null,"ЗАДОВІЛЬНИЙ",null,2025-04-03
5370-46031,null,"АДМІНІСТРАТИВНО-ПОБУТОВЕ","10.1220.10.023-Будівлі адміністративні","ПРИМІЩЕННЯ В Н/Б","АДМІНІСТРАТИВНО-ПОБУТОВЕ",Київська міська рада,22883141,"КОМУНАЛЬНЕ ПІДПРИЄМСТВО ""КИЇВЖИТЛОСПЕЦЕКСПЛУАТАЦІЯ""","03366500",null,null,"10.1220.10.023","Будівлі адміністративні",кв. м.,"1849.8",UA80000000000093317,null,Україна,м. Київ,null,null,null,"ПОДІЛЬСЬКИЙ","СВОБОДИ ПРОСПЕКТ",xxx,null,null,Невідомо,null,null,null,"ЗАДОВІЛЬНИЙ",null,2025-04-03
5371-46031,null,"АДМІНІСТРАТИВНО-ПОБУТОВЕ","10.1220.10.023-Будівлі адміністративні","ПРИМІЩЕННЯ В Н/Б","АДМІНІСТРАТИВНО-ПОБУТОВЕ",Київська міська рада,22883141,"КОМУНАЛЬНЕ ПІДПРИЄМСТВО ""КИЇВЖИТЛОСПЕЦЕКСПЛУАТАЦІЯ""","03366500",null,null,"10.1220.10.023","Будівлі адміністративні",кв. м.,"1849.8",UA80000000000093317,null,Україна,м. Київ,null,null,null,"ПОДІЛЬСЬКИЙ","СВОБОДИ ПРОСПЕКТ",xxx,null,null,Невідомо,null,null,null,"ЗАДОВІЛЬНИЙ",null,2025-04-03
5372-45898,null,"БПО","10.1220.10.023-Будівлі адміністративні","ОКРЕМО СТОЯЧИЙ","АДМІНІСТРАТИВНО-ПОБУТОВЕ",Київська міська рада,22883141,"КОМУНАЛЬНЕ ПІДПРИЄМСТВО ""КИЇВЖИТЛОСПЕЦЕКСПЛУАТАЦІЯ""","03366500",null,null,"10.1220.10.023","Будівлі адміністративні",кв. м.,"1362.8",UA80000000000093317,"02121",Україна,м. Київ,null,null,null,"ДАРНИЦЬКИЙ","БАЖАНА МИКОЛИ ПРОСП.",xxx,null,null,Невідомо,null,null,null,"ЗАДОВІЛЬНИЙ",null,2025-04-03
5373-45898,null,"БПО","10.1220.10.023-Будівлі адміністративні","ОКРЕМО СТОЯЧИЙ","АДМІНІСТРАТИВНО-ПОБУТОВЕ",Київська міська рада,22883141,"КОМУНАЛЬНЕ ПІДПРИЄМСТВО ""КИЇВЖИТЛОСПЕЦЕКСПЛУАТАЦІЯ""","03366500",null,null,"10.1220.10.023","Будівлі адміністративні",кв. м.,"1362.8",UA80000000000093317,"02121",Україна,м. Київ,null,null,null,"ДАРНИЦЬКИЙ","БАЖАНА МИКОЛИ ПРОСП.",xxx,null,null,Невідомо,null,null,null,"ЗАДОВІЛЬНИЙ",null,2025-04-03
5375-58822,null,"ГРОМАДСЬКА ВБИРАЛЬНЯ","10.1274.50.003-Туалети (вбиральні) громадські","ОКРЕМО СТОЯЧИЙ","ГРОМАДСЬКА ВБИРАЛЬНЯ",Київська міська рада,22883141,"КОМУНАЛЬНЕ ПІДПРИЄМСТВО ""КИЇВЖИТЛОСПЕЦЕКСПЛУАТАЦІЯ""","03366500",null,null,"10.1274.50.003","Туалети (вбиральні) громадські",кв. м.,"73.4",UA80000000000093317,null,Україна,м. Київ,null,null,null,"ШЕВЧЕНКІВСЬКИЙ","ГЛИБОЧИЦЬКА",xxx,null,null,Зареєстровано,"1649941380000",null,null,"ЗАДОВІЛЬНИЙ",null,2025-04-03
5376-46085,null,"АДМІНІСТРАТИВНЕ","10.1220.10.023-Будівлі адміністративні","ОКРЕМО СТОЯЧИЙ","АДМІНІСТРАТИВНЕ",Київська міська рада,22883141,"КОМУНАЛЬНЕ ПІДПРИЄМСТВО ""КИЇВЖИТЛОСПЕЦЕКСПЛУАТАЦІЯ""","03366500",null,null,"10.1220.10.023","Будівлі адміністративні",кв. м.,"1392.9",UA80000000000093317,"253222",Україна,м. Київ,null,null,null,"ДЕСНЯНСЬКИЙ","РОНАЛЬДА РЕЙГАНА (ДРАЙЗЕРА ТЕОДОРА)",xxx,null,null,Невідомо,null,null,null,"ЗАДОВІЛЬНИЙ",null,2025-04-03
5380-36060,null,"ГАРАЖІ","10.1242.10.000-Гаражні бокси","ОКРЕМО СТОЯЧИЙ","ГАРАЖ",Київська міська рада,22883141,"КОМУНАЛЬНЕ НЕКОМЕРЦІЙНЕ ПІДПРИЄМСТВО МІСЬКИЙ ЗАКЛАД З НАДАННЯ ПСИХІАТРИЧНОЇ ДОПОМОГИ ВИКОНАВЧОГО ОРГАНУ КИЇВСЬКОЇ МІСЬКОЇ РАДИ (КИЇВСЬКОЇ МІСЬКОЇ ДЕРЖАВНОЇ АДМІНІСТРАЦІЇ)","01993992",null,null,"10.1242.10.000","Гаражні бокси",кв. м.,"153.6",UA80000000000093317,null,Україна,м. Київ,null,null,null,"ДЕСНЯНСЬКИЙ","МИРОПІЛЬСЬКА",xxx,null,null,Зареєстровано,"1262817780000",null,null,"ЗАДОВІЛЬНИЙ",null,2025-04-11
5381-36060,null,"ГАРАЖІ","10.1242.10.000-Гаражні бокси","ОКРЕМО СТОЯЧИЙ","ГАРАЖ",Київська міська рада,22883141,"КОМУНАЛЬНЕ НЕКОМЕРЦІЙНЕ ПІДПРИЄМСТВО МІСЬКИЙ ЗАКЛАД З НАДАННЯ ПСИХІАТРИЧНОЇ ДОПОМОГИ ВИКОНАВЧОГО ОРГАНУ КИЇВСЬКОЇ МІСЬКОЇ РАДИ (КИЇВСЬКОЇ МІСЬКОЇ ДЕРЖАВНОЇ АДМІНІСТРАЦІЇ)","01993992",null,null,"10.1242.10.000","Гаражні бокси",кв. м.,"153.6",UA80000000000093317,null,Україна,м. Київ,null,null,null,"ДЕСНЯНСЬКИЙ","МИРОПІЛЬСЬКА",xxx,null,null,Зареєстровано,"1262817780000",null,null,"ЗАДОВІЛЬНИЙ",null,2025-04-11
5382-36060,null,"ГАРАЖІ","10.1242.10.000-Гаражні бокси","ОКРЕМО СТОЯЧИЙ","ГАРАЖ",Київська міська рада,22883141,"КОМУНАЛЬНЕ НЕКОМЕРЦІЙНЕ ПІДПРИЄМСТВО МІСЬКИЙ ЗАКЛАД З НАДАННЯ ПСИХІАТРИЧНОЇ ДОПОМОГИ ВИКОНАВЧОГО ОРГАНУ КИЇВСЬКОЇ МІСЬКОЇ РАДИ (КИЇВСЬКОЇ МІСЬКОЇ ДЕРЖАВНОЇ АДМІНІСТРАЦІЇ)","01993992",null,null,"10.1242.10.000","Гаражні бокси",кв. м.,"153.6",UA80000000000093317,null,Україна,м. Київ,null,null,null,"ДЕСНЯНСЬКИЙ","МИРОПІЛЬСЬКА",xxx,null,null,Зареєстровано,"1262817780000",null,null,"ЗАДОВІЛЬНИЙ",null,2025-04-11
5432-59800,null,"ІНЖЕНЕРНИЙ","10.2112.50.001-Асфальтові майданчики","СПОРУДА","ІНЖЕНЕРНИЙ",Київська міська рада,22883141,"КОМУНАЛЬНЕ НЕКОМЕРЦІЙНЕ ПІДПРИЄМСТВО КИЇВСЬКА МІСЬКА КЛІНІЧНА ЛІКАРНЯ №1 ВИКОНАВЧОГО ОРГАНУ КИЇВСЬКОЇ МІСЬКОЇ РАДИ (КИЇВСЬКОЇ МІСЬКОЇ ДЕРЖАВНОЇ АДМІНІСТРАЦІЇ)","01981738",null,null,"10.2112.50.001","Асфальтові майданчики",кв. м.,"7742.0",UA80000000000093317,"02091",Україна,м. Київ,null,null,null,"ДАРНИЦЬКИЙ","ХАРКІВСЬКЕ ШОСЕ",xxx,null,null,Невідомо,null,null,null,"ЗАДОВІЛЬНИЙ",null,2025-04-03
5433-59795,null,"Легка архітектурна форма №1","10.1252.70.005-Ангари металеві без фундаменту","ОКРЕМО СТОЯЧИЙ","АНГАР",Київська міська рада,22883141,"КОМУНАЛЬНИЙ ЗАКЛАД ПРОФЕСІЙНОЇ (ПРОФЕСІЙНО-ТЕХНІЧНОЇ) ОСВІТИ КИЇВСЬКИЙ ПРОФЕСІЙНИЙ КОЛЕДЖ БУДІВНИЦТВА І АРХІТЕКТУРИ","05536739",null,null,"10.1252.70.005","Ангари металеві без фундаменту",кв. м.,"0.0",UA80000000000093317,null,Україна,м. Київ,null,null,null,"СВЯТОШИНСЬКИЙ","КЛАВДІЇВСЬКА",xxx,null,null,Невідомо,null,null,null,"ЗАДОВІЛЬНИЙ",null,2025-03-13
5476-56308,null,"Адміністративна будівля","10.1220.10.023-Будівлі адміністративні","ОКРЕМО СТОЯЧИЙ","АДМІНІСТРАТИВНЕ",Київська міська рада,22883141,"КОМУНАЛЬНЕ ПІДПРИЄМСТВО ВИКОНАВЧОГО ОРГАНУ КИЇВРАДИ (КИЇВСЬКОЇ МІСЬКОЇ ДЕРЖАВНОЇ АДМІНІСТРАЦІЇ) КИЇВТЕПЛОЕНЕРГО","40538421",null,null,"10.1220.10.023","Будівлі адміністративні",кв. м.,"1924.0",UA80000000000093317,null,Україна,м. Київ,null,null,null,"ДНІПРОВСЬКИЙ","БУДІВЕЛЬНИКІВ",xxx,null,null,Невідомо,null,null,null,"ЗАДОВІЛЬНИЙ",null,2025-03-18
5491-58836,null,"ПОБУТОВЕ ПРИМІЩЕННЯ","10.112-Будинки з двома та більше квартирами","ОКРЕМО СТОЯЧИЙ","ПОБУТОВЕ ПРИМІЩЕННЯ",Київська міська рада,22883141,"КОМУНАЛЬНЕ ПІДПРИЄМСТВО ""КЕРУЮЧА КОМПАНІЯ З ОБСЛУГОВУВАННЯ ЖИТЛОВОГО ФОНДУ СВЯТОШИНСЬКОГО РАЙОНУ М. КИЄВА""","39607507",null,null,"10.112","Будинки з двома та більше квартирами",кв. м.,"216.9",UA80000000000093317,"03134",Україна,м. Київ,null,null,null,"СВЯТОШИНСЬКИЙ","СИМИРЕНКА",xxx,null,null,Зареєстровано,"1832300880000",null,null,"ЗАДОВІЛЬНИЙ",null,2025-04-01
5498-45984,null,"АДМІНІСТРАТИВНЕ","10.1220.10.023-Будівлі адміністративні","ОКРЕМО СТОЯЧИЙ","АДМІНІСТРАТИВНЕ",Київська міська рада,22883141,"КОМУНАЛЬНЕ ПІДПРИЄМСТВО ""КИЇВЖИТЛОСПЕЦЕКСПЛУАТАЦІЯ""","03366500",null,null,"10.1220.10.023","Будівлі адміністративні",кв. м.,"828.7",UA80000000000093317,"04070",Україна,м. Київ,null,null,null,"ПОДІЛЬСЬКИЙ","АНДРІЇВСЬКИЙ УЗВІЗ",xxx,null,null,Невідомо,null,null,null,"ЗАДОВІЛЬНИЙ",null,2025-04-03
5513-48384,null,"оренда- відділення поштового зв язку, офіс, вільні","10.12-Будівлі (приміщення) нежитлові","ПРИМІЩЕННЯ В Ж/Б","ІНШЕ",Київська міська рада,22883141,"КОМУНАЛЬНЕ ПІДПРИЄМСТВО ""КЕРУЮЧА КОМПАНІЯ З ОБСЛУГОВУВАННЯ ЖИТЛОВОГО ФОНДУ ПЕЧЕРСЬКОГО РАЙОНУ М.КИЄВА""","35692211",null,null,"10.12","Будівлі (приміщення) нежитлові",кв. м.,"5556.4",UA80000000000093317,null,Україна,м. Київ,null,null,null,"ПЕЧЕРСЬКИЙ","ГРУШЕВСЬКОГО МИХАЙЛА",xxx,null,null,Зареєстровано,"1250858680000",null,null,"ЗАДОВІЛЬНИЙ",null,2025-02-24
5526-39960,null,"СКЛАД","10.1252.70.009-Складські будівлі","ОКРЕМО СТОЯЧИЙ","СКЛАД",Київська міська рада,22883141,"КОМУНАЛЬНЕ ПІДПРИЄМСТВО ""ГОСПКОМОБСЛУГОВУВАННЯ""","21465789",null,null,"10.1252.70.009","Складські будівлі",кв. м.,"167.3",UA80000000000093317,"01013",Україна,м. Київ,null,null,null,"ГОЛОСІЇВСЬКИЙ","БУДІНДУСТРІЇ",xxx,null,null,Невідомо,null,null,null,"ЗАДОВІЛЬНИЙ",null,2024-04-23
5571-58702,null,"вільне","10.1-БУДІВЛІ","ПРИМІЩЕННЯ В Ж/Б","ІНШЕ",Київська міська рада,22883141,"КОМУНАЛЬНЕ ПІДПРИЄМСТВО ""КЕРУЮЧА КОМПАНІЯ З ОБСЛУГОВУВАННЯ ЖИТЛОВОГО ФОНДУ ШЕВЧЕНКІВСЬКОГО РАЙОНУ М.КИЄВА""","34966254",null,null,"10.1","БУДІВЛІ",кв. м.,"3622.0",UA80000000000093317,null,Україна,м. Київ,null,null,null,"ШЕВЧЕНКІВСЬКИЙ","НИВСЬКА (НЕВСЬКА)",xxx,null,null,Зареєстровано,"№ 80866078000",null,null,"ЗАДОВІЛЬНИЙ",null,2024-11-28
5575-13556,null,"бібліотека; торг. об'єкт; власні потреби; вільні; 1544,8 кв.м -вкрадено (відкрито кримінальне провадження)","10.12-Будівлі (приміщення) нежитлові","ПРИМІЩЕННЯ В Ж/Б","ІНШЕ",Київська міська рада,22883141,"КОМУНАЛЬНЕ ПІДПРИЄМСТВО ""КЕРУЮЧА КОМПАНІЯ З ОБСЛУГОВУВАННЯ ЖИТЛОВОГО ФОНДУ ШЕВЧЕНКІВСЬКОГО РАЙОНУ М.КИЄВА""","34966254",null,null,"10.12","Будівлі (приміщення) нежитлові",кв. м.,"21833.0",UA80000000000093317,null,Україна,м. Київ,null,null,null,"ШЕВЧЕНКІВСЬКИЙ","БЕРЕСТЕЙСЬКИЙ ПРОСПЕКТ (ПРОСПЕКТ ПЕРЕМОГИ)",xxx,null,null,Зареєстровано,"22067294800",null,null,"ЗАДОВІЛЬНИЙ",null,2024-10-31
5576-13556,null,"бібліотека; торг. об'єкт; власні потреби; вільні; 1544,8 кв.м -вкрадено (відкрито кримінальне провадження)","10.12-Будівлі (приміщення) нежитлові","ПРИМІЩЕННЯ В Ж/Б","ІНШЕ",Київська міська рада,22883141,"КОМУНАЛЬНЕ ПІДПРИЄМСТВО ""КЕРУЮЧА КОМПАНІЯ З ОБСЛУГОВУВАННЯ ЖИТЛОВОГО ФОНДУ ШЕВЧЕНКІВСЬКОГО РАЙОНУ М.КИЄВА""","34966254",null,null,"10.12","Будівлі (приміщення) нежитлові",кв. м.,"21833.0",UA80000000000093317,null,Україна,м. Київ,null,null,null,"ШЕВЧЕНКІВСЬКИЙ","БЕРЕСТЕЙСЬКИЙ ПРОСПЕКТ (ПРОСПЕКТ ПЕРЕМОГИ)",xxx,null,null,Зареєстровано,"22067294800",null,null,"ЗАДОВІЛЬНИЙ",null,2024-10-31
5579-48624,null,"оренда - ОСН, ВІЛЬНЕ","10.12-Будівлі (приміщення) нежитлові","ПРИМІЩЕННЯ В Ж/Б","АДМІНІСТРАТИВНЕ",Київська міська рада,22883141,"КОМУНАЛЬНЕ ПІДПРИЄМСТВО ""КЕРУЮЧА КОМПАНІЯ З ОБСЛУГОВУВАННЯ ЖИТЛОВОГО ФОНДУ ПЕЧЕРСЬКОГО РАЙОНУ М.КИЄВА""","35692211",null,null,"10.12","Будівлі (приміщення) нежитлові",кв. м.,"1997.5",UA80000000000093317,"1024",Україна,м. Київ,null,null,null,"ПЕЧЕРСЬКИЙ","ЛЮТЕРАНСЬКА",xxx,null,null,Зареєстровано,"2554112180000",null,null,"ЗАДОВІЛЬНИЙ",null,2025-03-11
5587-14684,null,"офіс, вільне","10.6000.01-Приміщення в житлових будинках та спорудах","ПРИМІЩЕННЯ В Ж/Б","ІНШЕ",Київська міська рада,22883141,"КОМУНАЛЬНЕ ПІДПРИЄМСТВО ""КЕРУЮЧА КОМПАНІЯ З ОБСЛУГОВУВАННЯ ЖИТЛОВОГО ФОНДУ ШЕВЧЕНКІВСЬКОГО РАЙОНУ М.КИЄВА""","34966254",null,null,"10.6000.01","Приміщення в житлових будинках та спорудах",кв. м.,"1481.37",UA80000000000093317,null,Україна,м. Київ,null,null,null,"ШЕВЧЕНКІВСЬКИЙ","ПЕТЛЮРИ СИМОНА",xxx,null,null,Зареєстровано,"18775104800",null,null,"ЗАДОВІЛЬНИЙ",null,2024-10-31
5591-51010,null,"КОМПЛ.ПІДПР.ПОБУТ. ОБСЛУГОВ.","10.6000.01-Приміщення в житлових будинках та спорудах","ПРИМІЩЕННЯ В Ж/Б","КОМПЛ.ПІДПР.ПОБУТ. ОБСЛУГОВ.",Київська міська рада,22883141,"КОМУНАЛЬНЕ ПІДПРИЄМСТВО ""КЕРУЮЧА КОМПАНІЯ З ОБСЛУГОВУВАННЯ ЖИТЛОВОГО ФОНДУ ДЕСНЯНСЬКОГО РАЙОНУ М.КИЄВА""","39605452",null,null,"10.6000.01","Приміщення в житлових будинках та спорудах",кв. м.,"295.7",UA80000000000093317,null,Україна,м. Київ,null,null,null,"ДЕСНЯНСЬКИЙ","РАДИСТІВ",xxx,null,null,Зареєстровано,"1157300380000",null,null,"ЗАДОВІЛЬНИЙ",null,2025-01-17
5596-17026,null,"вільне","10.6000.01-Приміщення в житлових будинках та спорудах","ПРИМІЩЕННЯ В Ж/Б",null,Київська міська рада,22883141,"КОМУНАЛЬНЕ ПІДПРИЄМСТВО ""КЕРУЮЧА КОМПАНІЯ З ОБСЛУГОВУВАННЯ ЖИТЛОВОГО ФОНДУ ШЕВЧЕНКІВСЬКОГО РАЙОНУ М.КИЄВА""","34966254",null,null,"10.6000.01","Приміщення в житлових будинках та спорудах",кв. м.,"1907.75",UA80000000000093317,null,Україна,м. Київ,null,null,null,"ШЕВЧЕНКІВСЬКИЙ","ДЕСЯТИННА",xxx,null,null,Зареєстровано,"4792280000",null,null,"ЗАДОВІЛЬНИЙ",null,2024-10-31
5597-51012,null,"КОМПЛ.ПІДПР.ПОБУТ. ОБСЛУГОВ.","10.1220.10.023-Будівлі адміністративні","ОКРЕМО СТОЯЧИЙ","КОМПЛ.ПІДПР.ПОБУТ. ОБСЛУГОВ.",Київська міська рада,22883141,"КОМУНАЛЬНЕ ПІДПРИЄМСТВО ""КЕРУЮЧА КОМПАНІЯ З ОБСЛУГОВУВАННЯ ЖИТЛОВОГО ФОНДУ ДЕСНЯНСЬКОГО РАЙОНУ М.КИЄВА""","39605452",null,null,"10.1220.10.023","Будівлі адміністративні",кв. м.,"772.3",UA80000000000093317,null,Україна,м. Київ,null,null,null,"ДЕСНЯНСЬКИЙ","ЧЕРВОНОЇ КАЛИНИ (ВОЛОДИМИРА МАЯКОВСЬКОГО)",xxx,null,null,Зареєстровано,"1642049680000",null,null,"ЗАДОВІЛЬНИЙ",null,2025-03-19
5599-14773,null,"вільне","10.6000.02.004-Побутові приміщення","ПРИМІЩЕННЯ В Ж/Б",null,Київська міська рада,22883141,"КОМУНАЛЬНЕ ПІДПРИЄМСТВО ""КЕРУЮЧА КОМПАНІЯ З ОБСЛУГОВУВАННЯ ЖИТЛОВОГО ФОНДУ ШЕВЧЕНКІВСЬКОГО РАЙОНУ М.КИЄВА""","34966254",null,null,"10.6000.02.004","Побутові приміщення",кв. м.,"2111.63",UA80000000000093317,"01030",Україна,м. Київ,null,null,null,"ШЕВЧЕНКІВСЬКИЙ","ХМЕЛЬНИЦЬКОГО БОГДАНА",xxx,null,null,Невідомо,null,null,null,"ЗАДОВІЛЬНИЙ",null,2024-12-23
5600-12241,null,"вільні","10.12-Будівлі (приміщення) нежитлові","ОКРЕМО СТОЯЧИЙ",null,Київська міська рада,22883141,"КОМУНАЛЬНЕ ПІДПРИЄМСТВО ""КЕРУЮЧА КОМПАНІЯ З ОБСЛУГОВУВАННЯ ЖИТЛОВОГО ФОНДУ ШЕВЧЕНКІВСЬКОГО РАЙОНУ М.КИЄВА""","34966254",null,null,"10.12","Будівлі (приміщення) нежитлові",кв. м.,"230.0",UA80000000000093317,null,Україна,м. Київ,null,null,null,"ШЕВЧЕНКІВСЬКИЙ","САКСАГАНСЬКОГО",xxx,null,null,Зареєстровано,"0769651880000",null,null,"ЗАДОВІЛЬНИЙ",null,2024-10-28
5601-16975,null,"БІБЛІОТЕКА, об’єкт цивільної оборони (укриття), вільне",null,"ПРИМІЩЕННЯ В Ж/Б",null,Київська міська рада,22883141,"КОМУНАЛЬНЕ ПІДПРИЄМСТВО ""КЕРУЮЧА КОМПАНІЯ З ОБСЛУГОВУВАННЯ ЖИТЛОВОГО ФОНДУ ШЕВЧЕНКІВСЬКОГО РАЙОНУ М.КИЄВА""","34966254",null,null,null,null,кв. м.,"2136.6",UA80000000000093317,null,Україна,м. Київ,null,null,null,"ШЕВЧЕНКІВСЬКИЙ","ПЛАТОНА МАЙБОРОДИ",xxx,null,null,Зареєстровано,"1149731880000",null,null,"ЗАДОВІЛЬНИЙ",null,2024-10-16
5603-17019,null,null,null,"ПРИМІЩЕННЯ В Ж/Б","ІНШЕ",Київська міська рада,22883141,"КОМУНАЛЬНЕ ПІДПРИЄМСТВО ""КЕРУЮЧА КОМПАНІЯ З ОБСЛУГОВУВАННЯ ЖИТЛОВОГО ФОНДУ ШЕВЧЕНКІВСЬКОГО РАЙОНУ М.КИЄВА""","34966254",null,null,null,null,кв. м.,"1778.73",UA80000000000093317,null,Україна,м. Київ,null,null,null,"ШЕВЧЕНКІВСЬКИЙ","ВОЛОДИМИРСЬКА",xxx,null,null,Зареєстровано,"1086782080000",null,null,"ЗАДОВІЛЬНИЙ",null,2024-10-29
5605-13769,null,"вільні, із них: 85,5 - об’єкт цивільної оборони (найпростіше укриття)",null,"ПРИМІЩЕННЯ В Ж/Б",null,Київська міська рада,22883141,"КОМУНАЛЬНЕ ПІДПРИЄМСТВО ""КЕРУЮЧА КОМПАНІЯ З ОБСЛУГОВУВАННЯ ЖИТЛОВОГО ФОНДУ ШЕВЧЕНКІВСЬКОГО РАЙОНУ М.КИЄВА""","34966254",null,null,null,null,кв. м.,"3726.9",UA80000000000093317,null,Україна,м. Київ,null,null,null,"ШЕВЧЕНКІВСЬКИЙ","БЕЗРУЧКА МАРКА (БАБУШКІНА)",xxx,null,null,Зареєстровано,"1678601980000",null,null,"ЗАДОВІЛЬНИЙ",null,2024-11-29
5606-17127,null,"майстерня, об’єкт цивільної оборони",null,"ПРИМІЩЕННЯ В Ж/Б",null,Київська міська рада,22883141,"КОМУНАЛЬНЕ ПІДПРИЄМСТВО ""КЕРУЮЧА КОМПАНІЯ З ОБСЛУГОВУВАННЯ ЖИТЛОВОГО ФОНДУ ШЕВЧЕНКІВСЬКОГО РАЙОНУ М.КИЄВА""","34966254",null,null,null,null,кв. м.,"2768.74",UA80000000000093317,null,Україна,м. Київ,null,null,null,"ШЕВЧЕНКІВСЬКИЙ","БЕХТЕРЕВСЬКИЙ ПРОВ.",xxx,null,null,Зареєстровано,"2172713980000",null,null,"ЗАДОВІЛЬНИЙ",null,2024-10-31
5607-51806,null,"ремонт взуття","10.6000.01-Приміщення в житлових будинках та спорудах","ПРИМІЩЕННЯ В Ж/Б","ПОБУТОВІ ПОСЛУГИ",Київська міська рада,22883141,"КОМУНАЛЬНЕ ПІДПРИЄМСТВО ""КЕРУЮЧА КОМПАНІЯ З ОБСЛУГОВУВАННЯ ЖИТЛОВОГО ФОНДУ ДЕСНЯНСЬКОГО РАЙОНУ М.КИЄВА""","39605452",null,null,"10.6000.01","Приміщення в житлових будинках та спорудах",кв. м.,"15.2",UA80000000000093317,null,Україна,м. Київ,null,null,null,"ДЕСНЯНСЬКИЙ","КОСМОНАВТА ПОПОВИЧА (КОСМОНАВТА ВОЛКОВА)",xxx,null,null,Зареєстровано,"1714186280000",null,null,"ЗАДОВІЛЬНИЙ",null,2025-04-10
5608-51804,null,"ІНШЕ","10.1220.10.023-Будівлі адміністративні","ОКРЕМО СТОЯЧИЙ","ІНШЕ",Київська міська рада,22883141,"КОМУНАЛЬНЕ ПІДПРИЄМСТВО ""КЕРУЮЧА КОМПАНІЯ З ОБСЛУГОВУВАННЯ ЖИТЛОВОГО ФОНДУ ДЕСНЯНСЬКОГО РАЙОНУ М.КИЄВА""","39605452",null,null,"10.1220.10.023","Будівлі адміністративні",кв. м.,"629.3",UA80000000000093317,null,Україна,м. Київ,null,null,null,"ДЕСНЯНСЬКИЙ"," ЛІСОВИЙ ПРОСПЕКТ",xxx,null,null,Зареєстровано,"2903184980000",null,null,"ЗАДОВІЛЬНИЙ",null,2025-04-10
5613-51749,null,"ІНШЕ (МАЙСТЕРНЯ З РОЗМІЩЕННЯ ПАМ'ЯТНИКІВ)","10.12-Будівлі (приміщення) нежитлові","СПОРУДА","ІНШЕ",Київська міська рада,22883141,"КОМУНАЛЬНЕ ПІДПРИЄМСТВО ""КЕРУЮЧА КОМПАНІЯ З ОБСЛУГОВУВАННЯ ЖИТЛОВОГО ФОНДУ ДЕСНЯНСЬКОГО РАЙОНУ М.КИЄВА""","39605452",null,null,"10.12","Будівлі (приміщення) нежитлові",кв. м.,"72.4",UA80000000000093317,null,Україна,м. Київ,null,null,null,"ДЕСНЯНСЬКИЙ","ШОЛОМ-АЛЕЙХЕМА",xxx,null,null,Зареєстровано,"1889183780000",null,null,"ЗАДОВІЛЬНИЙ",null,2025-04-10
5615-54642,null,null,"10.1230.60.009-Сміттєзбірники","СПОРУДА","СМІТТЄЗБІРНИК",Київська міська рада,22883141,"КОМУНАЛЬНЕ ПІДПРИЄМСТВО ""КЕРУЮЧА КОМПАНІЯ З ОБСЛУГОВУВАННЯ ЖИТЛОВОГО ФОНДУ ДЕСНЯНСЬКОГО РАЙОНУ М.КИЄВА""","39605452",null,null,"10.1230.60.009","Сміттєзбірники",кв. м.,"22.0",UA80000000000093317,"02222",Україна,м. Київ,null,null,null,"ДЕСНЯНСЬКИЙ","БЕРЕТТІ ВІКЕНТІЯ",xxx,null,null,Зареєстровано,"1586537980000",null,null,"ЗАДОВІЛЬНИЙ",null,2025-01-16
5616-47989,null,"Лікувально-профілактичні","10.1264.40.003-Будівлі поліклінік","ОКРЕМО СТОЯЧИЙ","ПОЛІКЛІНІКА",Київська міська рада,22883141,"КОМУНАЛЬНЕ НЕКОМЕРЦІЙНЕ ПІДПРИЄМСТВО ""ЦЕНТР ПЕРВИННОЇ МЕДИКО-САНІТАРНОЇ ДОПОМОГИ № 2"" ШЕВЧЕНКІВСЬКОГО РАЙОНУ МІСТА КИЄВА","38948312",null,null,"10.1264.40.003","Будівлі поліклінік",кв. м.,"8596.8",UA80000000000093317,"04050",Україна,м. Київ,null,null,null,"ШЕВЧЕНКІВСЬКИЙ","ПИМОНЕНКА МИКОЛИ",xxx,null,null,Зареєстровано,"1239375780000",null,null,"ЗАДОВІЛЬНИЙ",null,2025-05-21
5620-49429,null,"вільне","10.12-Будівлі (приміщення) нежитлові","ПРИМІЩЕННЯ В Ж/Б",null,Київська міська рада,22883141,"КОМУНАЛЬНЕ ПІДПРИЄМСТВО ""КЕРУЮЧА КОМПАНІЯ З ОБСЛУГОВУВАННЯ ЖИТЛОВОГО ФОНДУ ПОДІЛЬСЬКОГО РАЙОНУ М.КИЄВА""","39609111",null,null,"10.12","Будівлі (приміщення) нежитлові",кв. м.,"391.0",UA80000000000093317,null,Україна,м. Київ,null,null,null,"ПОДІЛЬСЬКИЙ","КИРИЛІВСЬКА (ФРУНЗЕ)",xxx,null,null,Зареєстровано,"1798510180000",null,null,"ЗАДОВІЛЬНИЙ",null,2025-01-12
5630-12846,null,"ПУНКТ ПРОКАТУ -Д.16/1","10.2-ІНЖЕНЕРНІ СПОРУДИ","ОКРЕМО СТОЯЧИЙ","ПУНКТ ПРОКАТУ",Київська міська рада,22883141,"КОМУНАЛЬНЕ ПІДПРИЄМСТВО ВИКОНАВЧОГО ОРГАНУ КИЇВСЬКОЇ МІСЬКОЇ РАДИ (КИЇВСЬКОЇ МІСЬКОЇ ДЕРЖАВНОЇ АДМІНІСТРАЦІЇ) ПО ОХОРОНІ, УТРИМАННЮ ТА ЕКСПЛУАТАЦІЇ ЗЕМЕЛЬ ВОДНОГО ФОНДУ М. КИЄВА ""ПЛЕСО""","23505151",null,null,"10.2","ІНЖЕНЕРНІ СПОРУДИ",кв. м.,"94.5",UA80000000000093317,null,Україна,м. Київ,null,null,null,"ДНІПРОВСЬКИЙ","БЕЗ АДРЕСИ",xxx,null,null,Невідомо,null,null,null,"КАПІТАЛЬНИЙ РЕМОНТ",null,2025-03-13
5702-48921,null,"Багатофункціональні","10.6000.02.001-Багатофункціональні нежитлові приміщення","ПРИМІЩЕННЯ В Ж/Б","ІНШЕ",Київська міська рада,22883141,"КОМУНАЛЬНЕ ПІДПРИЄМСТВО ""КЕРУЮЧА КОМПАНІЯ З ОБСЛУГОВУВАННЯ ЖИТЛОВОГО ФОНДУ СВЯТОШИНСЬКОГО РАЙОНУ М. КИЄВА""","39607507",null,null,"10.6000.02.001","Багатофункціональні нежитлові приміщення",кв. м.,"2970.2",UA80000000000093317,"03115",Україна,м. Київ,null,null,null,"СВЯТОШИНСЬКИЙ","ГЕТЬМАНА КИРИЛА РОЗУМОВСЬКОГО (МИКОЛИ КРАСНОВА)",xxx,null,null,Зареєстровано,"1790719080000",null,null,"ЗАДОВІЛЬНИЙ",null,2025-04-01
5724-53775,null,"окремо розташ.буд.","10.12-Будівлі (приміщення) нежитлові","ОКРЕМО СТОЯЧИЙ","ІНШЕ",Київська міська рада,22883141,"КОМУНАЛЬНЕ ПІДПРИЄМСТВО ""КЕРУЮЧА КОМПАНІЯ З ОБСЛУГОВУВАННЯ ЖИТЛОВОГО ФОНДУ ДНІПРОВСЬКОГО РАЙОНУ М.КИЄВА""","39606435",null,null,"10.12","Будівлі (приміщення) нежитлові",кв. м.,"693.8",UA80000000000093317,"02139",Україна,м. Київ,null,null,null,"ДНІПРОВСЬКИЙ","МИКИТЕНКА ІВАНА",xxx,null,null,Зареєстровано,"1543459880000",null,null,"ЗАДОВІЛЬНИЙ",null,2025-03-28
5725-53775,null,"окремо розташ.буд.","10.12-Будівлі (приміщення) нежитлові","ОКРЕМО СТОЯЧИЙ","ІНШЕ",Київська міська рада,22883141,"КОМУНАЛЬНЕ ПІДПРИЄМСТВО ""КЕРУЮЧА КОМПАНІЯ З ОБСЛУГОВУВАННЯ ЖИТЛОВОГО ФОНДУ ДНІПРОВСЬКОГО РАЙОНУ М.КИЄВА""","39606435",null,null,"10.12","Будівлі (приміщення) нежитлові",кв. м.,"693.8",UA80000000000093317,"02139",Україна,м. Київ,null,null,null,"ДНІПРОВСЬКИЙ","МИКИТЕНКА ІВАНА",xxx,null,null,Зареєстровано,"1543459880000",null,null,"ЗАДОВІЛЬНИЙ",null,2025-03-28
5753-48141,null,"вільне","10.12-Будівлі (приміщення) нежитлові","ПРИМІЩЕННЯ В Ж/Б","ІНШЕ",Київська міська рада,22883141,"КОМУНАЛЬНЕ ПІДПРИЄМСТВО ""КЕРУЮЧА КОМПАНІЯ З ОБСЛУГОВУВАННЯ ЖИТЛОВОГО ФОНДУ ПЕЧЕРСЬКОГО РАЙОНУ М.КИЄВА""","35692211",null,null,"10.12","Будівлі (приміщення) нежитлові",кв. м.,"2146.22",UA80000000000093317,null,Україна,м. Київ,null,null,null,"ПЕЧЕРСЬКИЙ","ПРАВОБЕРЕЖНА",xxx,null,null,Зареєстровано,"2349056380000",null,null,"ЗАДОВІЛЬНИЙ",null,2025-03-11
5755-52095,null,"вільне","10.12-Будівлі (приміщення) нежитлові","ПРИМІЩЕННЯ В Ж/Б","ІНШЕ",Київська міська рада,22883141,"КОМУНАЛЬНЕ ПІДПРИЄМСТВО ""КЕРУЮЧА КОМПАНІЯ З ОБСЛУГОВУВАННЯ ЖИТЛОВОГО ФОНДУ ПОДІЛЬСЬКОГО РАЙОНУ М.КИЄВА""","39609111",null,null,"10.12","Будівлі (приміщення) нежитлові",кв. м.,"294.8",UA80000000000093317,null,Україна,м. Київ,null,null,null,"ПОДІЛЬСЬКИЙ","МЕЖОВА",xxx,null,null,Зареєстровано,"1775814680000",null,null,"ЗАДОВІЛЬНИЙ",null,2025-03-20
5768-49437,null,null,"10.12-Будівлі (приміщення) нежитлові","ПРИМІЩЕННЯ В Н/Б","ІНШЕ",Київська міська рада,22883141,"КОМУНАЛЬНЕ ПІДПРИЄМСТВО ""КЕРУЮЧА КОМПАНІЯ З ОБСЛУГОВУВАННЯ ЖИТЛОВОГО ФОНДУ ПОДІЛЬСЬКОГО РАЙОНУ М.КИЄВА""","39609111",null,null,"10.12","Будівлі (приміщення) нежитлові",кв. м.,"29.7",UA80000000000093317,"254086",Україна,м. Київ,null,null,null,"ПОДІЛЬСЬКИЙ","ТЕЛІГИ ОЛЕНИ (КОРОТЧЕНКА)",xxx,null,null,Невідомо,null,null,null,"ЗАДОВІЛЬНИЙ",null,2025-06-05
5792-56302,null,"АДМІНІСТРАТИВНЕ","10.1264.40.003-Будівлі поліклінік","ПРИМІЩЕННЯ В Ж/Б","АДМІНІСТРАТИВНЕ",Київська міська рада,22883141,"КОМУНАЛЬНЕ НЕКОМЕРЦІЙНЕ ПІДПРИЄМСТВО ""КИЇВСЬКА СТОМАТОЛОГІЯ"" КИЇВСЬКОЇ МІСЬКОЇ РАДИ (КИЇВСЬКОЇ МІСЬКОЇ ДЕРЖАВНОЇ АДМІНІСТРАЦІЇ)","42376659",null,null,"10.1264.40.003","Будівлі поліклінік",кв. м.,"2727.76",UA80000000000093317,null,Україна,м. Київ,null,null,null,"ШЕВЧЕНКІВСЬКИЙ","ЧЕХОВСЬКИЙ ПРОВ.",xxx,null,null,Зареєстровано,"1579043480000",null,null,"ЗАДОВІЛЬНИЙ",null,2025-06-05
5793-49575,null,null,"10.12-Будівлі (приміщення) нежитлові","ПРИМІЩЕННЯ В Ж/Б","ІНШЕ",Київська міська рада,22883141,"КОМУНАЛЬНЕ ПІДПРИЄМСТВО ""КЕРУЮЧА КОМПАНІЯ З ОБСЛУГОВУВАННЯ ЖИТЛОВОГО ФОНДУ ПОДІЛЬСЬКОГО РАЙОНУ М.КИЄВА""","39609111",null,null,"10.12","Будівлі (приміщення) нежитлові",кв. м.,"226.2",UA80000000000093317,null,Україна,м. Київ,null,null,null,"ПОДІЛЬСЬКИЙ","СВІТЛИЦЬКОГО",xxx,null,null,Невідомо,null,null,null,"ЗАДОВІЛЬНИЙ",null,2025-01-13
5794-49424,null,"вільне","10.12-Будівлі (приміщення) нежитлові","ПРИМІЩЕННЯ В Ж/Б",null,Київська міська рада,22883141,"КОМУНАЛЬНЕ ПІДПРИЄМСТВО ""КЕРУЮЧА КОМПАНІЯ З ОБСЛУГОВУВАННЯ ЖИТЛОВОГО ФОНДУ ПОДІЛЬСЬКОГО РАЙОНУ М.КИЄВА""","39609111",null,null,"10.12","Будівлі (приміщення) нежитлові",кв. м.,"64.0",UA80000000000093317,null,Україна,м. Київ,null,null,null,"ПОДІЛЬСЬКИЙ","КИРИЛІВСЬКА (ФРУНЗЕ)",xxx,null,null,Зареєстровано,"1778171880000",null,null,"ЗАДОВІЛЬНИЙ",null,2025-01-12
5796-49684,null,null,"10.1230.60.009-Сміттєзбірники","СПОРУДА","СМІТТЄЗБІРНИК",Київська міська рада,22883141,"КОМУНАЛЬНЕ ПІДПРИЄМСТВО ""КЕРУЮЧА КОМПАНІЯ З ОБСЛУГОВУВАННЯ ЖИТЛОВОГО ФОНДУ ПОДІЛЬСЬКОГО РАЙОНУ М.КИЄВА""","39609111",null,null,"10.1230.60.009","Сміттєзбірники",кв. м.,"25.0",UA80000000000093317,null,Україна,м. Київ,null,null,null,"ПОДІЛЬСЬКИЙ","ГАЛИЦЬКА",xxx,null,null,Невідомо,null,null,null,"ЗАДОВІЛЬНИЙ",null,2025-01-11
5800-49507,null,"ВІЛЬНІ","10.12-Будівлі (приміщення) нежитлові","ПРИМІЩЕННЯ В Ж/Б","ІНШЕ",Київська міська рада,22883141,"КОМУНАЛЬНЕ ПІДПРИЄМСТВО ""КЕРУЮЧА КОМПАНІЯ З ОБСЛУГОВУВАННЯ ЖИТЛОВОГО ФОНДУ ПОДІЛЬСЬКОГО РАЙОНУ М.КИЄВА""","39609111",null,null,"10.12","Будівлі (приміщення) нежитлові",кв. м.,"118.6",UA80000000000093317,"04123",Україна,м. Київ,null,null,null,"ПОДІЛЬСЬКИЙ","ЇЖАКЕВИЧА ІВАНА",xxx,null,null,Зареєстровано,"1892360280000",null,null,"ЗАДОВІЛЬНИЙ",null,2025-01-11
5801-14877,null,"вільні (підвал -38,2 кв.м -доступ до приміщення відсутній)","10.6000.02.008-Вільні нежитлові приміщення","ОКРЕМО СТОЯЧИЙ","ІНШЕ",Київська міська рада,22883141,"КОМУНАЛЬНЕ ПІДПРИЄМСТВО ""КЕРУЮЧА КОМПАНІЯ З ОБСЛУГОВУВАННЯ ЖИТЛОВОГО ФОНДУ ШЕВЧЕНКІВСЬКОГО РАЙОНУ М.КИЄВА""","34966254",null,null,"10.6000.02.008","Вільні нежитлові приміщення",кв. м.,"2296.9",UA80000000000093317,null,Україна,м. Київ,null,null,null,"ШЕВЧЕНКІВСЬКИЙ","БУЛЬВАРНО-КУДРЯВСЬКА (ВОРОВСЬКОГО)",xxx,null,null,Зареєстровано,"1173206280000",null,null,"ЗАДОВІЛЬНИЙ",null,2024-08-06
5802-49531,null,"вільне","10.12-Будівлі (приміщення) нежитлові","ПРИМІЩЕННЯ В Ж/Б","ІНШЕ",Київська міська рада,22883141,"КОМУНАЛЬНЕ ПІДПРИЄМСТВО ""КЕРУЮЧА КОМПАНІЯ З ОБСЛУГОВУВАННЯ ЖИТЛОВОГО ФОНДУ ПОДІЛЬСЬКОГО РАЙОНУ М.КИЄВА""","39609111",null,null,"10.12","Будівлі (приміщення) нежитлові",кв. м.,"144.9",UA80000000000093317,null,Україна,м. Київ,null,null,null,"ПОДІЛЬСЬКИЙ","БЕСТУЖЕВА ПРОВ.",xxx,null,null,Зареєстровано,"1908886580000",null,null,"ЗАДОВІЛЬНИЙ",null,2025-01-12
5824-49565,null,"АДМІНІСТРАТИВНЕ","10.12-Будівлі (приміщення) нежитлові","ПРИМІЩЕННЯ В Ж/Б","АДМІНІСТРАТИВНЕ",Київська міська рада,22883141,"КОМУНАЛЬНЕ ПІДПРИЄМСТВО ""КЕРУЮЧА КОМПАНІЯ З ОБСЛУГОВУВАННЯ ЖИТЛОВОГО ФОНДУ ПОДІЛЬСЬКОГО РАЙОНУ М.КИЄВА""","39609111",null,null,"10.12","Будівлі (приміщення) нежитлові",кв. м.,"107.2",UA80000000000093317,"01436",Україна,м. Київ,null,null,null,"ПОДІЛЬСЬКИЙ","СИРЕЦЬКА",xxx,null,null,Невідомо,null,null,null,"ЗАДОВІЛЬНИЙ",null,2025-01-12
5836-51969,null,null,"10.1220.10.023-Будівлі адміністративні","ОКРЕМО СТОЯЧИЙ","АДМІНІСТРАТИВНЕ",Київська міська рада,22883141,"КОМУНАЛЬНЕ ПІДПРИЄМСТВО ""КЕРУЮЧА КОМПАНІЯ З ОБСЛУГОВУВАННЯ ЖИТЛОВОГО ФОНДУ ДЕСНЯНСЬКОГО РАЙОНУ М.КИЄВА""","39605452",null,null,"10.1220.10.023","Будівлі адміністративні",кв. м.,"1578.9",UA80000000000093317,"02222",Україна,м. Київ,null,null,null,"ДЕСНЯНСЬКИЙ","СЕРЖА ЛИФАРЯ (САБУРОВА ОЛЕКСАНДРА)",xxx,null,null,Зареєстровано,"2749562980000",null,null,"ЗАДОВІЛЬНИЙ",null,2025-01-13
5837-51969,null,null,"10.1220.10.023-Будівлі адміністративні","ОКРЕМО СТОЯЧИЙ","АДМІНІСТРАТИВНЕ",Київська міська рада,22883141,"КОМУНАЛЬНЕ ПІДПРИЄМСТВО ""КЕРУЮЧА КОМПАНІЯ З ОБСЛУГОВУВАННЯ ЖИТЛОВОГО ФОНДУ ДЕСНЯНСЬКОГО РАЙОНУ М.КИЄВА""","39605452",null,null,"10.1220.10.023","Будівлі адміністративні",кв. м.,"1578.9",UA80000000000093317,"02222",Україна,м. Київ,null,null,null,"ДЕСНЯНСЬКИЙ","СЕРЖА ЛИФАРЯ (САБУРОВА ОЛЕКСАНДРА)",xxx,null,null,Зареєстровано,"2749562980000",null,null,"ЗАДОВІЛЬНИЙ",null,2025-01-13
5853-14738,null,null,null,"ПРИМІЩЕННЯ В Ж/Б",null,Київська міська рада,22883141,"КОМУНАЛЬНЕ ПІДПРИЄМСТВО ""КЕРУЮЧА КОМПАНІЯ З ОБСЛУГОВУВАННЯ ЖИТЛОВОГО ФОНДУ ШЕВЧЕНКІВСЬКОГО РАЙОНУ М.КИЄВА""","34966254",null,null,null,null,кв. м.,"1713.31",UA80000000000093317,null,Україна,м. Київ,null,null,null,"ШЕВЧЕНКІВСЬКИЙ","ЯРОСЛАВІВ ВАЛ",xxx,null,null,Зареєстровано,"45123567",null,null,"ЗАДОВІЛЬНИЙ",null,2024-11-12
5868-60232,null,"нежитлова будівля (АДМІНБУДИНОК)","10.1220.10.023-Будівлі адміністративні","ОКРЕМО СТОЯЧИЙ",null,Київська міська рада,22883141,"КОМУНАЛЬНЕ ПІДПРИЄМСТВО ""КЕРУЮЧА КОМПАНІЯ З ОБСЛУГОВУВАННЯ ЖИТЛОВОГО ФОНДУ ШЕВЧЕНКІВСЬКОГО РАЙОНУ М.КИЄВА""","34966254",null,null,"10.1220.10.023","Будівлі адміністративні",кв. м.,"273.0",UA80000000000093317,"03113",Україна,м. Київ,null,null,null,"ШЕВЧЕНКІВСЬКИЙ","БЕРЕСТЕЙСЬКИЙ ПРОСПЕКТ (ПРОСПЕКТ ПЕРЕМОГИ)",xxx,null,null,Зареєстровано,"2255785580000",null,null,"ЗАДОВІЛЬНИЙ",null,2024-06-06
5869-60233,null,"нежитлова будівля (ХУДОЖНЯ МАЙСТЕРНЯ)","10.12-Будівлі (приміщення) нежитлові","ОКРЕМО СТОЯЧИЙ",null,Київська міська рада,22883141,"КОМУНАЛЬНЕ ПІДПРИЄМСТВО ""КЕРУЮЧА КОМПАНІЯ З ОБСЛУГОВУВАННЯ ЖИТЛОВОГО ФОНДУ ШЕВЧЕНКІВСЬКОГО РАЙОНУ М.КИЄВА""","34966254",null,null,"10.12","Будівлі (приміщення) нежитлові",кв. м.,"226.5",UA80000000000093317,null,Україна,м. Київ,null,null,null,"ШЕВЧЕНКІВСЬКИЙ","БЕРЕСТЕЙСЬКИЙ ПРОСПЕКТ (ПРОСПЕКТ ПЕРЕМОГИ)",xxx,null,null,Невідомо,null,null,null,"ЗАДОВІЛЬНИЙ",null,2025-04-29
5870-60235,null,"нежитлова будівля (БУДИНОК ПЕРЕКАЧКА)","10.12-Будівлі (приміщення) нежитлові","ОКРЕМО СТОЯЧИЙ",null,Київська міська рада,22883141,"КОМУНАЛЬНЕ ПІДПРИЄМСТВО ""КЕРУЮЧА КОМПАНІЯ З ОБСЛУГОВУВАННЯ ЖИТЛОВОГО ФОНДУ ШЕВЧЕНКІВСЬКОГО РАЙОНУ М.КИЄВА""","34966254",null,null,"10.12","Будівлі (приміщення) нежитлові",кв. м.,"311.7",UA80000000000093317,"03113",Україна,м. Київ,null,null,null,"ШЕВЧЕНКІВСЬКИЙ","БЕРЕСТЕЙСЬКИЙ ПРОСПЕКТ (ПРОСПЕКТ ПЕРЕМОГИ)",xxx,null,null,Невідомо,null,null,null,"ЗАДОВІЛЬНИЙ",null,2024-06-06
5871-60236,null,"нежитлова будівля (СТОЛЯРНА МАЙСТЕРНЯ, ГАРАЖ ЛІТНІЙ)","10.12-Будівлі (приміщення) нежитлові","ОКРЕМО СТОЯЧИЙ",null,Київська міська рада,22883141,"КОМУНАЛЬНЕ ПІДПРИЄМСТВО ""КЕРУЮЧА КОМПАНІЯ З ОБСЛУГОВУВАННЯ ЖИТЛОВОГО ФОНДУ ШЕВЧЕНКІВСЬКОГО РАЙОНУ М.КИЄВА""","34966254",null,null,"10.12","Будівлі (приміщення) нежитлові",кв. м.,"100.4",UA80000000000093317,"03113",Україна,м. Київ,null,null,null,"ШЕВЧЕНКІВСЬКИЙ","БЕРЕСТЕЙСЬКИЙ ПРОСПЕКТ (ПРОСПЕКТ ПЕРЕМОГИ)",xxx,null,null,Зареєстровано,"2902119480000",null,null,"ЗАДОВІЛЬНИЙ",null,2024-06-04
5872-60237,null,"нежитлова будівля (ЦЕНТРАЛЬНИЙ СКЛАД)","10.12-Будівлі (приміщення) нежитлові","ОКРЕМО СТОЯЧИЙ",null,Київська міська рада,22883141,"КОМУНАЛЬНЕ ПІДПРИЄМСТВО ""КЕРУЮЧА КОМПАНІЯ З ОБСЛУГОВУВАННЯ ЖИТЛОВОГО ФОНДУ ШЕВЧЕНКІВСЬКОГО РАЙОНУ М.КИЄВА""","34966254",null,null,"10.12","Будівлі (приміщення) нежитлові",кв. м.,"143.6",UA80000000000093317,"03113",Україна,м. Київ,null,null,null,"ШЕВЧЕНКІВСЬКИЙ","БЕРЕСТЕЙСЬКИЙ ПРОСПЕКТ (ПРОСПЕКТ ПЕРЕМОГИ)",xxx,null,null,Невідомо,null,null,null,"ЗАДОВІЛЬНИЙ",null,2024-06-06
5873-60238,null,"нежитлова будівля (КАФЕ ""ПАРУС"")","10.1211.50.003-Будівлі кафе","ОКРЕМО СТОЯЧИЙ",null,Київська міська рада,22883141,"КОМУНАЛЬНЕ ПІДПРИЄМСТВО ""КЕРУЮЧА КОМПАНІЯ З ОБСЛУГОВУВАННЯ ЖИТЛОВОГО ФОНДУ ШЕВЧЕНКІВСЬКОГО РАЙОНУ М.КИЄВА""","34966254",null,null,"10.1211.50.003","Будівлі кафе",кв. м.,"174.5",UA80000000000093317,"03113",Україна,м. Київ,null,null,null,"ШЕВЧЕНКІВСЬКИЙ","БЕРЕСТЕЙСЬКИЙ ПРОСПЕКТ (ПРОСПЕКТ ПЕРЕМОГИ)",xxx,null,null,Невідомо,null,null,null,"ЗАДОВІЛЬНИЙ",null,2024-06-06
5874-60239,null,"нежитлова будівля (САРАЙ)","10.12-Будівлі (приміщення) нежитлові","ОКРЕМО СТОЯЧИЙ",null,Київська міська рада,22883141,"КОМУНАЛЬНЕ ПІДПРИЄМСТВО ""КЕРУЮЧА КОМПАНІЯ З ОБСЛУГОВУВАННЯ ЖИТЛОВОГО ФОНДУ ШЕВЧЕНКІВСЬКОГО РАЙОНУ М.КИЄВА""","34966254",null,null,"10.12","Будівлі (приміщення) нежитлові",кв. м.,"190.0",UA80000000000093317,null,Україна,м. Київ,null,null,null,"ШЕВЧЕНКІВСЬКИЙ","БЕРЕСТЕЙСЬКИЙ ПРОСПЕКТ (ПРОСПЕКТ ПЕРЕМОГИ)",xxx,null,null,Невідомо,null,null,null,"ЗАДОВІЛЬНИЙ",null,2025-05-02
5875-60240,null,"нежитлова будівля (СКЛАД)","10.12-Будівлі (приміщення) нежитлові","ОКРЕМО СТОЯЧИЙ",null,Київська міська рада,22883141,"КОМУНАЛЬНЕ ПІДПРИЄМСТВО ""КЕРУЮЧА КОМПАНІЯ З ОБСЛУГОВУВАННЯ ЖИТЛОВОГО ФОНДУ ШЕВЧЕНКІВСЬКОГО РАЙОНУ М.КИЄВА""","34966254",null,null,"10.12","Будівлі (приміщення) нежитлові",кв. м.,"63.3",UA80000000000093317,"03113",Україна,м. Київ,null,null,null,"ШЕВЧЕНКІВСЬКИЙ","БЕРЕСТЕЙСЬКИЙ ПРОСПЕКТ (ПРОСПЕКТ ПЕРЕМОГИ)",xxx,null,null,Невідомо,null,null,null,"ЗАДОВІЛЬНИЙ",null,2024-06-06
5886-7380,null,"ШКОЛА N 71","10.1263.30.001-Будівлі шкіл загальноосвітніх","ОКРЕМО СТОЯЧИЙ","ШКОЛА",Київська міська рада,22883141,"УПРАВЛІННЯ ОСВІТИ СОЛОМ'ЯНСЬКОЇ РАЙОННОЇ В МІСТІ КИЄВІ ДЕРЖАВНОЇ АДМІНІСТРАЦІЇ","37485490",null,null,"10.1263.30.001","Будівлі шкіл загальноосвітніх",кв. м.,"6907.1",UA80000000000093317,null,Україна,м. Київ,null,null,null,"СОЛОМ'ЯНСЬКИЙ","ПОЛЬОВИЙ ПРОВ.",xxx,null,null,Зареєстровано,"12365336080000",null,null,"ПОТРЕБУЄ РЕМОНТУ",null,2025-04-01
5888-7385,null,"ШКОЛА N 173","10.1263.30.001-Будівлі шкіл загальноосвітніх","ОКРЕМО СТОЯЧИЙ","ЛІЦЕЙ",Київська міська рада,22883141,"УПРАВЛІННЯ ОСВІТИ СОЛОМ'ЯНСЬКОЇ РАЙОННОЇ В МІСТІ КИЄВІ ДЕРЖАВНОЇ АДМІНІСТРАЦІЇ","37485490",null,null,"10.1263.30.001","Будівлі шкіл загальноосвітніх",кв. м.,"8738.1",UA80000000000093317,null,Україна,м. Київ,null,null,null,"СОЛОМ'ЯНСЬКИЙ","ВІДРАДНИЙ ПРОСП.",xxx,null,null,Зареєстровано,"1537928180000",null,null,"ПОТРЕБУЄ РЕМОНТУ",null,2025-04-01
5902-60291,null,"вільне","10.12-Будівлі (приміщення) нежитлові","ПРИМІЩЕННЯ В Ж/Б","ІНШЕ",Київська міська рада,22883141,"КОМУНАЛЬНЕ ПІДПРИЄМСТВО ""КЕРУЮЧА КОМПАНІЯ З ОБСЛУГОВУВАННЯ ЖИТЛОВОГО ФОНДУ ПЕЧЕРСЬКОГО РАЙОНУ М.КИЄВА""","35692211",null,null,"10.12","Будівлі (приміщення) нежитлові",кв. м.,"4072.0",UA80000000000093317,null,Україна,м. Київ,null,null,null,"ПЕЧЕРСЬКИЙ","ІНСТИТУТСЬКА",xxx,null,null,Зареєстровано,"2221184380000",null,null,"ЗАДОВІЛЬНИЙ",null,2025-02-24
5913-60294,null,"вільне","10.12-Будівлі (приміщення) нежитлові","ПРИМІЩЕННЯ В Ж/Б","ІНШЕ",Київська міська рада,22883141,"КОМУНАЛЬНЕ ПІДПРИЄМСТВО ""КЕРУЮЧА КОМПАНІЯ З ОБСЛУГОВУВАННЯ ЖИТЛОВОГО ФОНДУ ПЕЧЕРСЬКОГО РАЙОНУ М.КИЄВА""","35692211",null,null,"10.12","Будівлі (приміщення) нежитлові",кв. м.,"2116.1",UA80000000000093317,null,Україна,м. Київ,null,null,null,"ПЕЧЕРСЬКИЙ","АРСЕНАЛЬНА",xxx,null,null,Невідомо,null,null,null,"ЗАДОВІЛЬНИЙ",null,2025-02-25
5933-27454,null,"НЕЖИТЛОВИЙ ФОНД (ОРЕНДА, ВЛАСНІ ПОТРЕБИ, ВІЛЬНІ)","10.12-Будівлі (приміщення) нежитлові","ПРИМІЩЕННЯ В Ж/Б","АДМІНІСТРАТИВНЕ",Київська міська рада,22883141,"КОМУНАЛЬНЕ ПІДПРИЄМСТВО КЕРУЮЧА КОМПАНІЯ З ОБСЛУГОВУВАННЯ ЖИТЛОВОГО ФОНДУ СОЛОМ'ЯНСЬКОГО РАЙОНУ М. КИЄВА","35756919",null,null,"10.12","Будівлі (приміщення) нежитлові",кв. м.,"3106.8",UA80000000000093317,null,Україна,м. Київ,null,null,null,"СОЛОМ'ЯНСЬКИЙ"," ПОВІТРЯНИХ СИЛ ПРОСПЕКТ (ПОВІТРОФЛОТСЬКИЙ ПРОСПЕКТ)",xxx,null,null,Зареєстровано,"2525249680000",null,null,"ЗАДОВІЛЬНИЙ",null,2025-01-08
5937-52535,null,"ОФІС, МАГАЗИН, стоматологія","10.12-Будівлі (приміщення) нежитлові","ОКРЕМО СТОЯЧИЙ","АДМІНІСТРАТИВНЕ",Київська міська рада,22883141,"КОМУНАЛЬНЕ ПІДПРИЄМСТВО ""КЕРУЮЧА КОМПАНІЯ З ОБСЛУГОВУВАННЯ ЖИТЛОВОГО ФОНДУ ОБОЛОНСЬКОГО РАЙОНУ М.КИЄВА""","39611267",null,null,"10.12","Будівлі (приміщення) нежитлові",кв. м.,"1531.5",UA80000000000093317,"04201",Україна,м. Київ,null,null,null,"ОБОЛОНСЬКИЙ"," ЛИТОВСЬКИЙ ПРОСП. (ПРОСП. МІНСЬКИЙ (МІНСЬКЕ ШОСЕ))",xxx,null,null,Невідомо,null,null,null,"ЗАДОВІЛЬНИЙ",null,2025-03-06
5938-52322,null,"ПЕРУКАРНЯ","10.12-Будівлі (приміщення) нежитлові","ПРИБУДОВАНЕ ПРИМІЩ. ДО Ж/Б","ОФІС",Київська міська рада,22883141,"КОМУНАЛЬНЕ ПІДПРИЄМСТВО ""КЕРУЮЧА КОМПАНІЯ З ОБСЛУГОВУВАННЯ ЖИТЛОВОГО ФОНДУ ОБОЛОНСЬКОГО РАЙОНУ М.КИЄВА""","39611267",null,null,"10.12","Будівлі (приміщення) нежитлові",кв. м.,"494.5",UA80000000000093317,"04209",Україна,м. Київ,null,null,null,"ОБОЛОНСЬКИЙ","ГЕРОЇВ ДНІПРА",xxx,null,null,Невідомо,null,null,null,"ЗАДОВІЛЬНИЙ",null,2025-03-06
5940-52436,null,"БЮДЖЕТНА УСТАНОВА","10.12-Будівлі (приміщення) нежитлові","ПРИМІЩЕННЯ В Н/Б","АДМІНІСТРАТИВНЕ",Київська міська рада,22883141,"КОМУНАЛЬНЕ ПІДПРИЄМСТВО ""КЕРУЮЧА КОМПАНІЯ З ОБСЛУГОВУВАННЯ ЖИТЛОВОГО ФОНДУ ОБОЛОНСЬКОГО РАЙОНУ М.КИЄВА""","39611267",null,null,"10.12","Будівлі (приміщення) нежитлові",кв. м.,"2163.71",UA80000000000093317,"04212",Україна,м. Київ,null,null,null,"ОБОЛОНСЬКИЙ","ЛЕВКА ЛУК'ЯНЕНКА (МАРШАЛА ТИМОШЕНКА)",xxx,null,null,Невідомо,null,null,null,"ЗАДОВІЛЬНИЙ",null,2025-04-14
5941-52532,null,"Розміщення службових кабінетів дільничих офіцерів поліції, відділення соціальної допомоги, медична практика","10.12-Будівлі (приміщення) нежитлові","ОКРЕМО СТОЯЧИЙ","АДМІНІСТРАТИВНЕ",Київська міська рада,22883141,"КОМУНАЛЬНЕ ПІДПРИЄМСТВО ""КЕРУЮЧА КОМПАНІЯ З ОБСЛУГОВУВАННЯ ЖИТЛОВОГО ФОНДУ ОБОЛОНСЬКОГО РАЙОНУ М.КИЄВА""","39611267",null,null,"10.12","Будівлі (приміщення) нежитлові",кв. м.,"976.2",UA80000000000093317,"04114",Україна,м. Київ,null,null,null,"ОБОЛОНСЬКИЙ","АВТОЗАВОДСЬКА",xxx,null,null,Невідомо,null,null,null,"ЗАДОВІЛЬНИЙ",null,2025-03-06
5992-16482,null,"Ощадбанк. Вільне",null,"ПРИМІЩЕННЯ В Ж/Б","ОФІС",Київська міська рада,22883141,"КОМУНАЛЬНЕ ПІДПРИЄМСТВО ""КЕРУЮЧА КОМПАНІЯ З ОБСЛУГОВУВАННЯ ЖИТЛОВОГО ФОНДУ ШЕВЧЕНКІВСЬКОГО РАЙОНУ М.КИЄВА""","34966254",null,null,null,null,кв. м.,"2528.0",UA80000000000093317,"01032",Україна,м. Київ,null,null,null,"ШЕВЧЕНКІВСЬКИЙ","САКСАГАНСЬКОГО",xxx,null,null,Зареєстровано,"0031334258000",null,null,"ЗАДОВІЛЬНИЙ",null,2025-01-31
6038-51000,null,"КОМПЛ.ПІДПР.ПОБУТ. ОБСЛУГОВ.","10.1220.10.023-Будівлі адміністративні","ОКРЕМО СТОЯЧИЙ","КОМПЛ.ПІДПР.ПОБУТ. ОБСЛУГОВ.",Київська міська рада,22883141,"КОМУНАЛЬНЕ ПІДПРИЄМСТВО ""КЕРУЮЧА КОМПАНІЯ З ОБСЛУГОВУВАННЯ ЖИТЛОВОГО ФОНДУ ДЕСНЯНСЬКОГО РАЙОНУ М.КИЄВА""","39605452",null,null,"10.1220.10.023","Будівлі адміністративні",кв. м.,"1055.0",UA80000000000093317,null,Україна,м. Київ,null,null,null,"ДЕСНЯНСЬКИЙ","ЗАКРЕВСЬКОГО МИКОЛИ",xxx,null,null,Зареєстровано,"1376823380000",null,null,"ЗАДОВІЛЬНИЙ",null,2025-01-17
6039-52049,null,"ГОСПОДАРСЬКЕ ПРИМІЩЕННЯ","10.1220.10.023-Будівлі адміністративні","ОКРЕМО СТОЯЧИЙ","ГОСПОДАРСЬКЕ ПРИМІЩЕННЯ",Київська міська рада,22883141,"КОМУНАЛЬНЕ ПІДПРИЄМСТВО ""КЕРУЮЧА КОМПАНІЯ З ОБСЛУГОВУВАННЯ ЖИТЛОВОГО ФОНДУ ДЕСНЯНСЬКОГО РАЙОНУ М.КИЄВА""","39605452",null,null,"10.1220.10.023","Будівлі адміністративні",кв. м.,"1120.1",UA80000000000093317,"02217",Україна,м. Київ,null,null,null,"ДЕСНЯНСЬКИЙ","ЗАКРЕВСЬКОГО МИКОЛИ",xxx,null,null,Зареєстровано,"1885978280000",null,null,"ЗАДОВІЛЬНИЙ",null,2025-03-24
6050-7560,null,"СШ  N 265","10.1263.30.001-Будівлі шкіл загальноосвітніх","ОКРЕМО СТОЯЧИЙ","ШКОЛА",Київська міська рада,22883141,"УПРАВЛІННЯ ОСВІТИ ДНІПРОВСЬКОЇ РАЙОННОЇ В МІСТІ КИЄВІ ДЕРЖАВНОЇ АДМІНІСТРАЦІЇ","37397216",null,null,"10.1263.30.001","Будівлі шкіл загальноосвітніх",кв. м.,"9825.2",UA80000000000093317,null,Україна,м. Київ,null,null,null,"ДНІПРОВСЬКИЙ","РАЙДУЖНА",xxx,null,null,Зареєстровано,"1813118380000",null,null,"ЗАДОВІЛЬНИЙ",null,2025-04-11
6053-44544,null,"НАВЧАЛЬНО-ВИХОВНИЙ КОМПЛЕКС ДОПРОФЕСІЙНОЇ ПІДГОТОВКИ ТА ТЕХНІЧНОЇ ТВОРЧОСТІ МОЛОДІ","10.12-Будівлі (приміщення) нежитлові","ОКРЕМО СТОЯЧИЙ","БУДИНОК ШКОЛЯРІВ",Київська міська рада,22883141,"НАВЧАЛЬНО-ВИХОВНИЙ КОМПЛЕКС ДОПРОФЕСІЙНОЇ ПІДГОТОВКИ ТА ТЕХНІЧНОЇ ТВОРЧОСТІ МОЛОДІ М.КИЄВА","22880289",null,null,"10.12","Будівлі (приміщення) нежитлові",кв. м.,"3463.7",UA80000000000093317,"03049",Україна,м. Київ,null,null,null,"СОЛОМ'ЯНСЬКИЙ","ПАТРІАРХА МСТИСЛАВА СКРИПНИКА (ОСТРОВСЬКОГО МИКОЛИ)",xxx,null,null,Зареєстровано,"1514146480000",null,null,"ЗАДОВІЛЬНИЙ",null,2025-04-09
6071-49087,null,"ПРИЙМАЛЬНИЙ ПУНКТ ХІМЧИСТКИ","10.6000.01.001-Приміщення основні","ПРИМІЩЕННЯ В Ж/Б","ПОБУТОВЕ ПРИМІЩЕННЯ",Київська міська рада,22883141,"КОМУНАЛЬНЕ ПІДПРИЄМСТВО ""КЕРУЮЧА КОМПАНІЯ З ОБСЛУГОВУВАННЯ ЖИТЛОВОГО ФОНДУ ГОЛОСІЇВСЬКОГО РАЙОНУ М.КИЄВА""","32375554",null,null,"10.6000.01.001","Приміщення основні",кв. м.,"2429.7",UA80000000000093317,"01033",Україна,м. Київ,null,null,null,"ГОЛОСІЇВСЬКИЙ","САКСАГАНСЬКОГО",xxx,null,null,Зареєстровано,"1952939280000",null,null,"ЗАДОВІЛЬНИЙ",null,2025-04-14
6089-16910,null,"вільне",null,"ПРИМІЩЕННЯ В Ж/Б","ОФІС",Київська міська рада,22883141,"КОМУНАЛЬНЕ ПІДПРИЄМСТВО ""КЕРУЮЧА КОМПАНІЯ З ОБСЛУГОВУВАННЯ ЖИТЛОВОГО ФОНДУ ШЕВЧЕНКІВСЬКОГО РАЙОНУ М.КИЄВА""","34966254",null,null,null,null,кв. м.,"3137.16",UA80000000000093317,null,Україна,м. Київ,null,null,null,"ШЕВЧЕНКІВСЬКИЙ","ОЛЬЖИЧА",xxx,null,null,Зареєстровано,"1086940880000",null,null,"ЗАДОВІЛЬНИЙ",null,2024-10-29
6097-16967,null,"склад, вільне",null,"ПРИМІЩЕННЯ В Ж/Б","ІНШЕ",Київська міська рада,22883141,"КОМУНАЛЬНЕ ПІДПРИЄМСТВО ""КЕРУЮЧА КОМПАНІЯ З ОБСЛУГОВУВАННЯ ЖИТЛОВОГО ФОНДУ ШЕВЧЕНКІВСЬКОГО РАЙОНУ М.КИЄВА""","34966254",null,null,null,null,кв. м.,"1077.2",UA80000000000093317,null,Україна,м. Київ,null,null,null,"ШЕВЧЕНКІВСЬКИЙ","ВЕЛИКА ЖИТОМИРСЬКА",xxx,null,null,Зареєстровано,"21990111800",null,null,"ЗАДОВІЛЬНИЙ",null,2025-03-18
6098-60928,null,null,"10.12-Будівлі (приміщення) нежитлові","ОКРЕМО СТОЯЧИЙ","ПАВІЛЬЙОН",Київська міська рада,22883141,"КОМУНАЛЬНЕ ПІДПРИЄМСТВО ВИКОНАВЧОГО ОРГАНУ КИЇВСЬКОЇ МІСЬКОЇ РАДИ (КИЇВСЬКОЇ МІСЬКОЇ ДЕРЖАВНОЇ АДМІНІСТРАЦІЇ) ПО ОХОРОНІ, УТРИМАННЮ ТА ЕКСПЛУАТАЦІЇ ЗЕМЕЛЬ ВОДНОГО ФОНДУ М. КИЄВА ""ПЛЕСО""","23505151",null,null,"10.12","Будівлі (приміщення) нежитлові",кв. м.,"51.0",UA80000000000093317,null,Україна,м. Київ,null,null,null,"ДНІПРОВСЬКИЙ","ТРУХАНІВСЬКА",xxx,null,null,Зареєстровано,"2803154280000",null,null,"ЗАДОВІЛЬНИЙ",null,2025-03-13
6102-16953,null,"вільне",null,"ПРИМІЩЕННЯ В Ж/Б","ІНШЕ",Київська міська рада,22883141,"КОМУНАЛЬНЕ ПІДПРИЄМСТВО ""КЕРУЮЧА КОМПАНІЯ З ОБСЛУГОВУВАННЯ ЖИТЛОВОГО ФОНДУ ШЕВЧЕНКІВСЬКОГО РАЙОНУ М.КИЄВА""","34966254",null,null,null,null,кв. м.,"315.4",UA80000000000093317,null,Україна,м. Київ,null,null,null,"ШЕВЧЕНКІВСЬКИЙ","ЗАГОРІВСЬКА (БАГГОВУТІВСЬКА)",xxx,null,null,Зареєстровано,"876858180000",null,null,"ЗАДОВІЛЬНИЙ",null,2024-11-13
6108-59967,null,null,"10.6000.01-Приміщення в житлових будинках та спорудах","ОКРЕМО СТОЯЧИЙ","АДМІНІСТРАТИВНЕ",Київська міська рада,22883141,"КОМУНАЛЬНЕ ПІДПРИЄМСТВО ""КИЇВЖИТЛОСПЕЦЕКСПЛУАТАЦІЯ""","03366500",null,null,"10.6000.01","Приміщення в житлових будинках та спорудах",кв. м.,"8703.5",UA80000000000093317,null,Україна,м. Київ,null,null,null,"ШЕВЧЕНКІВСЬКИЙ","ПРОРІЗНА",xxx,null,null,Невідомо,null,null,null,"ЗАДОВІЛЬНИЙ",null,2025-04-03
6120-58934,null,"АДМІНІСТРАТИВНЕ","10.1300.00.001-Будівлі нежитлові окремо розташовані","ОКРЕМО СТОЯЧИЙ","АДМІНІСТРАТИВНЕ",Київська міська рада,22883141,"КОМУНАЛЬНЕ ПІДПРИЄМСТВО ""КЕРУЮЧА КОМПАНІЯ З ОБСЛУГОВУВАННЯ ЖИТЛОВОГО ФОНДУ ГОЛОСІЇВСЬКОГО РАЙОНУ М.КИЄВА""","32375554",null,null,"10.1300.00.001","Будівлі нежитлові окремо розташовані",кв. м.,"852.0",UA80000000000093317,"03191",Україна,м. Київ,null,null,null,"ГОЛОСІЇВСЬКИЙ","КАСІЯНА ВАСИЛЯ",xxx,null,null,Зареєстровано,"1157599680000",null,null,"ЗАДОВІЛЬНИЙ",null,2025-04-14
6142-49149,null,"АДМІНІСТРАТИВНЕ","10.6000.01.001-Приміщення основні","ПРИМІЩЕННЯ В Ж/Б","АДМІНІСТРАТИВНЕ",Київська міська рада,22883141,"КОМУНАЛЬНЕ ПІДПРИЄМСТВО ""КЕРУЮЧА КОМПАНІЯ З ОБСЛУГОВУВАННЯ ЖИТЛОВОГО ФОНДУ ГОЛОСІЇВСЬКОГО РАЙОНУ М.КИЄВА""","32375554",null,null,"10.6000.01.001","Приміщення основні",кв. м.,"14392.91",UA80000000000093317,"03187",Україна,м. Київ,null,null,null,"ГОЛОСІЇВСЬКИЙ","ГЛУШКОВА АКАДЕМІКА",xxx,null,null,Зареєстровано,"2552299780000",null,null,"ЗАДОВІЛЬНИЙ",null,2025-04-15
6144-48183,null,"оренда - магазин, ГО, ГУ НП,КП ШЕУ, вільне (161,1 кв.м - НАЙПРОСТІШЕ УКРИТТЯ)","10.12-Будівлі (приміщення) нежитлові","ПРИМІЩЕННЯ В Ж/Б","ІНШЕ",Київська міська рада,22883141,"КОМУНАЛЬНЕ ПІДПРИЄМСТВО ""КЕРУЮЧА КОМПАНІЯ З ОБСЛУГОВУВАННЯ ЖИТЛОВОГО ФОНДУ ПЕЧЕРСЬКОГО РАЙОНУ М.КИЄВА""","35692211",null,null,"10.12","Будівлі (приміщення) нежитлові",кв. м.,"3418.49",UA80000000000093317,"01024",Україна,м. Київ,null,null,null,"ПЕЧЕРСЬКИЙ","ЛЮТЕРАНСЬКА",xxx,null,null,Зареєстровано,"1581472180000",null,null,"ЗАДОВІЛЬНИЙ",null,2025-03-11
6145-51174,null,"оренда-БО (300 кв.м), БО (115,9 кв.м), побутові послуги, господ. потреби, вільні, власні потреби,16,8 кв.м, 122,4 кв.м та 83,9 кв.м - самозахоплення переселенцями","10.12-Будівлі (приміщення) нежитлові","ПРИМІЩЕННЯ В Ж/Б","ІНШЕ",Київська міська рада,22883141,"КОМУНАЛЬНЕ ПІДПРИЄМСТВО ""КЕРУЮЧА КОМПАНІЯ З ОБСЛУГОВУВАННЯ ЖИТЛОВОГО ФОНДУ ПЕЧЕРСЬКОГО РАЙОНУ М.КИЄВА""","35692211",null,null,"10.12","Будівлі (приміщення) нежитлові",кв. м.,"3656.99",UA80000000000093317,null,Україна,м. Київ,null,null,null,"ПЕЧЕРСЬКИЙ","ПРЕДСЛАВИНСЬКА",xxx,null,null,Зареєстровано,"1067796180000",null,null,"ЗАДОВІЛЬНИЙ",null,2025-02-28
6172-12492,null,"АДМІНІСТРАТИВНЕ","10.1220.10.023-Будівлі адміністративні","ПРИМІЩЕННЯ В Н/Б","АДМІНІСТРАТИВНЕ",Київська міська рада,22883141,"КОМУНАЛЬНЕ ПІДПРИЄМСТВО ""КИЇВЖИТЛОСПЕЦЕКСПЛУАТАЦІЯ""","03366500",null,null,"10.1220.10.023","Будівлі адміністративні",кв. м.,"171.5",UA80000000000093317,"03187",Україна,м. Київ,null,null,null,"ГОЛОСІЇВСЬКИЙ","АКАДЕМІКА ЗАБОЛОТНОГО",xxx,null,null,Невідомо,null,null,null,"ЗАДОВІЛЬНИЙ",null,2025-04-03
6175-59496,null,null,"10.1274.50.003-Туалети (вбиральні) громадські","ОКРЕМО СТОЯЧИЙ","ТУАЛЕТ",Київська міська рада,22883141,"КОМУНАЛЬНЕ ПІДПРИЄМСТВО ""КИЇВЖИТЛОСПЕЦЕКСПЛУАТАЦІЯ""","03366500",null,null,"10.1274.50.003","Туалети (вбиральні) громадські",кв. м.,"69.3",UA80000000000093317,null,Україна,м. Київ,null,null,null,"СВЯТОШИНСЬКИЙ","ТУЛУЗИ",xxx,null,null,Невідомо,null,null,null,"ЗАДОВІЛЬНИЙ",null,2025-04-03
6178-35519,null,"АДМІНІСТРАТИВНЕ","10.1220.10.023-Будівлі адміністративні","СПОРУДА","АДМІНІСТРАТИВНЕ",Київська міська рада,22883141,"КОМУНАЛЬНЕ ПІДПРИЄМСТВО ""КИЇВЖИТЛОСПЕЦЕКСПЛУАТАЦІЯ""","03366500",null,null,"10.1220.10.023","Будівлі адміністративні",кв. м.,"23.0",UA80000000000093317,"04071",Україна,м. Київ,null,null,null,"ПОДІЛЬСЬКИЙ","ЮРКІВСЬКА",xxx,null,null,Невідомо,null,null,null,"ЗАДОВІЛЬНИЙ",null,2025-04-03
6190-20129,null,"НЕЖИТЛОВИЙ ФОНД (ОРЕНДА, ВЛАСНІ ПОТРЕБИ, ВІЛЬНІ)","10.12-Будівлі (приміщення) нежитлові","ПРИМІЩЕННЯ В Ж/Б","АДМІНІСТРАТИВНЕ",Київська міська рада,22883141,"КОМУНАЛЬНЕ ПІДПРИЄМСТВО КЕРУЮЧА КОМПАНІЯ З ОБСЛУГОВУВАННЯ ЖИТЛОВОГО ФОНДУ СОЛОМ'ЯНСЬКОГО РАЙОНУ М. КИЄВА","35756919",null,null,"10.12","Будівлі (приміщення) нежитлові",кв. м.,"2076.0",UA80000000000093317,null,Україна,м. Київ,null,null,null,"СОЛОМ'ЯНСЬКИЙ","УМАНСЬКА",xxx,null,null,Зареєстровано,"2520493880000",null,null,"ЗАДОВІЛЬНИЙ",null,2025-01-07
6201-8233,null,"ОВОЧЕСХОВИЩЕ","10.1271.90.100-Будівлі овочесховищ без штучного охолодження","ОКРЕМО СТОЯЧИЙ","СКЛАДСЬКЕ ПРИМІЩЕННЯ",Київська міська рада,22883141,"КОМУНАЛЬНЕ НЕКОМЕРЦІЙНЕ ПІДПРИЄМСТВО ""КИІВСЬКА МІСЬКА КЛІНІЧНА ЛІКАРНЯ №5""","00185028",null,null,"10.1271.90.100","Будівлі овочесховищ без штучного охолодження",кв. м.,"153.1",UA80000000000093317,null,Україна,м. Київ,null,null,null,"СВЯТОШИНСЬКИЙ","КРАМСЬКОГО ІВАНА",xxx,null,null,Зареєстровано,"1613340980000",null,null,"ЗАДОВІЛЬНИЙ",null,2025-02-07
6204-49044,null,"АДМІНІСТРАТИВНЕ","10.6000.01.001-Приміщення основні","ПРИМІЩЕННЯ В Ж/Б","АДМІНІСТРАТИВНЕ",Київська міська рада,22883141,"КОМУНАЛЬНЕ ПІДПРИЄМСТВО ""КЕРУЮЧА КОМПАНІЯ З ОБСЛУГОВУВАННЯ ЖИТЛОВОГО ФОНДУ ГОЛОСІЇВСЬКОГО РАЙОНУ М.КИЄВА""","32375554",null,null,"10.6000.01.001","Приміщення основні",кв. м.,"3639.8",UA80000000000093317,"03194",Україна,м. Київ,null,null,null,"ГОЛОСІЇВСЬКИЙ","КОСТАНАЙСЬКА (КУСТАНАЙСЬКА)",xxx,null,null,Зареєстровано,"2243893880000",null,null,"ЗАДОВІЛЬНИЙ",null,2025-04-14
6205-49284,null,"АДМІНІСТРАТИВНЕ","10.12-Будівлі (приміщення) нежитлові","ПРИМІЩЕННЯ В Ж/Б","АДМІНІСТРАТИВНЕ",Київська міська рада,22883141,"КОМУНАЛЬНЕ ПІДПРИЄМСТВО ""КЕРУЮЧА КОМПАНІЯ З ОБСЛУГОВУВАННЯ ЖИТЛОВОГО ФОНДУ ПОДІЛЬСЬКОГО РАЙОНУ М.КИЄВА""","39609111",null,null,"10.12","Будівлі (приміщення) нежитлові",кв. м.,"55.8",UA80000000000093317,null,Україна,м. Київ,null,null,null,"ПОДІЛЬСЬКИЙ","ХОРИВА",xxx,null,null,Зареєстровано,"2163882480000",null,null,"НЕЗАДОВІЛЬНИЙ",null,2025-06-05
6219-48876,null,"БУДЬ-ЯКЕ ВИКОРИСТАННЯ","10.6000.02.001-Багатофункціональні нежитлові приміщення","ПРИМІЩЕННЯ В Ж/Б","АДМІНІСТРАТИВНЕ",Київська міська рада,22883141,"КОМУНАЛЬНЕ ПІДПРИЄМСТВО ""КЕРУЮЧА КОМПАНІЯ З ОБСЛУГОВУВАННЯ ЖИТЛОВОГО ФОНДУ СВЯТОШИНСЬКОГО РАЙОНУ М. КИЄВА""","39607507",null,null,"10.6000.02.001","Багатофункціональні нежитлові приміщення",кв. м.,"6653.7",UA80000000000093317,"03115",Україна,м. Київ,null,null,null,"СВЯТОШИНСЬКИЙ","ВЕРХОВИННА",xxx,null,null,Зареєстровано,"1333896780000",null,null,"ЗАДОВІЛЬНИЙ",null,2025-04-01
6225-49338,null,"АДМІНІСТРАТИВНЕ","10.12-Будівлі (приміщення) нежитлові","ПРИМІЩЕННЯ В Ж/Б","АДМІНІСТРАТИВНЕ",Київська міська рада,22883141,"КОМУНАЛЬНЕ ПІДПРИЄМСТВО ""КЕРУЮЧА КОМПАНІЯ З ОБСЛУГОВУВАННЯ ЖИТЛОВОГО ФОНДУ ПОДІЛЬСЬКОГО РАЙОНУ М.КИЄВА""","39609111",null,null,"10.12","Будівлі (приміщення) нежитлові",кв. м.,"154.1",UA80000000000093317,null,Україна,м. Київ,null,null,null,"ПОДІЛЬСЬКИЙ","МЕЖИГІРСЬКА",xxx,null,null,Зареєстровано,"1917989080000",null,null,"ЗАДОВІЛЬНИЙ",null,2025-01-12
6230-48927,null,"АДМІНІСТРАТИВНО-ВИРОБНИЧЕ","10.122-Будівлі офісні","ПРИМІЩЕННЯ В Ж/Б","АДМІНІСТРАТИВНО-ВИРОБНИЧЕ",Київська міська рада,22883141,"КОМУНАЛЬНЕ ПІДПРИЄМСТВО ""КЕРУЮЧА КОМПАНІЯ З ОБСЛУГОВУВАННЯ ЖИТЛОВОГО ФОНДУ СВЯТОШИНСЬКОГО РАЙОНУ М. КИЄВА""","39607507",null,null,"10.122","Будівлі офісні",кв. м.,"7805.1",UA80000000000093317,"03062",Україна,м. Київ,null,null,null,"СВЯТОШИНСЬКИЙ","БЕРЕСТЕЙСЬКИЙ ПРОСПЕКТ (ПРОСПЕКТ ПЕРЕМОГИ)",xxx,null,null,Зареєстровано,"1686078780000",null,null,"ЗАДОВІЛЬНИЙ",null,2025-04-01
6232-32616,null,"Господарський корпус","10.1264.9-Будівлі закладів лікувально-профілактичних та оздоровчих інші","ОКРЕМО СТОЯЧИЙ","ЛІКАРНЯ",Київська міська рада,22883141,"КОМУНАЛЬНЕ НЕКОМЕРЦІЙНЕ ПІДПРИЄМСТВО КИЇВСЬКИЙ МІСЬКИЙ КЛІНІЧНИЙ ОНКОЛОГІЧНИЙ ЦЕНТР ВИКОНАВЧОГО ОРГАНУ КИЇВСЬКОЇ МІСЬКОЇ РАДИ (КИЇВСЬКОЇ МІСЬКОЇ ДЕРЖАВНОЇ АДМІНІСТРАЦІЇ)","13697965",null,null,"10.1264.9","Будівлі закладів лікувально-профілактичних та оздоровчих інші",кв. м.,"3179.7",UA80000000000093317,"03115",Україна,м. Київ,null,null,null,"СВЯТОШИНСЬКИЙ","ВЕРХОВИННА",xxx,null,null,Зареєстровано,"1676723580000",null,null,"ЗАДОВІЛЬНИЙ",null,2025-01-10
6236-48230,null,"оренда-творчі майстерні, громадська організація,склад, Греськів О. В. - будь-яке цільове використ., вільне","10.12-Будівлі (приміщення) нежитлові","ПРИМІЩЕННЯ В Ж/Б","МАЙСТЕРНЯ",Київська міська рада,22883141,"КОМУНАЛЬНЕ ПІДПРИЄМСТВО ""КЕРУЮЧА КОМПАНІЯ З ОБСЛУГОВУВАННЯ ЖИТЛОВОГО ФОНДУ ПЕЧЕРСЬКОГО РАЙОНУ М.КИЄВА""","35692211",null,null,"10.12","Будівлі (приміщення) нежитлові",кв. м.,"4649.7",UA80000000000093317,null,Україна,м. Київ,null,null,null,"ПЕЧЕРСЬКИЙ","МАЗЕПИ ІВАНА (СІЧНЕВОГО ПОВСТАННЯ)",xxx,null,null,Зареєстровано,"2547307980000",null,null,"ЗАДОВІЛЬНИЙ",null,2025-03-26
6237-51011,null,"АДМІНІСТРАТИВНЕ","10.1220.10.023-Будівлі адміністративні","ОКРЕМО СТОЯЧИЙ","АДМІНІСТРАТИВНЕ",Київська міська рада,22883141,"КОМУНАЛЬНЕ ПІДПРИЄМСТВО ""КЕРУЮЧА КОМПАНІЯ З ОБСЛУГОВУВАННЯ ЖИТЛОВОГО ФОНДУ ДЕСНЯНСЬКОГО РАЙОНУ М.КИЄВА""","39605452",null,null,"10.1220.10.023","Будівлі адміністративні",кв. м.,"7797.5",UA80000000000093317,"02225",Україна,м. Київ,null,null,null,"ДЕСНЯНСЬКИЙ","ЧЕРВОНОЇ КАЛИНИ (ВОЛОДИМИРА МАЯКОВСЬКОГО)",xxx,null,null,Невідомо,null,null,null,"ЗАДОВІЛЬНИЙ",null,2025-04-01
6238-51804,null,"ІНШЕ","10.1220.10.023-Будівлі адміністративні","ОКРЕМО СТОЯЧИЙ","ІНШЕ",Київська міська рада,22883141,"КОМУНАЛЬНЕ ПІДПРИЄМСТВО ""КЕРУЮЧА КОМПАНІЯ З ОБСЛУГОВУВАННЯ ЖИТЛОВОГО ФОНДУ ДЕСНЯНСЬКОГО РАЙОНУ М.КИЄВА""","39605452",null,null,"10.1220.10.023","Будівлі адміністративні",кв. м.,"629.3",UA80000000000093317,null,Україна,м. Київ,null,null,null,"ДЕСНЯНСЬКИЙ"," ЛІСОВИЙ ПРОСПЕКТ",xxx,null,null,Зареєстровано,"2903184980000",null,null,"ЗАДОВІЛЬНИЙ",null,2025-04-10
6239-51728,null,"ОФІС","10.6000.01-Приміщення в житлових будинках та спорудах","ПРИМІЩЕННЯ В Ж/Б","ОФІС",Київська міська рада,22883141,"КОМУНАЛЬНЕ ПІДПРИЄМСТВО ""КЕРУЮЧА КОМПАНІЯ З ОБСЛУГОВУВАННЯ ЖИТЛОВОГО ФОНДУ ДЕСНЯНСЬКОГО РАЙОНУ М.КИЄВА""","39605452",null,null,"10.6000.01","Приміщення в житлових будинках та спорудах",кв. м.,"7593.2",UA80000000000093317,null,Україна,м. Київ,null,null,null,"ДЕСНЯНСЬКИЙ","БРАТИСЛАВСЬКА",xxx,null,null,Зареєстровано,"1885923980000",null,null,"ЗАДОВІЛЬНИЙ",null,2025-04-07
6240-50995,null,"КОМПЛ.ПІДПР.ПОБУТ. ОБСЛУГОВ.","10.1220.10.023-Будівлі адміністративні","ПРИМІЩЕННЯ В Н/Б","КОМПЛ.ПІДПР.ПОБУТ. ОБСЛУГОВ.",Київська міська рада,22883141,"КОМУНАЛЬНЕ ПІДПРИЄМСТВО ""КЕРУЮЧА КОМПАНІЯ З ОБСЛУГОВУВАННЯ ЖИТЛОВОГО ФОНДУ ДЕСНЯНСЬКОГО РАЙОНУ М.КИЄВА""","39605452",null,null,"10.1220.10.023","Будівлі адміністративні",кв. м.,"1345.9",UA80000000000093317,"02232",Україна,м. Київ,null,null,null,"ДЕСНЯНСЬКИЙ","ОНОРЕ ДЕ БАЛЬЗАКА",xxx,null,null,Зареєстровано,"1651345380000",null,null,"ЗАДОВІЛЬНИЙ",null,2025-03-19
6241-51985,null,null,"10.1220.10.023-Будівлі адміністративні","ОКРЕМО СТОЯЧИЙ","АДМІНІСТРАТИВНЕ",Київська міська рада,22883141,"КОМУНАЛЬНЕ ПІДПРИЄМСТВО ""КЕРУЮЧА КОМПАНІЯ З ОБСЛУГОВУВАННЯ ЖИТЛОВОГО ФОНДУ ДЕСНЯНСЬКОГО РАЙОНУ М.КИЄВА""","39605452",null,null,"10.1220.10.023","Будівлі адміністративні",кв. м.,"1670.1",UA80000000000093317,"02232",Україна,м. Київ,null,null,null,"ДЕСНЯНСЬКИЙ","БУДИЩАНСЬКА",xxx,null,null,Зареєстровано,"1889093580000",null,null,"ЗАДОВІЛЬНИЙ",null,2025-01-14
6242-51985,null,null,"10.1220.10.023-Будівлі адміністративні","ОКРЕМО СТОЯЧИЙ","АДМІНІСТРАТИВНЕ",Київська міська рада,22883141,"КОМУНАЛЬНЕ ПІДПРИЄМСТВО ""КЕРУЮЧА КОМПАНІЯ З ОБСЛУГОВУВАННЯ ЖИТЛОВОГО ФОНДУ ДЕСНЯНСЬКОГО РАЙОНУ М.КИЄВА""","39605452",null,null,"10.1220.10.023","Будівлі адміністративні",кв. м.,"1670.1",UA80000000000093317,"02232",Україна,м. Київ,null,null,null,"ДЕСНЯНСЬКИЙ","БУДИЩАНСЬКА",xxx,null,null,Зареєстровано,"1889093580000",null,null,"ЗАДОВІЛЬНИЙ",null,2025-01-14
6243-51729,null,"побутові послуги","10.6000.01-Приміщення в житлових будинках та спорудах","ПРИМІЩЕННЯ В Ж/Б","ПОБУТОВІ ПОСЛУГИ",Київська міська рада,22883141,"КОМУНАЛЬНЕ ПІДПРИЄМСТВО ""КЕРУЮЧА КОМПАНІЯ З ОБСЛУГОВУВАННЯ ЖИТЛОВОГО ФОНДУ ДЕСНЯНСЬКОГО РАЙОНУ М.КИЄВА""","39605452",null,null,"10.6000.01","Приміщення в житлових будинках та спорудах",кв. м.,"3914.0",UA80000000000093317,null,Україна,м. Київ,null,null,null,"ДЕСНЯНСЬКИЙ","КУБАНСЬКОЇ УКРАЇНИ (ЖУКОВА МАРШАЛА)",xxx,null,null,Зареєстровано,"2694249680000",null,null,"ЗАДОВІЛЬНИЙ",null,2025-03-19
6244-54570,null,null,"10.1230.60.009-Сміттєзбірники","СПОРУДА","СМІТТЄЗБІРНИК",Київська міська рада,22883141,"КОМУНАЛЬНЕ ПІДПРИЄМСТВО ""КЕРУЮЧА КОМПАНІЯ З ОБСЛУГОВУВАННЯ ЖИТЛОВОГО ФОНДУ ДЕСНЯНСЬКОГО РАЙОНУ М.КИЄВА""","39605452",null,null,"10.1230.60.009","Сміттєзбірники",кв. м.,"20.0",UA80000000000093317,"02217",Україна,м. Київ,null,null,null,"ДЕСНЯНСЬКИЙ","ЧЕРВОНОЇ КАЛИНИ (ВОЛОДИМИРА МАЯКОВСЬКОГО)",xxx,null,null,Зареєстровано,"1558542980000",null,null,"ЗАДОВІЛЬНИЙ",null,2025-01-16
6245-51003,null,"КОМПЛ.ПІДПР.ПОБУТ. ОБСЛУГОВ.","10.1220.10.023-Будівлі адміністративні","ОКРЕМО СТОЯЧИЙ","КОМПЛ.ПІДПР.ПОБУТ. ОБСЛУГОВ.",Київська міська рада,22883141,"КОМУНАЛЬНЕ ПІДПРИЄМСТВО ""КЕРУЮЧА КОМПАНІЯ З ОБСЛУГОВУВАННЯ ЖИТЛОВОГО ФОНДУ ДЕСНЯНСЬКОГО РАЙОНУ М.КИЄВА""","39605452",null,null,"10.1220.10.023","Будівлі адміністративні",кв. м.,"759.7",UA80000000000093317,"02222",Україна,м. Київ,null,null,null,"ДЕСНЯНСЬКИЙ","ЧЕРВОНОЇ КАЛИНИ (ВОЛОДИМИРА МАЯКОВСЬКОГО)",xxx,null,null,Зареєстровано,"1882308180000",null,null,"ЗАДОВІЛЬНИЙ",null,2025-03-21
6246-51003,null,"КОМПЛ.ПІДПР.ПОБУТ. ОБСЛУГОВ.","10.1220.10.023-Будівлі адміністративні","ОКРЕМО СТОЯЧИЙ","КОМПЛ.ПІДПР.ПОБУТ. ОБСЛУГОВ.",Київська міська рада,22883141,"КОМУНАЛЬНЕ ПІДПРИЄМСТВО ""КЕРУЮЧА КОМПАНІЯ З ОБСЛУГОВУВАННЯ ЖИТЛОВОГО ФОНДУ ДЕСНЯНСЬКОГО РАЙОНУ М.КИЄВА""","39605452",null,null,"10.1220.10.023","Будівлі адміністративні",кв. м.,"759.7",UA80000000000093317,"02222",Україна,м. Київ,null,null,null,"ДЕСНЯНСЬКИЙ","ЧЕРВОНОЇ КАЛИНИ (ВОЛОДИМИРА МАЯКОВСЬКОГО)",xxx,null,null,Зареєстровано,"1882308180000",null,null,"ЗАДОВІЛЬНИЙ",null,2025-03-21
6253-50994,null,"КОМПЛ.ПІДПР.ПОБУТ. ОБСЛУГОВ.","10.1220.10.023-Будівлі адміністративні","ОКРЕМО СТОЯЧИЙ","КОМПЛ.ПІДПР.ПОБУТ. ОБСЛУГОВ.",Київська міська рада,22883141,"КОМУНАЛЬНЕ ПІДПРИЄМСТВО ""КЕРУЮЧА КОМПАНІЯ З ОБСЛУГОВУВАННЯ ЖИТЛОВОГО ФОНДУ ДЕСНЯНСЬКОГО РАЙОНУ М.КИЄВА""","39605452",null,null,"10.1220.10.023","Будівлі адміністративні",кв. м.,"1546.0",UA80000000000093317,"02156",Україна,м. Київ,null,null,null,"ДЕСНЯНСЬКИЙ","БРАТИСЛАВСЬКА",xxx,null,null,Зареєстровано,"1636049380000",null,null,"ЗАДОВІЛЬНИЙ",null,2025-04-07
6254-47633,null,"КНП ""ЦЕНТР ПЕРВИННОЇ МЕДИКО-САНІТАРНОЇ ДОПОМОГИ №1"" СВЯТОШИНСЬКОГО РАЙОНУ","10.1264.40.010-Центри первинної медико-санітарної допомоги","ОКРЕМО СТОЯЧИЙ","ПОЛІКЛІНІКА",Київська міська рада,22883141,"КОМУНАЛЬНЕ НЕКОМЕРЦІЙНЕ ПІДПРИЄМСТВО ""ЦЕНТР ПЕРВИННОЇ МЕДИКО-САНІТАРНОЇ ДОПОМОГИ № 1"" СВЯТОШИНСЬКОГО РАЙОНУ М. КИЄВА","38961129",null,null,"10.1264.40.010","Центри первинної медико-санітарної допомоги",кв. м.,"5060.8",UA80000000000093317,"03179",Україна,м. Київ,null,null,null,"СВЯТОШИНСЬКИЙ","ЧОРНОБИЛЬСЬКА",xxx,null,null,Зареєстровано,"1281002880000",null,null,"ЗАДОВІЛЬНИЙ",null,2025-04-08
6255-51008,null,"КОМПЛ.ПІДПР.ПОБУТ. ОБСЛУГОВ.","10.1220.10.023-Будівлі адміністративні","ОКРЕМО СТОЯЧИЙ","КОМПЛ.ПІДПР.ПОБУТ. ОБСЛУГОВ.",Київська міська рада,22883141,"КОМУНАЛЬНЕ ПІДПРИЄМСТВО ""КЕРУЮЧА КОМПАНІЯ З ОБСЛУГОВУВАННЯ ЖИТЛОВОГО ФОНДУ ДЕСНЯНСЬКОГО РАЙОНУ М.КИЄВА""","39605452",null,null,"10.1220.10.023","Будівлі адміністративні",кв. м.,"699.8",UA80000000000093317,null,Україна,м. Київ,null,null,null,"ДЕСНЯНСЬКИЙ","АРХІТЕКТОРА НІКОЛАЄВА",xxx,null,null,Зареєстровано,"1164207938000",null,null,"ЗАДОВІЛЬНИЙ",null,2025-04-02
6256-51007,null,"КОМПЛ.ПІДПР.ПОБУТ. ОБСЛУГОВ.","10.1220.10.023-Будівлі адміністративні","ОКРЕМО СТОЯЧИЙ","КОМПЛ.ПІДПР.ПОБУТ. ОБСЛУГОВ.",Київська міська рада,22883141,"КОМУНАЛЬНЕ ПІДПРИЄМСТВО ""КЕРУЮЧА КОМПАНІЯ З ОБСЛУГОВУВАННЯ ЖИТЛОВОГО ФОНДУ ДЕСНЯНСЬКОГО РАЙОНУ М.КИЄВА""","39605452",null,null,"10.1220.10.023","Будівлі адміністративні",кв. м.,"125.4",UA80000000000093317,"02217",Україна,м. Київ,null,null,null,"ДЕСНЯНСЬКИЙ","ЧЕРВОНОЇ КАЛИНИ (ВОЛОДИМИРА МАЯКОВСЬКОГО)",xxx,null,null,Зареєстровано,"1642058380000",null,null,"ЗАДОВІЛЬНИЙ",null,2025-01-10
6265-52049,null,"ГОСПОДАРСЬКЕ ПРИМІЩЕННЯ","10.1220.10.023-Будівлі адміністративні","ОКРЕМО СТОЯЧИЙ","ГОСПОДАРСЬКЕ ПРИМІЩЕННЯ",Київська міська рада,22883141,"КОМУНАЛЬНЕ ПІДПРИЄМСТВО ""КЕРУЮЧА КОМПАНІЯ З ОБСЛУГОВУВАННЯ ЖИТЛОВОГО ФОНДУ ДЕСНЯНСЬКОГО РАЙОНУ М.КИЄВА""","39605452",null,null,"10.1220.10.023","Будівлі адміністративні",кв. м.,"1120.1",UA80000000000093317,"02217",Україна,м. Київ,null,null,null,"ДЕСНЯНСЬКИЙ","ЗАКРЕВСЬКОГО МИКОЛИ",xxx,null,null,Зареєстровано,"1885978280000",null,null,"ЗАДОВІЛЬНИЙ",null,2025-03-24
6267-16925,null,"АДМІНІСТРАТИВНЕ та вільне",null,"ПРИМІЩЕННЯ В Ж/Б","АДМІНІСТРАТИВНЕ",Київська міська рада,22883141,"КОМУНАЛЬНЕ ПІДПРИЄМСТВО ""КЕРУЮЧА КОМПАНІЯ З ОБСЛУГОВУВАННЯ ЖИТЛОВОГО ФОНДУ ШЕВЧЕНКІВСЬКОГО РАЙОНУ М.КИЄВА""","34966254",null,null,null,null,кв. м.,"2403.29",UA80000000000093317,null,Україна,м. Київ,null,null,null,"ШЕВЧЕНКІВСЬКИЙ","ВЕЛИКА ЖИТОМИРСЬКА",xxx,null,null,Зареєстровано,"1086834080000",null,null,"ЗАДОВІЛЬНИЙ",null,2025-05-05
6268-48380,null,"оренда - Нікітіна О. В., вільні","10.12-Будівлі (приміщення) нежитлові","ПРИМІЩЕННЯ В Ж/Б","ІНШЕ",Київська міська рада,22883141,"КОМУНАЛЬНЕ ПІДПРИЄМСТВО ""КЕРУЮЧА КОМПАНІЯ З ОБСЛУГОВУВАННЯ ЖИТЛОВОГО ФОНДУ ПЕЧЕРСЬКОГО РАЙОНУ М.КИЄВА""","35692211",null,null,"10.12","Будівлі (приміщення) нежитлові",кв. м.,"3846.0",UA80000000000093317,null,Україна,м. Київ,null,null,null,"ПЕЧЕРСЬКИЙ","КЛОВСЬКИЙ УЗВІЗ",xxx,null,null,Зареєстровано,"2103682480000",null,null,"ЗАДОВІЛЬНИЙ",null,2025-02-25
6269-48380,null,"оренда - Нікітіна О. В., вільні","10.12-Будівлі (приміщення) нежитлові","ПРИМІЩЕННЯ В Ж/Б","ІНШЕ",Київська міська рада,22883141,"КОМУНАЛЬНЕ ПІДПРИЄМСТВО ""КЕРУЮЧА КОМПАНІЯ З ОБСЛУГОВУВАННЯ ЖИТЛОВОГО ФОНДУ ПЕЧЕРСЬКОГО РАЙОНУ М.КИЄВА""","35692211",null,null,"10.12","Будівлі (приміщення) нежитлові",кв. м.,"3846.0",UA80000000000093317,null,Україна,м. Київ,null,null,null,"ПЕЧЕРСЬКИЙ","КЛОВСЬКИЙ УЗВІЗ",xxx,null,null,Зареєстровано,"2103682480000",null,null,"ЗАДОВІЛЬНИЙ",null,2025-02-25
6297-14766,null,"вільні","10.6000.02.008-Вільні нежитлові приміщення","ПРИМІЩЕННЯ В Ж/Б",null,Київська міська рада,22883141,"КОМУНАЛЬНЕ ПІДПРИЄМСТВО ""КЕРУЮЧА КОМПАНІЯ З ОБСЛУГОВУВАННЯ ЖИТЛОВОГО ФОНДУ ШЕВЧЕНКІВСЬКОГО РАЙОНУ М.КИЄВА""","34966254",null,null,"10.6000.02.008","Вільні нежитлові приміщення",кв. м.,"4240.53",UA80000000000093317,null,Україна,м. Київ,null,null,null,"ШЕВЧЕНКІВСЬКИЙ","ХМЕЛЬНИЦЬКОГО БОГДАНА",xxx,null,null,Зареєстровано,"1345255980000",null,null,"ЗАДОВІЛЬНИЙ",null,2025-01-09
6298-14766,null,"вільні","10.6000.02.008-Вільні нежитлові приміщення","ПРИМІЩЕННЯ В Ж/Б",null,Київська міська рада,22883141,"КОМУНАЛЬНЕ ПІДПРИЄМСТВО ""КЕРУЮЧА КОМПАНІЯ З ОБСЛУГОВУВАННЯ ЖИТЛОВОГО ФОНДУ ШЕВЧЕНКІВСЬКОГО РАЙОНУ М.КИЄВА""","34966254",null,null,"10.6000.02.008","Вільні нежитлові приміщення",кв. м.,"4240.53",UA80000000000093317,null,Україна,м. Київ,null,null,null,"ШЕВЧЕНКІВСЬКИЙ","ХМЕЛЬНИЦЬКОГО БОГДАНА",xxx,null,null,Зареєстровано,"1345255980000",null,null,"ЗАДОВІЛЬНИЙ",null,2025-01-09
6305-44399,null,"АЕРАРІЙ №1-077","10.2-ІНЖЕНЕРНІ СПОРУДИ",null,"АНГАР",Київська міська рада,22883141,"КОМУНАЛЬНЕ ПІДПРИЄМСТВО ВИКОНАВЧОГО ОРГАНУ КИЇВСЬКОЇ МІСЬКОЇ РАДИ (КИЇВСЬКОЇ МІСЬКОЇ ДЕРЖАВНОЇ АДМІНІСТРАЦІЇ) ПО ОХОРОНІ, УТРИМАННЮ ТА ЕКСПЛУАТАЦІЇ ЗЕМЕЛЬ ВОДНОГО ФОНДУ М. КИЄВА ""ПЛЕСО""","23505151",null,null,"10.2","ІНЖЕНЕРНІ СПОРУДИ",кв. м.,"160.0",UA80000000000093317,null,Україна,м. Київ,null,null,null,"ДНІПРОВСЬКИЙ","ТРУХАНІВ ОСТРІВ, ПЛЯЖ",xxx,null,null,Невідомо,null,null,null,"ЗАДОВІЛЬНИЙ",null,2025-03-13
6306-48953,null,"АДМІНІСТРАТИВНЕ","10.6000.02.001-Багатофункціональні нежитлові приміщення","ПРИМІЩЕННЯ В Ж/Б","АДМІНІСТРАТИВНЕ",Київська міська рада,22883141,"КОМУНАЛЬНЕ ПІДПРИЄМСТВО ""КЕРУЮЧА КОМПАНІЯ З ОБСЛУГОВУВАННЯ ЖИТЛОВОГО ФОНДУ СВЯТОШИНСЬКОГО РАЙОНУ М. КИЄВА""","39607507",null,null,"10.6000.02.001","Багатофункціональні нежитлові приміщення",кв. м.,"8445.5",UA80000000000093317,"03170",Україна,м. Київ,null,null,null,"СВЯТОШИНСЬКИЙ","ЖУЛЯ ВЕРНА (РОЛЛАНА РОМЕНА)",xxx,null,null,Зареєстровано,"1856628880000",null,null,"ЗАДОВІЛЬНИЙ",null,2025-04-01
6312-16715,null,"громадська організація та вільне",null,"ПРИМІЩЕННЯ В Ж/Б",null,Київська міська рада,22883141,"КОМУНАЛЬНЕ ПІДПРИЄМСТВО ""КЕРУЮЧА КОМПАНІЯ З ОБСЛУГОВУВАННЯ ЖИТЛОВОГО ФОНДУ ШЕВЧЕНКІВСЬКОГО РАЙОНУ М.КИЄВА""","34966254",null,null,null,null,кв. м.,"4247.4",UA80000000000093317,null,Україна,м. Київ,null,null,null,"ШЕВЧЕНКІВСЬКИЙ","ЄВГЕНА ЧИКАЛЕНКА (ПУШКІНСЬКА)",xxx,null,null,Зареєстровано,"1278824980000",null,null,"ЗАДОВІЛЬНИЙ",null,2024-06-03
6314-13733,null,"вільне",null,"ПРИМІЩЕННЯ В Ж/Б",null,Київська міська рада,22883141,"КОМУНАЛЬНЕ ПІДПРИЄМСТВО ""КЕРУЮЧА КОМПАНІЯ З ОБСЛУГОВУВАННЯ ЖИТЛОВОГО ФОНДУ ШЕВЧЕНКІВСЬКОГО РАЙОНУ М.КИЄВА""","34966254",null,null,null,null,кв. м.,"4279.1",UA80000000000093317,null,Україна,м. Київ,null,null,null,"ШЕВЧЕНКІВСЬКИЙ","ЩЕРБАКІВСЬКОГО ДАНИЛА (ЩЕРБАКОВА)",xxx,null,null,Зареєстровано,"22607428800",null,null,"ЗАДОВІЛЬНИЙ",null,2024-10-31
6316-51243,null,"приміщення в нежитловій окремостоячій будівлі","10.12-Будівлі (приміщення) нежитлові","ПРИМІЩЕННЯ В Н/Б","АДМІНІСТРАТИВНЕ",Київська міська рада,22883141,"КОМУНАЛЬНЕ ПІДПРИЄМСТВО ""КЕРУЮЧА КОМПАНІЯ З ОБСЛУГОВУВАННЯ ЖИТЛОВОГО ФОНДУ ДАРНИЦЬКОГО РАЙОНУ М.КИЄВА""","39604270",null,null,"10.12","Будівлі (приміщення) нежитлові",кв. м.,"555.6",UA80000000000093317,null,Україна,м. Київ,null,null,null,"ДАРНИЦЬКИЙ","ВЕРБИЦЬКОГО АРХІТЕКТОРА",xxx,null,null,Зареєстровано,"1659234980000",null,null,"ЗАДОВІЛЬНИЙ",null,2025-04-04
6331-61181,null,"ГАРАЖ №4","10.1242.10.001-Гаражі цегляні","ОКРЕМО СТОЯЧИЙ",null,Київська міська рада,22883141,"КОМУНАЛЬНЕ ПІДПРИЄМСТВО ""КЕРУЮЧА КОМПАНІЯ З ОБСЛУГОВУВАННЯ ЖИТЛОВОГО ФОНДУ ШЕВЧЕНКІВСЬКОГО РАЙОНУ М.КИЄВА""","34966254",null,null,"10.1242.10.001","Гаражі цегляні",кв. м.,"12.5",UA80000000000093317,null,Україна,м. Київ,null,null,null,"ШЕВЧЕНКІВСЬКИЙ","ПРОРІЗНА",xxx,null,null,Невідомо,null,null,null,"ЗАДОВІЛЬНИЙ",null,2025-02-13
6334-48330,null,"вільне","10.12-Будівлі (приміщення) нежитлові","ПРИМІЩЕННЯ В Ж/Б","ІНШЕ",Київська міська рада,22883141,"КОМУНАЛЬНЕ ПІДПРИЄМСТВО ""КЕРУЮЧА КОМПАНІЯ З ОБСЛУГОВУВАННЯ ЖИТЛОВОГО ФОНДУ ПЕЧЕРСЬКОГО РАЙОНУ М.КИЄВА""","35692211",null,null,"10.12","Будівлі (приміщення) нежитлові",кв. м.,"2826.8",UA80000000000093317,null,Україна,м. Київ,null,null,null,"ПЕЧЕРСЬКИЙ","РУСТАВЕЛІ ШОТА",xxx,null,null,Зареєстровано,"1845382280000",null,null,"ЗАДОВІЛЬНИЙ",null,2025-03-12
6336-59791,null,"ДИСПАНСЕРИ","10.12-Будівлі (приміщення) нежитлові","ОКРЕМО СТОЯЧИЙ","ДИСПАНСЕРИ",Київська міська рада,22883141,"КОМУНАЛЬНЕ НЕКОМЕРЦІЙНЕ ПІДПРИЄМСТВО КЛІНІЧНИЙ ЗАКЛАД З НАДАННЯ ПСИХІАТРИЧНОЇ ДОПОМОГИ ПСИХІАТРІЯ ВИКОНАВЧОГО ОРГАНУ КИЇВСЬКОЇ МІСЬКОЇ РАДИ (КИЇВСЬКОЇ МІСЬКОЇ ДЕРЖАВНОЇ АДМІНІСТРАЦІЇ)","01994072",null,null,"10.12","Будівлі (приміщення) нежитлові",кв. м.,"595.1",UA80000000000093317,"04080",Україна,м. Київ,null,null,null,"ПОДІЛЬСЬКИЙ","КИРИЛІВСЬКА (ФРУНЗЕ)",xxx,null,null,Зареєстровано,"1486353680000",null,null,"ПОТРЕБУЄ РЕМОНТУ",null,2025-04-15
6348-61149,null,"вільне","10.12-Будівлі (приміщення) нежитлові","ПРИМІЩЕННЯ В Ж/Б","ІНШЕ",Київська міська рада,22883141,"КОМУНАЛЬНЕ ПІДПРИЄМСТВО ""КЕРУЮЧА КОМПАНІЯ З ОБСЛУГОВУВАННЯ ЖИТЛОВОГО ФОНДУ ПЕЧЕРСЬКОГО РАЙОНУ М.КИЄВА""","35692211",null,null,"10.12","Будівлі (приміщення) нежитлові",кв. м.,"90.6",UA80000000000093317,null,Україна,м. Київ,null,null,null,"ПЕЧЕРСЬКИЙ","РИБАЛЬСЬКА",xxx,null,null,Невідомо,null,null,null,"ЗАДОВІЛЬНИЙ",null,2025-04-14
6362-56081,null,null,"10.1-БУДІВЛІ","ОКРЕМО СТОЯЧИЙ","АПТЕКА",Київська міська рада,22883141,"КОМУНАЛЬНЕ ПІДПРИЄМСТВО ""ФАРМАЦІЯ""","05415852",null,null,"10.1","БУДІВЛІ",кв. м.,"3914.9",UA80000000000093317,"04123",Україна,м. Київ,null,null,null,"ПОДІЛЬСЬКИЙ","ПЕРЕМИШЛЬСЬКА (ЧЕРВОНОПІЛЬСЬКА)",xxx,null,null,Зареєстровано,"2367435680000",null,null,"ЗАДОВІЛЬНИЙ",null,2025-01-15
6363-56068,null,"Аптека №91","10.1-БУДІВЛІ","ОКРЕМО СТОЯЧИЙ","АПТЕКА",Київська міська рада,22883141,"КОМУНАЛЬНЕ ПІДПРИЄМСТВО ""ФАРМАЦІЯ""","05415852",null,null,"10.1","БУДІВЛІ",кв. м.,"4186.17",UA80000000000093317,"02206",Україна,м. Київ,null,null,null,"ДНІПРОВСЬКИЙ","МИРОПІЛЬСЬКА",xxx,null,null,Зареєстровано,"2972462880000",null,null,"ЗАДОВІЛЬНИЙ",null,2025-01-15
6364-56108,null,"Аптека№29","10.1-БУДІВЛІ","ПРИМІЩЕННЯ В Ж/Б","АПТЕКА",Київська міська рада,22883141,"КОМУНАЛЬНЕ ПІДПРИЄМСТВО ""ФАРМАЦІЯ""","05415852",null,null,"10.1","БУДІВЛІ",кв. м.,"12502.7",UA80000000000093317,"252056",Україна,м. Київ,null,null,null,"СОЛОМ'ЯНСЬКИЙ","БОРЩАГІВСЬКА",xxx,null,null,Зареєстровано,"2375045280000",null,null,"ЗАДОВІЛЬНИЙ",null,2025-01-15
6367-49149,null,"АДМІНІСТРАТИВНЕ","10.6000.01.001-Приміщення основні","ПРИМІЩЕННЯ В Ж/Б","АДМІНІСТРАТИВНЕ",Київська міська рада,22883141,"КОМУНАЛЬНЕ ПІДПРИЄМСТВО ""КЕРУЮЧА КОМПАНІЯ З ОБСЛУГОВУВАННЯ ЖИТЛОВОГО ФОНДУ ГОЛОСІЇВСЬКОГО РАЙОНУ М.КИЄВА""","32375554",null,null,"10.6000.01.001","Приміщення основні",кв. м.,"14392.91",UA80000000000093317,"03187",Україна,м. Київ,null,null,null,"ГОЛОСІЇВСЬКИЙ","ГЛУШКОВА АКАДЕМІКА",xxx,null,null,Зареєстровано,"2552299780000",null,null,"ЗАДОВІЛЬНИЙ",null,2025-04-15
6374-48178,null,"власні потреби, вільне","10.12-Будівлі (приміщення) нежитлові","ПРИМІЩЕННЯ В Ж/Б","ІНШЕ",Київська міська рада,22883141,"КОМУНАЛЬНЕ ПІДПРИЄМСТВО ""КЕРУЮЧА КОМПАНІЯ З ОБСЛУГОВУВАННЯ ЖИТЛОВОГО ФОНДУ ПЕЧЕРСЬКОГО РАЙОНУ М.КИЄВА""","35692211",null,null,"10.12","Будівлі (приміщення) нежитлові",кв. м.,"395.3",UA80000000000093317,"1024",Україна,м. Київ,null,null,null,"ПЕЧЕРСЬКИЙ","ШОВКОВИЧНА",xxx,null,null,Зареєстровано,"223528078000",null,null,"ЗАДОВІЛЬНИЙ",null,2025-03-11
6375-48941,null,"БУДЬ ЯКЕ ВИКОРИСТАННЯ","10.6000.02.001-Багатофункціональні нежитлові приміщення","ПРИМІЩЕННЯ В Ж/Б","ПОБУТОВЕ ПРИМІЩЕННЯ",Київська міська рада,22883141,"КОМУНАЛЬНЕ ПІДПРИЄМСТВО ""КЕРУЮЧА КОМПАНІЯ З ОБСЛУГОВУВАННЯ ЖИТЛОВОГО ФОНДУ СВЯТОШИНСЬКОГО РАЙОНУ М. КИЄВА""","39607507",null,null,"10.6000.02.001","Багатофункціональні нежитлові приміщення",кв. м.,"6416.0",UA80000000000093317,"03179",Україна,м. Київ,null,null,null,"СВЯТОШИНСЬКИЙ","ЛЬВІВСЬКА",xxx,null,null,Зареєстровано,"2141686080000",null,null,"ЗАДОВІЛЬНИЙ",null,2025-04-01
6383-49743,null,"АДМІНІСТРАТИВНЕ","10.1220.10.023-Будівлі адміністративні","ПРИМІЩЕННЯ В Н/Б","АДМІНІСТРАТИВНЕ",Київська міська рада,22883141,"КОМУНАЛЬНЕ ПІДПРИЄМСТВО ""КЕРУЮЧА КОМПАНІЯ З ОБСЛУГОВУВАННЯ ЖИТЛОВОГО ФОНДУ СВЯТОШИНСЬКОГО РАЙОНУ М. КИЄВА""","39607507",null,null,"10.1220.10.023","Будівлі адміністративні",кв. м.,"2035.97",UA80000000000093317,"03179",Україна,м. Київ,null,null,null,"СВЯТОШИНСЬКИЙ","ІРПІНСЬКА",xxx,null,null,Зареєстровано,"1594555680000",null,null,"ЗАДОВІЛЬНИЙ",null,2025-04-01
6385-49736,null,"АДМІНІСТРАТИВНЕ","10.1220.10.023-Будівлі адміністративні","ПРИМІЩЕННЯ В Н/Б","АДМІНІСТРАТИВНЕ",Київська міська рада,22883141,"КОМУНАЛЬНЕ ПІДПРИЄМСТВО ""КЕРУЮЧА КОМПАНІЯ З ОБСЛУГОВУВАННЯ ЖИТЛОВОГО ФОНДУ СВЯТОШИНСЬКОГО РАЙОНУ М. КИЄВА""","39607507",null,null,"10.1220.10.023","Будівлі адміністративні",кв. м.,"1489.8",UA80000000000093317,"03134",Україна,м. Київ,null,null,null,"СВЯТОШИНСЬКИЙ","АКАДЕМІКА КОРОЛЬОВА ПРОСПЕКТ",xxx,null,null,Зареєстровано,"2115824080000",null,null,"ЗАДОВІЛЬНИЙ",null,2025-04-01
6387-48852,null,"будь яке використання","10.1230.60.009-Сміттєзбірники","ОКРЕМО СТОЯЧИЙ","ІНШЕ",Київська міська рада,22883141,"КОМУНАЛЬНЕ ПІДПРИЄМСТВО ""КЕРУЮЧА КОМПАНІЯ З ОБСЛУГОВУВАННЯ ЖИТЛОВОГО ФОНДУ СВЯТОШИНСЬКОГО РАЙОНУ М. КИЄВА""","39607507",null,null,"10.1230.60.009","Сміттєзбірники",кв. м.,"15.0",UA80000000000093317,"03148",Україна,м. Київ,null,null,null,"СВЯТОШИНСЬКИЙ","ІВАНА ДЗЮБИ (СОСНІНИХ СІМ'Ї)",xxx,null,null,Невідомо,null,null,null,"ЗАДОВІЛЬНИЙ",null,2025-04-01
6414-61443,null,"НЕЖИТЛОВИЙ ФОНД (ОРЕНДА, ВІЛЬНІ, ВЛАСНІ ПОТРЕБИ)","10.6000.01-Приміщення в житлових будинках та спорудах","ПРИМІЩЕННЯ В Ж/Б",null,Київська міська рада,22883141,"КОМУНАЛЬНЕ ПІДПРИЄМСТВО КЕРУЮЧА КОМПАНІЯ З ОБСЛУГОВУВАННЯ ЖИТЛОВОГО ФОНДУ СОЛОМ'ЯНСЬКОГО РАЙОНУ М. КИЄВА","35756919",null,null,"10.6000.01","Приміщення в житлових будинках та спорудах",кв. м.,"332.7",UA80000000000093317,"252151",Україна,м. Київ,null,null,null,"СОЛОМ'ЯНСЬКИЙ","ДОНЕЦЬКА",xxx,null,null,Зареєстровано,"1464916280389/1464971580389",null,null,"ЗАДОВІЛЬНИЙ",null,2024-12-25
6415-17648,null,"СМІТТЄЗБІРНИК","10.1300.00.001-Будівлі нежитлові окремо розташовані","ОКРЕМО СТОЯЧИЙ","СМІТТЄЗБІРНИК",Київська міська рада,22883141,"КОМУНАЛЬНЕ ПІДПРИЄМСТВО КЕРУЮЧА КОМПАНІЯ З ОБСЛУГОВУВАННЯ ЖИТЛОВОГО ФОНДУ СОЛОМ'ЯНСЬКОГО РАЙОНУ М. КИЄВА","35756919",null,null,"10.1300.00.001","Будівлі нежитлові окремо розташовані",кв. м.,"30.5",UA80000000000093317,"252126",Україна,м. Київ,null,null,null,"СОЛОМ'ЯНСЬКИЙ","БІЛЕЦЬКОГО АКАДЕМІКА",xxx,null,null,Невідомо,null,null,null,"ЗАДОВІЛЬНИЙ",null,2025-01-08
6417-61254,null,"НЕЖИТЛОВИЙ ФОНД (ОРЕНДА, ВІЛЬНІ, ВЛАСНІ ПОТРЕБИ)","10.6000.01-Приміщення в житлових будинках та спорудах","ПРИМІЩЕННЯ В Ж/Б",null,Київська міська рада,22883141,"КОМУНАЛЬНЕ ПІДПРИЄМСТВО КЕРУЮЧА КОМПАНІЯ З ОБСЛУГОВУВАННЯ ЖИТЛОВОГО ФОНДУ СОЛОМ'ЯНСЬКОГО РАЙОНУ М. КИЄВА","35756919",null,null,"10.6000.01","Приміщення в житлових будинках та спорудах",кв. м.,"96.9",UA80000000000093317,null,Україна,м. Київ,null,null,null,"СОЛОМ'ЯНСЬКИЙ","ЄРЕВАНСЬКА",xxx,null,null,Зареєстровано,"2578720880000",null,null,"ЗАДОВІЛЬНИЙ",null,2024-12-25
6418-61372,null,"вільні","10.12-Будівлі (приміщення) нежитлові","ПРИМІЩЕННЯ В Ж/Б","ІНШЕ",Київська міська рада,22883141,"КОМУНАЛЬНЕ ПІДПРИЄМСТВО ""КЕРУЮЧА КОМПАНІЯ З ОБСЛУГОВУВАННЯ ЖИТЛОВОГО ФОНДУ ПЕЧЕРСЬКОГО РАЙОНУ М.КИЄВА""","35692211",null,null,"10.12","Будівлі (приміщення) нежитлові",кв. м.,"23.9",UA80000000000093317,"01024",Україна,м. Київ,null,null,null,"ПЕЧЕРСЬКИЙ","КОЗЛОВСЬКОГО ІВАНА ПРОВ.",xxx,null,null,Зареєстровано,"2771679880000",null,null,"ЗАДОВІЛЬНИЙ",null,2025-03-11
6422-61252,null,"НЕЖИТЛОВИЙ ФОНД (ОРЕНДА, ВІЛЬНІ, ВЛАСНІ ПОТРЕБИ)","10.6000.01-Приміщення в житлових будинках та спорудах","ПРИМІЩЕННЯ В Ж/Б",null,Київська міська рада,22883141,"КОМУНАЛЬНЕ ПІДПРИЄМСТВО КЕРУЮЧА КОМПАНІЯ З ОБСЛУГОВУВАННЯ ЖИТЛОВОГО ФОНДУ СОЛОМ'ЯНСЬКОГО РАЙОНУ М. КИЄВА","35756919",null,null,"10.6000.01","Приміщення в житлових будинках та спорудах",кв. м.,"70.0",UA80000000000093317,null,Україна,м. Київ,null,null,null,"СОЛОМ'ЯНСЬКИЙ","ЄРЕВАНСЬКА",xxx,null,null,Зареєстровано,"2466435980000",null,null,"ЗАДОВІЛЬНИЙ",null,2024-12-25
6423-61436,null,"НЕЖИТЛОВИЙ ФОНД (ОРЕНДА, ВІЛЬНІ, ВЛАСНІ ПОТРЕБИ)","10.6000.01-Приміщення в житлових будинках та спорудах","ПРИМІЩЕННЯ В Ж/Б",null,Київська міська рада,22883141,"КОМУНАЛЬНЕ ПІДПРИЄМСТВО КЕРУЮЧА КОМПАНІЯ З ОБСЛУГОВУВАННЯ ЖИТЛОВОГО ФОНДУ СОЛОМ'ЯНСЬКОГО РАЙОНУ М. КИЄВА","35756919",null,null,"10.6000.01","Приміщення в житлових будинках та спорудах",кв. м.,"162.0",UA80000000000093317,null,Україна,м. Київ,null,null,null,"СОЛОМ'ЯНСЬКИЙ","МИТРОПОЛИТА ВАСИЛЯ ЛИПКІВСЬКОГО (УРИЦЬКОГО)",xxx,null,null,Зареєстровано,"2583457380000",null,null,"ЗАДОВІЛЬНИЙ",null,2024-12-26
6448-60759,null,null,"10.2121.31.270-Щитові","ОКРЕМО СТОЯЧИЙ","ЩИТОВА БУДКА",Київська міська рада,22883141,"КОМУНАЛЬНА ОРГАНІЗАЦІЯ ВИКОНАВЧОГО ОРГАНУ КИЇВСЬКОЇ МІСЬКОЇ РАДИ (КИЇВСЬКОЇ МІСЬКОЇ ДЕРЖАВНОЇ АДМІНІСТРАЦІЇ) «МУНІЦИПАЛЬНА ОХОРОНА»","41680696",null,null,"10.2121.31.270","Щитові",кв. м.,"50.9",UA80000000000093317,null,Україна,м. Київ,null,null,null,"ДАРНИЦЬКИЙ","БОРИСПІЛЬСКЕ ШОСЕ",xxx,null,null,Зареєстровано,"185003280000",null,null,"ПОТРЕБУЄ РЕМОНТУ",null,2024-04-23
6449-60760,null,null,"10.2121.31.270-Щитові","ОКРЕМО СТОЯЧИЙ","ЩИТОВА БУДКА",Київська міська рада,22883141,"КОМУНАЛЬНА ОРГАНІЗАЦІЯ ВИКОНАВЧОГО ОРГАНУ КИЇВСЬКОЇ МІСЬКОЇ РАДИ (КИЇВСЬКОЇ МІСЬКОЇ ДЕРЖАВНОЇ АДМІНІСТРАЦІЇ) «МУНІЦИПАЛЬНА ОХОРОНА»","41680696",null,null,"10.2121.31.270","Щитові",кв. м.,"51.1",UA80000000000093317,null,Україна,м. Київ,null,null,null,"ДАРНИЦЬКИЙ","БОРИСПІЛЬСКЕ ШОСЕ",xxx,null,null,Зареєстровано,"185003280000",null,null,"ПОТРЕБУЄ РЕМОНТУ",null,2024-04-23
6450-60755,null,null,"10.1252.70.009-Складські будівлі","ОКРЕМО СТОЯЧИЙ","СКЛАД",Київська міська рада,22883141,"КОМУНАЛЬНА ОРГАНІЗАЦІЯ ВИКОНАВЧОГО ОРГАНУ КИЇВСЬКОЇ МІСЬКОЇ РАДИ (КИЇВСЬКОЇ МІСЬКОЇ ДЕРЖАВНОЇ АДМІНІСТРАЦІЇ) «МУНІЦИПАЛЬНА ОХОРОНА»","41680696",null,null,"10.1252.70.009","Складські будівлі",кв. м.,"127.7",UA80000000000093317,null,Україна,м. Київ,null,null,null,"ІНШЕ","БОРИСПІЛЬСКЕ ШОСЕ",xxx,null,null,Зареєстровано,"185003280000",null,null,"ПОТРЕБУЄ РЕМОНТУ",null,2024-04-23
6451-60756,null,null,"10.1252.70.009-Складські будівлі","ОКРЕМО СТОЯЧИЙ","СКЛАД",Київська міська рада,22883141,"КОМУНАЛЬНА ОРГАНІЗАЦІЯ ВИКОНАВЧОГО ОРГАНУ КИЇВСЬКОЇ МІСЬКОЇ РАДИ (КИЇВСЬКОЇ МІСЬКОЇ ДЕРЖАВНОЇ АДМІНІСТРАЦІЇ) «МУНІЦИПАЛЬНА ОХОРОНА»","41680696",null,null,"10.1252.70.009","Складські будівлі",кв. м.,"100.0",UA80000000000093317,null,Україна,м. Київ,null,null,null,"ДАРНИЦЬКИЙ","БОРИСПІЛЬСКЕ ШОСЕ",xxx,null,null,Зареєстровано,"185003280000",null,null,"ПОТРЕБУЄ РЕМОНТУ",null,2024-04-23
6463-18211,null,"вільне, власні потреби (побутове)",null,"ПРИМІЩЕННЯ В Ж/Б",null,Київська міська рада,22883141,"КОМУНАЛЬНЕ ПІДПРИЄМСТВО ""КЕРУЮЧА КОМПАНІЯ З ОБСЛУГОВУВАННЯ ЖИТЛОВОГО ФОНДУ ШЕВЧЕНКІВСЬКОГО РАЙОНУ М.КИЄВА""","34966254",null,null,null,null,кв. м.,"4625.0",UA80000000000093317,null,Україна,м. Київ,null,null,null,"ШЕВЧЕНКІВСЬКИЙ","КОСТЕЛЬНА (ЧЕЛЮСКІНЦІВ)",xxx,null,null,Зареєстровано,"18361223800",null,null,"ЗАДОВІЛЬНИЙ",null,2024-10-29
6468-17153,null,"вільне",null,"ПРИМІЩЕННЯ В Ж/Б",null,Київська міська рада,22883141,"КОМУНАЛЬНЕ ПІДПРИЄМСТВО ""КЕРУЮЧА КОМПАНІЯ З ОБСЛУГОВУВАННЯ ЖИТЛОВОГО ФОНДУ ШЕВЧЕНКІВСЬКОГО РАЙОНУ М.КИЄВА""","34966254",null,null,null,null,кв. м.,"1187.09",UA80000000000093317,null,Україна,м. Київ,null,null,null,"ШЕВЧЕНКІВСЬКИЙ","ОЛЕКСАНДРА КОНИСЬКОГО (ТУРГЕНЄВСЬКА)",xxx,null,null,Зареєстровано,"1287688380000",null,null,"ЗАДОВІЛЬНИЙ",null,2024-11-13
6470-51954,null,null,"10.1220.10.023-Будівлі адміністративні","ОКРЕМО СТОЯЧИЙ","АДМІНІСТРАТИВНЕ",Київська міська рада,22883141,"КОМУНАЛЬНЕ ПІДПРИЄМСТВО ""КЕРУЮЧА КОМПАНІЯ З ОБСЛУГОВУВАННЯ ЖИТЛОВОГО ФОНДУ ДЕСНЯНСЬКОГО РАЙОНУ М.КИЄВА""","39605452",null,null,"10.1220.10.023","Будівлі адміністративні",кв. м.,"1442.2",UA80000000000093317,"02232",Україна,м. Київ,null,null,null,"ДЕСНЯНСЬКИЙ","БИКОВА ЛЕОНІДА БУЛЬВ.",xxx,null,null,Зареєстровано,"2842230180000",null,null,"ЗАДОВІЛЬНИЙ",null,2025-06-13
6474-47392,null,"ПОЛІКЛІНІКА №4 ПОДІЛЬСЬКОГО РАЙОНУ М. КИЄВА","10.1264.40.003-Будівлі поліклінік","ОКРЕМО СТОЯЧИЙ","ПОЛІКЛІНІКА",Київська міська рада,22883141,"КОМУНАЛЬНЕ НЕКОМЕРЦІЙНЕ ПІДПРИЄМСТВО ЦЕНТР ПЕРВИННОЇ МЕДИКО-САНІТАРНОЇ ДОПОМОГИ № 1 ПОДІЛЬСЬКОГО РАЙОНУ М.КИЄВА","38946268",null,null,"10.1264.40.003","Будівлі поліклінік",кв. м.,"2366.6",UA80000000000093317,"04080",Україна,м. Київ,null,null,null,"ПОДІЛЬСЬКИЙ","КИРИЛІВСЬКА (ФРУНЗЕ)",xxx,null,null,Зареєстровано,"1558736280000",null,null,"ЗАДОВІЛЬНИЙ",null,2025-04-07
6476-47392,null,"ПОЛІКЛІНІКА №4 ПОДІЛЬСЬКОГО РАЙОНУ М. КИЄВА","10.1264.40.003-Будівлі поліклінік","ОКРЕМО СТОЯЧИЙ","ПОЛІКЛІНІКА",Київська міська рада,22883141,"КОМУНАЛЬНЕ НЕКОМЕРЦІЙНЕ ПІДПРИЄМСТВО ЦЕНТР ПЕРВИННОЇ МЕДИКО-САНІТАРНОЇ ДОПОМОГИ № 1 ПОДІЛЬСЬКОГО РАЙОНУ М.КИЄВА","38946268",null,null,"10.1264.40.003","Будівлі поліклінік",кв. м.,"2366.6",UA80000000000093317,"04080",Україна,м. Київ,null,null,null,"ПОДІЛЬСЬКИЙ","КИРИЛІВСЬКА (ФРУНЗЕ)",xxx,null,null,Зареєстровано,"1558736280000",null,null,"ЗАДОВІЛЬНИЙ",null,2025-04-07
6480-61130,null,null,"10.1265.9.003-Спортивний комплекс","ОКРЕМО СТОЯЧИЙ","СПОРТИВНИЙ КОМПЛЕКС",Київська міська рада,22883141,"КОМУНАЛЬНЕ ПІДПРИЄМСТВО ВИКОНАВЧОГО ОРГАНУ КИЇВСЬКОЇ МІСЬКОЇ РАДИ (КИЇВСЬКОЇ МІСЬКОЇ ДЕРЖАВНОЇ АДМІНІСТРАЦІЇ) ""СПОРТИВНИЙ КОМПЛЕКС""","03768026",null,null,"10.1265.9.003","Спортивний комплекс",кв. м.,"4095.9",UA80000000000093317,null,Україна,м. Київ,null,null,null,"ПОДІЛЬСЬКИЙ","КИРИЛІВСЬКА (ФРУНЗЕ)",xxx,null,null,Зареєстровано,"330615080000",null,null,"НЕЗАДОВІЛЬНИЙ",null,2024-09-27
6481-61130,null,null,"10.1265.9.003-Спортивний комплекс","ОКРЕМО СТОЯЧИЙ","СПОРТИВНИЙ КОМПЛЕКС",Київська міська рада,22883141,"КОМУНАЛЬНЕ ПІДПРИЄМСТВО ВИКОНАВЧОГО ОРГАНУ КИЇВСЬКОЇ МІСЬКОЇ РАДИ (КИЇВСЬКОЇ МІСЬКОЇ ДЕРЖАВНОЇ АДМІНІСТРАЦІЇ) ""СПОРТИВНИЙ КОМПЛЕКС""","03768026",null,null,"10.1265.9.003","Спортивний комплекс",кв. м.,"4095.9",UA80000000000093317,null,Україна,м. Київ,null,null,null,"ПОДІЛЬСЬКИЙ","КИРИЛІВСЬКА (ФРУНЗЕ)",xxx,null,null,Зареєстровано,"330615080000",null,null,"НЕЗАДОВІЛЬНИЙ",null,2024-09-27
6484-48090,null,"оренда - офіс, ГО, вільні","10.12-Будівлі (приміщення) нежитлові","ПРИМІЩЕННЯ В Ж/Б","ІНШЕ",Київська міська рада,22883141,"КОМУНАЛЬНЕ ПІДПРИЄМСТВО ""КЕРУЮЧА КОМПАНІЯ З ОБСЛУГОВУВАННЯ ЖИТЛОВОГО ФОНДУ ПЕЧЕРСЬКОГО РАЙОНУ М.КИЄВА""","35692211",null,null,"10.12","Будівлі (приміщення) нежитлові",кв. м.,"908.7",UA80000000000093317,null,Україна,м. Київ,null,null,null,"ПЕЧЕРСЬКИЙ","ПІДВИСОЦЬКОГО ПРОФЕСОРА",xxx,null,null,Зареєстровано,"1705188880000",null,null,"ЗАДОВІЛЬНИЙ",null,2025-03-11
6485-61130,null,null,"10.1265.9.003-Спортивний комплекс","ОКРЕМО СТОЯЧИЙ","СПОРТИВНИЙ КОМПЛЕКС",Київська міська рада,22883141,"КОМУНАЛЬНЕ ПІДПРИЄМСТВО ВИКОНАВЧОГО ОРГАНУ КИЇВСЬКОЇ МІСЬКОЇ РАДИ (КИЇВСЬКОЇ МІСЬКОЇ ДЕРЖАВНОЇ АДМІНІСТРАЦІЇ) ""СПОРТИВНИЙ КОМПЛЕКС""","03768026",null,null,"10.1265.9.003","Спортивний комплекс",кв. м.,"4095.9",UA80000000000093317,null,Україна,м. Київ,null,null,null,"ПОДІЛЬСЬКИЙ","КИРИЛІВСЬКА (ФРУНЗЕ)",xxx,null,null,Зареєстровано,"330615080000",null,null,"НЕЗАДОВІЛЬНИЙ",null,2024-09-27
6486-61130,null,null,"10.1265.9.003-Спортивний комплекс","ОКРЕМО СТОЯЧИЙ","СПОРТИВНИЙ КОМПЛЕКС",Київська міська рада,22883141,"КОМУНАЛЬНЕ ПІДПРИЄМСТВО ВИКОНАВЧОГО ОРГАНУ КИЇВСЬКОЇ МІСЬКОЇ РАДИ (КИЇВСЬКОЇ МІСЬКОЇ ДЕРЖАВНОЇ АДМІНІСТРАЦІЇ) ""СПОРТИВНИЙ КОМПЛЕКС""","03768026",null,null,"10.1265.9.003","Спортивний комплекс",кв. м.,"4095.9",UA80000000000093317,null,Україна,м. Київ,null,null,null,"ПОДІЛЬСЬКИЙ","КИРИЛІВСЬКА (ФРУНЗЕ)",xxx,null,null,Зареєстровано,"330615080000",null,null,"НЕЗАДОВІЛЬНИЙ",null,2024-09-27
6487-61130,null,null,"10.1265.9.003-Спортивний комплекс","ОКРЕМО СТОЯЧИЙ","СПОРТИВНИЙ КОМПЛЕКС",Київська міська рада,22883141,"КОМУНАЛЬНЕ ПІДПРИЄМСТВО ВИКОНАВЧОГО ОРГАНУ КИЇВСЬКОЇ МІСЬКОЇ РАДИ (КИЇВСЬКОЇ МІСЬКОЇ ДЕРЖАВНОЇ АДМІНІСТРАЦІЇ) ""СПОРТИВНИЙ КОМПЛЕКС""","03768026",null,null,"10.1265.9.003","Спортивний комплекс",кв. м.,"4095.9",UA80000000000093317,null,Україна,м. Київ,null,null,null,"ПОДІЛЬСЬКИЙ","КИРИЛІВСЬКА (ФРУНЗЕ)",xxx,null,null,Зареєстровано,"330615080000",null,null,"НЕЗАДОВІЛЬНИЙ",null,2024-09-27
6488-61130,null,null,"10.1265.9.003-Спортивний комплекс","ОКРЕМО СТОЯЧИЙ","СПОРТИВНИЙ КОМПЛЕКС",Київська міська рада,22883141,"КОМУНАЛЬНЕ ПІДПРИЄМСТВО ВИКОНАВЧОГО ОРГАНУ КИЇВСЬКОЇ МІСЬКОЇ РАДИ (КИЇВСЬКОЇ МІСЬКОЇ ДЕРЖАВНОЇ АДМІНІСТРАЦІЇ) ""СПОРТИВНИЙ КОМПЛЕКС""","03768026",null,null,"10.1265.9.003","Спортивний комплекс",кв. м.,"4095.9",UA80000000000093317,null,Україна,м. Київ,null,null,null,"ПОДІЛЬСЬКИЙ","КИРИЛІВСЬКА (ФРУНЗЕ)",xxx,null,null,Зареєстровано,"330615080000",null,null,"НЕЗАДОВІЛЬНИЙ",null,2024-09-27
6489-61130,null,null,"10.1265.9.003-Спортивний комплекс","ОКРЕМО СТОЯЧИЙ","СПОРТИВНИЙ КОМПЛЕКС",Київська міська рада,22883141,"КОМУНАЛЬНЕ ПІДПРИЄМСТВО ВИКОНАВЧОГО ОРГАНУ КИЇВСЬКОЇ МІСЬКОЇ РАДИ (КИЇВСЬКОЇ МІСЬКОЇ ДЕРЖАВНОЇ АДМІНІСТРАЦІЇ) ""СПОРТИВНИЙ КОМПЛЕКС""","03768026",null,null,"10.1265.9.003","Спортивний комплекс",кв. м.,"4095.9",UA80000000000093317,null,Україна,м. Київ,null,null,null,"ПОДІЛЬСЬКИЙ","КИРИЛІВСЬКА (ФРУНЗЕ)",xxx,null,null,Зареєстровано,"330615080000",null,null,"НЕЗАДОВІЛЬНИЙ",null,2024-09-27
6490-61130,null,null,"10.1265.9.003-Спортивний комплекс","ОКРЕМО СТОЯЧИЙ","СПОРТИВНИЙ КОМПЛЕКС",Київська міська рада,22883141,"КОМУНАЛЬНЕ ПІДПРИЄМСТВО ВИКОНАВЧОГО ОРГАНУ КИЇВСЬКОЇ МІСЬКОЇ РАДИ (КИЇВСЬКОЇ МІСЬКОЇ ДЕРЖАВНОЇ АДМІНІСТРАЦІЇ) ""СПОРТИВНИЙ КОМПЛЕКС""","03768026",null,null,"10.1265.9.003","Спортивний комплекс",кв. м.,"4095.9",UA80000000000093317,null,Україна,м. Київ,null,null,null,"ПОДІЛЬСЬКИЙ","КИРИЛІВСЬКА (ФРУНЗЕ)",xxx,null,null,Зареєстровано,"330615080000",null,null,"НЕЗАДОВІЛЬНИЙ",null,2024-09-27
6491-61130,null,null,"10.1265.9.003-Спортивний комплекс","ОКРЕМО СТОЯЧИЙ","СПОРТИВНИЙ КОМПЛЕКС",Київська міська рада,22883141,"КОМУНАЛЬНЕ ПІДПРИЄМСТВО ВИКОНАВЧОГО ОРГАНУ КИЇВСЬКОЇ МІСЬКОЇ РАДИ (КИЇВСЬКОЇ МІСЬКОЇ ДЕРЖАВНОЇ АДМІНІСТРАЦІЇ) ""СПОРТИВНИЙ КОМПЛЕКС""","03768026",null,null,"10.1265.9.003","Спортивний комплекс",кв. м.,"4095.9",UA80000000000093317,null,Україна,м. Київ,null,null,null,"ПОДІЛЬСЬКИЙ","КИРИЛІВСЬКА (ФРУНЗЕ)",xxx,null,null,Зареєстровано,"330615080000",null,null,"НЕЗАДОВІЛЬНИЙ",null,2024-09-27
6495-46071,null,"АДМІНІСТРАТИВНЕ","10.1220.10.023-Будівлі адміністративні","ПРИМІЩЕННЯ В Н/Б","АДМІНІСТРАТИВНЕ",Київська міська рада,22883141,"КОМУНАЛЬНЕ ПІДПРИЄМСТВО ""КИЇВЖИТЛОСПЕЦЕКСПЛУАТАЦІЯ""","03366500",null,null,"10.1220.10.023","Будівлі адміністративні",кв. м.,"2217.7",UA80000000000093317,"01001",Україна,м. Київ,null,null,null,"ШЕВЧЕНКІВСЬКИЙ","ШЕВЧЕНКА ТАРАСА БУЛЬВ.",xxx,null,null,Зареєстровано,"2124342680000",null,null,"ЗАДОВІЛЬНИЙ",null,2025-04-03
6496-46071,null,"АДМІНІСТРАТИВНЕ","10.1220.10.023-Будівлі адміністративні","ПРИМІЩЕННЯ В Н/Б","АДМІНІСТРАТИВНЕ",Київська міська рада,22883141,"КОМУНАЛЬНЕ ПІДПРИЄМСТВО ""КИЇВЖИТЛОСПЕЦЕКСПЛУАТАЦІЯ""","03366500",null,null,"10.1220.10.023","Будівлі адміністративні",кв. м.,"2217.7",UA80000000000093317,"01001",Україна,м. Київ,null,null,null,"ШЕВЧЕНКІВСЬКИЙ","ШЕВЧЕНКА ТАРАСА БУЛЬВ.",xxx,null,null,Зареєстровано,"2124342680000",null,null,"ЗАДОВІЛЬНИЙ",null,2025-04-03
6516-61670,null,"АДМІНІСТРАТИВНІ","10.1220.10.023-Будівлі адміністративні","ОКРЕМО СТОЯЧИЙ","АДМІНІСТРАТИВНО-ВИРОБНИЧЕ",Київська міська рада,22883141,"КОМУНАЛЬНЕ ПІДПРИЄМСТВО ""КЕРУЮЧА КОМПАНІЯ З ОБСЛУГОВУВАННЯ ЖИТЛОВОГО ФОНДУ СВЯТОШИНСЬКОГО РАЙОНУ М. КИЄВА""","39607507",null,null,"10.1220.10.023","Будівлі адміністративні",кв. м.,"465.15",UA80000000000093317,"03164",Україна,м. Київ,null,null,null,"СВЯТОШИНСЬКИЙ","ПІДЛІСНА",xxx,null,null,Зареєстровано,"230235448000",null,null,"ЗАДОВІЛЬНИЙ",null,2025-04-01
6520-61446,null,"НЕЖИТЛОВИЙ ФОНД (ОРЕНДА, ВІЛЬНІ, ВЛАСНІ ПОТРЕБИ)","10.6000.01-Приміщення в житлових будинках та спорудах","ПРИМІЩЕННЯ В Ж/Б",null,Київська міська рада,22883141,"КОМУНАЛЬНЕ ПІДПРИЄМСТВО КЕРУЮЧА КОМПАНІЯ З ОБСЛУГОВУВАННЯ ЖИТЛОВОГО ФОНДУ СОЛОМ'ЯНСЬКОГО РАЙОНУ М. КИЄВА","35756919",null,null,"10.6000.01","Приміщення в житлових будинках та спорудах",кв. м.,"16.0",UA80000000000093317,null,Україна,м. Київ,null,null,null,"СОЛОМ'ЯНСЬКИЙ","КАДЕТСЬКИЙ ГАЙ",xxx,null,null,Зареєстровано,"2565066780000",null,null,"ЗАДОВІЛЬНИЙ",null,2024-12-25
6526-44635,null,"НЕЖИТЛОВА БУДІВЛЯ ГОЛОВНОГО КОРПУСУ ЛІКАРНІ","10.1264-Будівлі лікарень та оздоровчих закладів","ОКРЕМО СТОЯЧИЙ","ЛІКУВАЛЬНЕ",Київська міська рада,22883141,"КОМУНАЛЬНЕ НЕКОМЕРЦІЙНЕ ПІДПРИЄМСТВО ""КИЇВСЬКА МІСЬКА КЛІНІЧНА ЛІКАРНЯ №12"" ВИКОНАВЧОГО ОРГАНУ КИЇВСЬКОЇ МІСЬКОЇ РАДИ (КИЇВСЬКОЇ МІСЬКОЇ ДЕРЖАВНОЇ АДМІНІСТРАЦІЇ)","25680639",null,null,"10.1264","Будівлі лікарень та оздоровчих закладів",кв. м.,"33412.5",UA80000000000093317,null,Україна,м. Київ,null,null,null,"ПЕЧЕРСЬКИЙ","ПІДВИСОЦЬКОГО ПРОФЕСОРА",xxx,null,null,Зареєстровано,"1507449580000",null,null,"ЗАДОВІЛЬНИЙ",null,2025-04-11
6531-45968,null,"АДМІНІСТРАТИВНЕ","10.1220.10.023-Будівлі адміністративні","ПРИМІЩЕННЯ В Н/Б","АДМІНІСТРАТИВНЕ",Київська міська рада,22883141,"КОМУНАЛЬНЕ ПІДПРИЄМСТВО ""КИЇВЖИТЛОСПЕЦЕКСПЛУАТАЦІЯ""","03366500",null,null,"10.1220.10.023","Будівлі адміністративні",кв. м.,"400.7",UA80000000000093317,null,Україна,м. Київ,null,null,null,"ГОЛОСІЇВСЬКИЙ","АНТОНОВИЧА (ГОРЬКОГО)",xxx,null,null,Зареєстровано,"2093381780000",null,null,"ЗАДОВІЛЬНИЙ",null,2025-04-03
6534-20907,null,"Нежитлова будівля головного корпусу №4,літ.""Б - 1""","10.1264-Будівлі лікарень та оздоровчих закладів","ОКРЕМО СТОЯЧИЙ","ЛІКУВАЛЬНЕ",Київська міська рада,22883141,"КОМУНАЛЬНЕ НЕКОМЕРЦІЙНЕ ПІДПРИЄМСТВО ""КИЇВСЬКА МІСЬКА КЛІНІЧНА ЛІКАРНЯ №6"" ВИКОНАВЧОГО ОРГАНУ КИЇВСЬКОЇ МІСЬКОЇ РАДИ (КИЇВСЬКОЇ МІСЬКОЇ ДЕРЖАВНОЇ АДМІНІСТРАЦІЇ)","25680355",null,null,"10.1264","Будівлі лікарень та оздоровчих закладів",кв. м.,"11616.1",UA80000000000093317,"03126",Україна,м. Київ,null,null,null,"СОЛОМ'ЯНСЬКИЙ","ЛЮБОМИРА ГУЗАРА (КОМАРОВА КОСМОНАВТА)",xxx,null,null,Зареєстровано,"1309604180000",null,null,"ЗАДОВІЛЬНИЙ",null,2025-05-29
6554-7948,null,"ШКОЛА 211","10.12-Будівлі (приміщення) нежитлові","ОКРЕМО СТОЯЧИЙ","ШКОЛА",Київська міська рада,22883141,"УПРАВЛІННЯ ОСВІТИ ОБОЛОНСЬКОЇ РАЙОННОЇ В МІСТІ КИЄВІ ДЕРЖАВНОЇ АДМІНІСТРАЦІЇ","37445442",null,null,"10.12","Будівлі (приміщення) нежитлові",кв. м.,"4245.4",UA80000000000093317,null,Україна,м. Київ,null,null,null,"ОБОЛОНСЬКИЙ","ЙОРДАНСЬКА (ГАВРО ЛАЙОША)",xxx,null,null,Зареєстровано,"1719343680000",null,null,"ЗАДОВІЛЬНИЙ",null,2025-06-13
6571-1129,null,"АДМІНІСТРАТИВНЕ","10.1220.10.023-Будівлі адміністративні","ПРИМІЩЕННЯ В Н/Б","АДМІНІСТРАТИВНЕ",Київська міська рада,22883141,"КОМУНАЛЬНЕ ПІДПРИЄМСТВО ""КИЇВЖИТЛОСПЕЦЕКСПЛУАТАЦІЯ""","03366500",null,null,"10.1220.10.023","Будівлі адміністративні",кв. м.,"1230.16",UA80000000000093317,"04071",Україна,м. Київ,null,null,null,"ПОДІЛЬСЬКИЙ","ОБОЛОНСЬКА",xxx,null,null,Невідомо,null,null,null,"ЗАДОВІЛЬНИЙ",null,2025-04-03
6574-45773,null,"ГОЛОВНИЙ КОРПУС з ПІДЗЕМНОЮ ГАЛЕРЕЄЮ (ЛІКАРНЯ НА 120 ЛІЖ. З ПОЛІКЛІНІКОЮ НА 150 ВІДВІДУВАНЬ)","10.1264.9-Будівлі закладів лікувально-профілактичних та оздоровчих інші","ОКРЕМО СТОЯЧИЙ","ЛІКАРНЯ",Київська міська рада,22883141,"КОМУНАЛЬНЕ НЕКОМЕРЦІЙНЕ ПІДПРИЄМСТВО ""ДИТЯЧА КЛІНІЧНА ЛІКАРНЯ №7 ПЕЧЕРСЬКОГО РАЙОНУ МІСТА КИЄВА""","01993842",null,null,"10.1264.9","Будівлі закладів лікувально-профілактичних та оздоровчих інші",кв. м.,"21419.3",UA80000000000093317,"01103",Україна,м. Київ,null,null,null,"ПЕЧЕРСЬКИЙ","ПІДВИСОЦЬКОГО ПРОФЕСОРА",xxx,null,null,Зареєстровано,"1257487980000",null,null,"ДОБРИЙ",null,2025-05-07
6575-45773,null,"ГОЛОВНИЙ КОРПУС з ПІДЗЕМНОЮ ГАЛЕРЕЄЮ (ЛІКАРНЯ НА 120 ЛІЖ. З ПОЛІКЛІНІКОЮ НА 150 ВІДВІДУВАНЬ)","10.1264.9-Будівлі закладів лікувально-профілактичних та оздоровчих інші","ОКРЕМО СТОЯЧИЙ","ЛІКАРНЯ",Київська міська рада,22883141,"КОМУНАЛЬНЕ НЕКОМЕРЦІЙНЕ ПІДПРИЄМСТВО ""ДИТЯЧА КЛІНІЧНА ЛІКАРНЯ №7 ПЕЧЕРСЬКОГО РАЙОНУ МІСТА КИЄВА""","01993842",null,null,"10.1264.9","Будівлі закладів лікувально-профілактичних та оздоровчих інші",кв. м.,"21419.3",UA80000000000093317,"01103",Україна,м. Київ,null,null,null,"ПЕЧЕРСЬКИЙ","ПІДВИСОЦЬКОГО ПРОФЕСОРА",xxx,null,null,Зареєстровано,"1257487980000",null,null,"ДОБРИЙ",null,2025-05-07
6581-61720,null,"НЕЖИТЛОВИЙ ФОНД (ОРЕНДА, ВІЛЬНІ, ВЛАСНІ ПОТРЕБИ)","10.6000.01-Приміщення в житлових будинках та спорудах","ПРИМІЩЕННЯ В Ж/Б",null,Київська міська рада,22883141,"КОМУНАЛЬНЕ ПІДПРИЄМСТВО КЕРУЮЧА КОМПАНІЯ З ОБСЛУГОВУВАННЯ ЖИТЛОВОГО ФОНДУ СОЛОМ'ЯНСЬКОГО РАЙОНУ М. КИЄВА","35756919",null,null,"10.6000.01","Приміщення в житлових будинках та спорудах",кв. м.,"24.8",UA80000000000093317,"2",Україна,м. Київ,null,null,null,"СОЛОМ'ЯНСЬКИЙ","ПОСТ-ВОЛИНСЬКА",xxx,null,null,Зареєстровано,"2584481680000",null,null,"ЗАДОВІЛЬНИЙ",null,2024-12-26
6583-1769,null,"Адміністративно-лабораторно-поліклінічний корпус","10.1264-Будівлі лікарень та оздоровчих закладів","ОКРЕМО СТОЯЧИЙ","АДМІНІСТРАТИВНО-ЛАБОРАТОРНЕ",Київська міська рада,22883141,"КОМУНАЛЬНЕ НЕКОМЕРЦІЙНЕ ПІДПРИЄМСТВО КИЇВСЬКА МІСЬКА КЛІНІЧНА ЛІКАРНЯ № 17 ВИКОНАВЧОГО ОРГАНУ КИЇВСЬКОЇ МІСЬКОЇ РАДИ (КИЇВСЬКОЇ МІСЬКОЇ ДЕРЖАВНОЇ АДМІНІСТРАЦІЇ)","03319759",null,null,"10.1264","Будівлі лікарень та оздоровчих закладів",кв. м.,"2732.2",UA80000000000093317,null,Україна,м. Київ,null,null,null,"ПЕЧЕРСЬКИЙ","ЛАБОРАТОРНИЙ ПРОВ.",xxx,null,null,Зареєстровано,"1508696180000",null,null,"ЗАДОВІЛЬНИЙ",null,2025-04-14
6584-61726,null,"НЕЖИТЛОВИЙ ФОНД (ОРЕНДА, ВІЛЬНІ, ВЛАСНІ ПОТРЕБИ)","10.6000.01-Приміщення в житлових будинках та спорудах","ПРИМІЩЕННЯ В Ж/Б",null,Київська міська рада,22883141,"КОМУНАЛЬНЕ ПІДПРИЄМСТВО КЕРУЮЧА КОМПАНІЯ З ОБСЛУГОВУВАННЯ ЖИТЛОВОГО ФОНДУ СОЛОМ'ЯНСЬКОГО РАЙОНУ М. КИЄВА","35756919",null,null,"10.6000.01","Приміщення в житлових будинках та спорудах",кв. м.,"26.8",UA80000000000093317,"03061",Україна,м. Київ,null,null,null,"СОЛОМ'ЯНСЬКИЙ","ШЕПЕЛЄВА МИКОЛИ",xxx,null,null,Зареєстровано,"1864080580000",null,null,"ЗАДОВІЛЬНИЙ",null,2025-01-08
6585-61747,null,"НЕЖИТЛОВИЙ ФОНД (ОРЕНДА, ВІЛЬНІ, ВЛАСНІ ПОТРЕБИ)","10.6000.01-Приміщення в житлових будинках та спорудах","ПРИМІЩЕННЯ В Ж/Б",null,Київська міська рада,22883141,"КОМУНАЛЬНЕ ПІДПРИЄМСТВО КЕРУЮЧА КОМПАНІЯ З ОБСЛУГОВУВАННЯ ЖИТЛОВОГО ФОНДУ СОЛОМ'ЯНСЬКОГО РАЙОНУ М. КИЄВА","35756919",null,null,"10.6000.01","Приміщення в житлових будинках та спорудах",кв. м.,"351.4",UA80000000000093317,"252061",Україна,м. Київ,null,null,null,"СОЛОМ'ЯНСЬКИЙ","ВІДРАДНИЙ ПРОСП.",xxx,null,null,Зареєстровано,"2582768680000",null,null,"ЗАДОВІЛЬНИЙ",null,2025-01-08
6591-48023,null,"вільне","10.12-Будівлі (приміщення) нежитлові","ПРИМІЩЕННЯ В Ж/Б","ІНШЕ",Київська міська рада,22883141,"КОМУНАЛЬНЕ ПІДПРИЄМСТВО ""КЕРУЮЧА КОМПАНІЯ З ОБСЛУГОВУВАННЯ ЖИТЛОВОГО ФОНДУ ПЕЧЕРСЬКОГО РАЙОНУ М.КИЄВА""","35692211",null,null,"10.12","Будівлі (приміщення) нежитлові",кв. м.,"3471.2",UA80000000000093317,null,Україна,м. Київ,null,null,null,"ПЕЧЕРСЬКИЙ","БУЛЬВАР МИКОЛИ МІХНОВСЬКОГО (БУЛЬВАР ДРУЖБИ НАРОДІВ)",xxx,null,null,Зареєстровано,"2442448480000",null,null,"ЗАДОВІЛЬНИЙ",null,2025-02-28
6592-48228,null,"творча майстерня, вільне, власні потреби","10.12-Будівлі (приміщення) нежитлові","ПРИМІЩЕННЯ В Ж/Б","ІНШЕ",Київська міська рада,22883141,"КОМУНАЛЬНЕ ПІДПРИЄМСТВО ""КЕРУЮЧА КОМПАНІЯ З ОБСЛУГОВУВАННЯ ЖИТЛОВОГО ФОНДУ ПЕЧЕРСЬКОГО РАЙОНУ М.КИЄВА""","35692211",null,null,"10.12","Будівлі (приміщення) нежитлові",кв. м.,"1066.5",UA80000000000093317,null,Україна,м. Київ,null,null,null,"ПЕЧЕРСЬКИЙ","ШОВКОВИЧНА",xxx,null,null,Зареєстровано,"1738822780000",null,null,"ЗАДОВІЛЬНИЙ",null,2025-03-11
6600-61430,null,"НЕЖИТЛОВИЙ ФОНД (ОРЕНДА, ВІЛЬНІ, ВЛАСНІ ПОТРЕБИ)","10.6000.01-Приміщення в житлових будинках та спорудах","ПРИМІЩЕННЯ В Ж/Б",null,Київська міська рада,22883141,"КОМУНАЛЬНЕ ПІДПРИЄМСТВО КЕРУЮЧА КОМПАНІЯ З ОБСЛУГОВУВАННЯ ЖИТЛОВОГО ФОНДУ СОЛОМ'ЯНСЬКОГО РАЙОНУ М. КИЄВА","35756919",null,null,"10.6000.01","Приміщення в житлових будинках та спорудах",кв. м.,"27.4",UA80000000000093317,null,Україна,м. Київ,null,null,null,"СОЛОМ'ЯНСЬКИЙ","УМАНСЬКА",xxx,null,null,Зареєстровано,"2577822880000",null,null,"ЗАДОВІЛЬНИЙ",null,2025-01-07
6601-61429,null,"НЕЖИТЛОВИЙ ФОНД (ОРЕНДА, ВІЛЬНІ, ВЛАСНІ ПОТРЕБИ)","10.6000.01-Приміщення в житлових будинках та спорудах","ПРИМІЩЕННЯ В Ж/Б",null,Київська міська рада,22883141,"КОМУНАЛЬНЕ ПІДПРИЄМСТВО КЕРУЮЧА КОМПАНІЯ З ОБСЛУГОВУВАННЯ ЖИТЛОВОГО ФОНДУ СОЛОМ'ЯНСЬКОГО РАЙОНУ М. КИЄВА","35756919",null,null,"10.6000.01","Приміщення в житлових будинках та спорудах",кв. м.,"63.1",UA80000000000093317,null,Україна,м. Київ,null,null,null,"СОЛОМ'ЯНСЬКИЙ","УМАНСЬКА",xxx,null,null,Зареєстровано,"2884578580000",null,null,"ЗАДОВІЛЬНИЙ",null,2025-01-07
6602-20139,null,"НЕЖИТЛОВИЙ ФОНД (ОРЕНДА, ВЛАСНІ ПОТРЕБИ, ВІЛЬНІ)","10.12-Будівлі (приміщення) нежитлові","ПРИМІЩЕННЯ В Ж/Б","АДМІНІСТРАТИВНЕ",Київська міська рада,22883141,"КОМУНАЛЬНЕ ПІДПРИЄМСТВО КЕРУЮЧА КОМПАНІЯ З ОБСЛУГОВУВАННЯ ЖИТЛОВОГО ФОНДУ СОЛОМ'ЯНСЬКОГО РАЙОНУ М. КИЄВА","35756919",null,null,"10.12","Будівлі (приміщення) нежитлові",кв. м.,"221.6",UA80000000000093317,null,Україна,м. Київ,null,null,null,"СОЛОМ'ЯНСЬКИЙ","УМАНСЬКА",xxx,null,null,Зареєстровано,"25559186800000",null,null,"ЗАДОВІЛЬНИЙ",null,2025-01-07
6604-61401,null,"НЕЖИТЛОВИЙ ФОНД (ОРЕНДА, ВІЛЬНІ, ВЛАСНІ ПОТРЕБИ)","10.6000.01-Приміщення в житлових будинках та спорудах","ПРИМІЩЕННЯ В Ж/Б",null,Київська міська рада,22883141,"КОМУНАЛЬНЕ ПІДПРИЄМСТВО КЕРУЮЧА КОМПАНІЯ З ОБСЛУГОВУВАННЯ ЖИТЛОВОГО ФОНДУ СОЛОМ'ЯНСЬКОГО РАЙОНУ М. КИЄВА","35756919",null,null,"10.6000.01","Приміщення в житлових будинках та спорудах",кв. м.,"82.3",UA80000000000093317,null,Україна,м. Київ,null,null,null,"СОЛОМ'ЯНСЬКИЙ"," ПОВІТРЯНИХ СИЛ ПРОСПЕКТ (ПОВІТРОФЛОТСЬКИЙ ПРОСПЕКТ)",xxx,null,null,Зареєстровано,"2551566580000",null,null,"ЗАДОВІЛЬНИЙ",null,2025-01-08
6614-61833,null,"НЕЖИТЛОВИЙ ФОНД (ОРЕНДА, ВІЛЬНІ, ВЛАСНІ ПОТРЕБИ)","10.6000.01-Приміщення в житлових будинках та спорудах","ПРИМІЩЕННЯ В Ж/Б",null,Київська міська рада,22883141,"КОМУНАЛЬНЕ ПІДПРИЄМСТВО КЕРУЮЧА КОМПАНІЯ З ОБСЛУГОВУВАННЯ ЖИТЛОВОГО ФОНДУ СОЛОМ'ЯНСЬКОГО РАЙОНУ М. КИЄВА","35756919",null,null,"10.6000.01","Приміщення в житлових будинках та спорудах",кв. м.,"67.7",UA80000000000093317,"252056",Україна,м. Київ,null,null,null,"СОЛОМ'ЯНСЬКИЙ","ОЛЕКСИ ТИХОГО (ВИБОРЗЬКА)",xxx,null,null,Зареєстровано,"2522367880000",null,null,"ЗАДОВІЛЬНИЙ",null,2025-01-07
6618-61807,null,"НЕЖИТЛОВИЙ ФОНД (ОРЕНДА, ВІЛЬНІ, ВЛАСНІ ПОТРЕБИ)","10.6000.01-Приміщення в житлових будинках та спорудах","ПРИМІЩЕННЯ В Ж/Б",null,Київська міська рада,22883141,"КОМУНАЛЬНЕ ПІДПРИЄМСТВО КЕРУЮЧА КОМПАНІЯ З ОБСЛУГОВУВАННЯ ЖИТЛОВОГО ФОНДУ СОЛОМ'ЯНСЬКОГО РАЙОНУ М. КИЄВА","35756919",null,null,"10.6000.01","Приміщення в житлових будинках та спорудах",кв. м.,"6.2",UA80000000000093317,null,Україна,м. Київ,null,null,null,"СОЛОМ'ЯНСЬКИЙ","ГАВЕЛА ВАЦЛАВА (ЛЕПСЕ ІВАНА БУЛЬВ.)",xxx,null,null,Зареєстровано,"2873690780000",null,null,"ЗАДОВІЛЬНИЙ",null,2025-04-24
6632-48912,null,"АДМІНІСТРАТИВНО-ВИРОБНИЧЕ","10.112-Будинки з двома та більше квартирами","ПРИМІЩЕННЯ В Ж/Б","АДМІНІСТРАТИВНО-ВИРОБНИЧЕ",Київська міська рада,22883141,"КОМУНАЛЬНЕ ПІДПРИЄМСТВО ""КЕРУЮЧА КОМПАНІЯ З ОБСЛУГОВУВАННЯ ЖИТЛОВОГО ФОНДУ СВЯТОШИНСЬКОГО РАЙОНУ М. КИЄВА""","39607507",null,null,"10.112","Будинки з двома та більше квартирами",кв. м.,"6870.3",UA80000000000093317,"03148",Україна,м. Київ,null,null,null,"СВЯТОШИНСЬКИЙ","КУРБАСА ЛЕСЯ ПРОСП.",xxx,null,null,Зареєстровано,"1499625880000",null,null,"ЗАДОВІЛЬНИЙ",null,2025-04-01
6633-61815,null,"НЕЖИТЛОВИЙ ФОНД (ОРЕНДА, ВІЛЬНІ, ВЛАСНІ ПОТРЕБИ)","10.6000.01-Приміщення в житлових будинках та спорудах","ПРИМІЩЕННЯ В Ж/Б",null,Київська міська рада,22883141,"КОМУНАЛЬНЕ ПІДПРИЄМСТВО КЕРУЮЧА КОМПАНІЯ З ОБСЛУГОВУВАННЯ ЖИТЛОВОГО ФОНДУ СОЛОМ'ЯНСЬКОГО РАЙОНУ М. КИЄВА","35756919",null,null,"10.6000.01","Приміщення в житлових будинках та спорудах",кв. м.,"36.9",UA80000000000093317,"252056",Україна,м. Київ,null,null,null,"СОЛОМ'ЯНСЬКИЙ","ОЛЕКСИ ТИХОГО (ВИБОРЗЬКА)",xxx,null,null,Зареєстровано,"1309661480000",null,null,"ЗАДОВІЛЬНИЙ",null,2025-01-07
6636-46195,null,"ЖИЛИЙ БУДИНОК","10.1220.10.023-Будівлі адміністративні","ОКРЕМО СТОЯЧИЙ","ЖИЛИЙ БУДИНОК",Київська міська рада,22883141,"КОМУНАЛЬНЕ ПІДПРИЄМСТВО ""КИЇВЖИТЛОСПЕЦЕКСПЛУАТАЦІЯ""","03366500",null,null,"10.1220.10.023","Будівлі адміністративні",кв. м.,"343.1",UA80000000000093317,"252039",Україна,м. Київ,null,null,null,"ГОЛОСІЇВСЬКИЙ","ЛУЖЕВСЬКОГО РУСЛАНА (ЧЕРВОНОАРМІЙСЬКИЙ ПРОВ.)",xxx,null,null,Невідомо,null,null,null,"НЕЗАДОВІЛЬНИЙ",null,2025-04-03
6637-61792,null,"НЕЖИТЛОВИЙ ФОНД (ОРЕНДА, ВІЛЬНІ, ВЛАСНІ ПОТРЕБИ)","10.6000.01-Приміщення в житлових будинках та спорудах","ПРИМІЩЕННЯ В Ж/Б",null,Київська міська рада,22883141,"КОМУНАЛЬНЕ ПІДПРИЄМСТВО КЕРУЮЧА КОМПАНІЯ З ОБСЛУГОВУВАННЯ ЖИТЛОВОГО ФОНДУ СОЛОМ'ЯНСЬКОГО РАЙОНУ М. КИЄВА","35756919",null,null,"10.6000.01","Приміщення в житлових будинках та спорудах",кв. м.,"391.2",UA80000000000093317,"252124",Україна,м. Київ,null,null,null,"СОЛОМ'ЯНСЬКИЙ","АКАДЕМІКА ШАЛІМОВА (ГЕРОЇВ СЕВАСТОПОЛЯ)",xxx,null,null,Зареєстровано,"2577733580000",null,null,"ЗАДОВІЛЬНИЙ",null,2024-12-24
6638-61797,null,"НЕЖИТЛОВИЙ ФОНД (ОРЕНДА, ВІЛЬНІ, ВЛАСНІ ПОТРЕБИ)","10.6000.01-Приміщення в житлових будинках та спорудах","ПРИМІЩЕННЯ В Ж/Б",null,Київська міська рада,22883141,"КОМУНАЛЬНЕ ПІДПРИЄМСТВО КЕРУЮЧА КОМПАНІЯ З ОБСЛУГОВУВАННЯ ЖИТЛОВОГО ФОНДУ СОЛОМ'ЯНСЬКОГО РАЙОНУ М. КИЄВА","35756919",null,null,"10.6000.01","Приміщення в житлових будинках та спорудах",кв. м.,"388.5",UA80000000000093317,"252124",Україна,м. Київ,null,null,null,"СОЛОМ'ЯНСЬКИЙ","АКАДЕМІКА ШАЛІМОВА (ГЕРОЇВ СЕВАСТОПОЛЯ)",xxx,null,null,Зареєстровано,"2577733580000",null,null,"ЗАДОВІЛЬНИЙ",null,2024-12-24
6639-48098,null,"вільне","10.12-Будівлі (приміщення) нежитлові","ПРИМІЩЕННЯ В Ж/Б","ІНШЕ",Київська міська рада,22883141,"КОМУНАЛЬНЕ ПІДПРИЄМСТВО ""КЕРУЮЧА КОМПАНІЯ З ОБСЛУГОВУВАННЯ ЖИТЛОВОГО ФОНДУ ПЕЧЕРСЬКОГО РАЙОНУ М.КИЄВА""","35692211",null,null,"10.12","Будівлі (приміщення) нежитлові",кв. м.,"1936.1",UA80000000000093317,null,Україна,м. Київ,null,null,null,"ПЕЧЕРСЬКИЙ","КОПИЛЕНКА ОЛЕКСАНДРА",xxx,null,null,Зареєстровано,"2222256580000",null,null,"ЗАДОВІЛЬНИЙ",null,2025-02-28
6644-49837,null,"АДМІНІСТРАТИВНЕ","10.6000.01.001-Приміщення основні","ПРИМІЩЕННЯ В Ж/Б","АДМІНІСТРАТИВНЕ",Київська міська рада,22883141,"КОМУНАЛЬНЕ ПІДПРИЄМСТВО ""КЕРУЮЧА КОМПАНІЯ З ОБСЛУГОВУВАННЯ ЖИТЛОВОГО ФОНДУ ГОЛОСІЇВСЬКОГО РАЙОНУ М.КИЄВА""","32375554",null,null,"10.6000.01.001","Приміщення основні",кв. м.,"5239.1",UA80000000000093317,"01032",Україна,м. Київ,null,null,null,"ГОЛОСІЇВСЬКИЙ","САКСАГАНСЬКОГО",xxx,null,null,Зареєстровано,"1213191780000",null,null,"ЗАДОВІЛЬНИЙ",null,2025-04-14
6646-61908,null,"НЕЖИТЛОВИЙ ФОНД (ОРЕНДА, ВІЛЬНІ, ВЛАСНІ ПОТРЕБИ)","10.6000.01-Приміщення в житлових будинках та спорудах","ПРИМІЩЕННЯ В Ж/Б",null,Київська міська рада,22883141,"КОМУНАЛЬНЕ ПІДПРИЄМСТВО КЕРУЮЧА КОМПАНІЯ З ОБСЛУГОВУВАННЯ ЖИТЛОВОГО ФОНДУ СОЛОМ'ЯНСЬКОГО РАЙОНУ М. КИЄВА","35756919",null,null,"10.6000.01","Приміщення в житлових будинках та спорудах",кв. м.,"27.7",UA80000000000093317,null,Україна,м. Київ,null,null,null,"СОЛОМ'ЯНСЬКИЙ","ГАРМАТНА",xxx,null,null,Зареєстровано,"2583306580000",null,null,"ЗАДОВІЛЬНИЙ",null,2024-12-25
6648-1767,null,"Корпус №2","10.1264-Будівлі лікарень та оздоровчих закладів","ОКРЕМО СТОЯЧИЙ","ЛІКУВАЛЬНЕ",Київська міська рада,22883141,"КОМУНАЛЬНЕ НЕКОМЕРЦІЙНЕ ПІДПРИЄМСТВО КИЇВСЬКА МІСЬКА КЛІНІЧНА ЛІКАРНЯ № 17 ВИКОНАВЧОГО ОРГАНУ КИЇВСЬКОЇ МІСЬКОЇ РАДИ (КИЇВСЬКОЇ МІСЬКОЇ ДЕРЖАВНОЇ АДМІНІСТРАЦІЇ)","03319759",null,null,"10.1264","Будівлі лікарень та оздоровчих закладів",кв. м.,"1726.2",UA80000000000093317,null,Україна,м. Київ,null,null,null,"ПЕЧЕРСЬКИЙ","ЛАБОРАТОРНИЙ ПРОВ.",xxx,null,null,Зареєстровано,"1508715180000",null,null,"ЗАДОВІЛЬНИЙ",null,2025-04-14
6649-1768,null,"Корпус №3","10.1264-Будівлі лікарень та оздоровчих закладів","ОКРЕМО СТОЯЧИЙ","ЛІКУВАЛЬНЕ",Київська міська рада,22883141,"КОМУНАЛЬНЕ НЕКОМЕРЦІЙНЕ ПІДПРИЄМСТВО КИЇВСЬКА МІСЬКА КЛІНІЧНА ЛІКАРНЯ № 17 ВИКОНАВЧОГО ОРГАНУ КИЇВСЬКОЇ МІСЬКОЇ РАДИ (КИЇВСЬКОЇ МІСЬКОЇ ДЕРЖАВНОЇ АДМІНІСТРАЦІЇ)","03319759",null,null,"10.1264","Будівлі лікарень та оздоровчих закладів",кв. м.,"2230.2",UA80000000000093317,null,Україна,м. Київ,null,null,null,"ПЕЧЕРСЬКИЙ","ЛАБОРАТОРНИЙ ПРОВ.",xxx,null,null,Зареєстровано,"1508683780000",null,null,"ПОТРЕБУЄ РЕМОНТУ",null,2025-04-14
6650-1768,null,"Корпус №3","10.1264-Будівлі лікарень та оздоровчих закладів","ОКРЕМО СТОЯЧИЙ","ЛІКУВАЛЬНЕ",Київська міська рада,22883141,"КОМУНАЛЬНЕ НЕКОМЕРЦІЙНЕ ПІДПРИЄМСТВО КИЇВСЬКА МІСЬКА КЛІНІЧНА ЛІКАРНЯ № 17 ВИКОНАВЧОГО ОРГАНУ КИЇВСЬКОЇ МІСЬКОЇ РАДИ (КИЇВСЬКОЇ МІСЬКОЇ ДЕРЖАВНОЇ АДМІНІСТРАЦІЇ)","03319759",null,null,"10.1264","Будівлі лікарень та оздоровчих закладів",кв. м.,"2230.2",UA80000000000093317,null,Україна,м. Київ,null,null,null,"ПЕЧЕРСЬКИЙ","ЛАБОРАТОРНИЙ ПРОВ.",xxx,null,null,Зареєстровано,"1508683780000",null,null,"ПОТРЕБУЄ РЕМОНТУ",null,2025-04-14
6651-1769,null,"Адміністративно-лабораторно-поліклінічний корпус","10.1264-Будівлі лікарень та оздоровчих закладів","ОКРЕМО СТОЯЧИЙ","АДМІНІСТРАТИВНО-ЛАБОРАТОРНЕ",Київська міська рада,22883141,"КОМУНАЛЬНЕ НЕКОМЕРЦІЙНЕ ПІДПРИЄМСТВО КИЇВСЬКА МІСЬКА КЛІНІЧНА ЛІКАРНЯ № 17 ВИКОНАВЧОГО ОРГАНУ КИЇВСЬКОЇ МІСЬКОЇ РАДИ (КИЇВСЬКОЇ МІСЬКОЇ ДЕРЖАВНОЇ АДМІНІСТРАЦІЇ)","03319759",null,null,"10.1264","Будівлі лікарень та оздоровчих закладів",кв. м.,"2732.2",UA80000000000093317,null,Україна,м. Київ,null,null,null,"ПЕЧЕРСЬКИЙ","ЛАБОРАТОРНИЙ ПРОВ.",xxx,null,null,Зареєстровано,"1508696180000",null,null,"ЗАДОВІЛЬНИЙ",null,2025-04-14
6652-1769,null,"Адміністративно-лабораторно-поліклінічний корпус","10.1264-Будівлі лікарень та оздоровчих закладів","ОКРЕМО СТОЯЧИЙ","АДМІНІСТРАТИВНО-ЛАБОРАТОРНЕ",Київська міська рада,22883141,"КОМУНАЛЬНЕ НЕКОМЕРЦІЙНЕ ПІДПРИЄМСТВО КИЇВСЬКА МІСЬКА КЛІНІЧНА ЛІКАРНЯ № 17 ВИКОНАВЧОГО ОРГАНУ КИЇВСЬКОЇ МІСЬКОЇ РАДИ (КИЇВСЬКОЇ МІСЬКОЇ ДЕРЖАВНОЇ АДМІНІСТРАЦІЇ)","03319759",null,null,"10.1264","Будівлі лікарень та оздоровчих закладів",кв. м.,"2732.2",UA80000000000093317,null,Україна,м. Київ,null,null,null,"ПЕЧЕРСЬКИЙ","ЛАБОРАТОРНИЙ ПРОВ.",xxx,null,null,Зареєстровано,"1508696180000",null,null,"ЗАДОВІЛЬНИЙ",null,2025-04-14
6653-1769,null,"Адміністративно-лабораторно-поліклінічний корпус","10.1264-Будівлі лікарень та оздоровчих закладів","ОКРЕМО СТОЯЧИЙ","АДМІНІСТРАТИВНО-ЛАБОРАТОРНЕ",Київська міська рада,22883141,"КОМУНАЛЬНЕ НЕКОМЕРЦІЙНЕ ПІДПРИЄМСТВО КИЇВСЬКА МІСЬКА КЛІНІЧНА ЛІКАРНЯ № 17 ВИКОНАВЧОГО ОРГАНУ КИЇВСЬКОЇ МІСЬКОЇ РАДИ (КИЇВСЬКОЇ МІСЬКОЇ ДЕРЖАВНОЇ АДМІНІСТРАЦІЇ)","03319759",null,null,"10.1264","Будівлі лікарень та оздоровчих закладів",кв. м.,"2732.2",UA80000000000093317,null,Україна,м. Київ,null,null,null,"ПЕЧЕРСЬКИЙ","ЛАБОРАТОРНИЙ ПРОВ.",xxx,null,null,Зареєстровано,"1508696180000",null,null,"ЗАДОВІЛЬНИЙ",null,2025-04-14
6654-1769,null,"Адміністративно-лабораторно-поліклінічний корпус","10.1264-Будівлі лікарень та оздоровчих закладів","ОКРЕМО СТОЯЧИЙ","АДМІНІСТРАТИВНО-ЛАБОРАТОРНЕ",Київська міська рада,22883141,"КОМУНАЛЬНЕ НЕКОМЕРЦІЙНЕ ПІДПРИЄМСТВО КИЇВСЬКА МІСЬКА КЛІНІЧНА ЛІКАРНЯ № 17 ВИКОНАВЧОГО ОРГАНУ КИЇВСЬКОЇ МІСЬКОЇ РАДИ (КИЇВСЬКОЇ МІСЬКОЇ ДЕРЖАВНОЇ АДМІНІСТРАЦІЇ)","03319759",null,null,"10.1264","Будівлі лікарень та оздоровчих закладів",кв. м.,"2732.2",UA80000000000093317,null,Україна,м. Київ,null,null,null,"ПЕЧЕРСЬКИЙ","ЛАБОРАТОРНИЙ ПРОВ.",xxx,null,null,Зареєстровано,"1508696180000",null,null,"ЗАДОВІЛЬНИЙ",null,2025-04-14
6655-49348,null,"АДМІНІСТРАТИВНЕ","10.11-Будівлі житлові","ПРИМІЩЕННЯ В Ж/Б","АДМІНІСТРАТИВНЕ",Київська міська рада,22883141,"КОМУНАЛЬНЕ ПІДПРИЄМСТВО ""КЕРУЮЧА КОМПАНІЯ З ОБСЛУГОВУВАННЯ ЖИТЛОВОГО ФОНДУ ПОДІЛЬСЬКОГО РАЙОНУ М.КИЄВА""","39609111",null,null,"10.11","Будівлі житлові",кв. м.,"72.5",UA80000000000093317,"252171",Україна,м. Київ,null,null,null,"ПОДІЛЬСЬКИЙ","НИЖНІЙ ВАЛ",xxx,null,null,Зареєстровано,"1631589080000",null,null,"ЗАДОВІЛЬНИЙ",null,2025-01-12
6658-1767,null,"Корпус №2","10.1264-Будівлі лікарень та оздоровчих закладів","ОКРЕМО СТОЯЧИЙ","ЛІКУВАЛЬНЕ",Київська міська рада,22883141,"КОМУНАЛЬНЕ НЕКОМЕРЦІЙНЕ ПІДПРИЄМСТВО КИЇВСЬКА МІСЬКА КЛІНІЧНА ЛІКАРНЯ № 17 ВИКОНАВЧОГО ОРГАНУ КИЇВСЬКОЇ МІСЬКОЇ РАДИ (КИЇВСЬКОЇ МІСЬКОЇ ДЕРЖАВНОЇ АДМІНІСТРАЦІЇ)","03319759",null,null,"10.1264","Будівлі лікарень та оздоровчих закладів",кв. м.,"1726.2",UA80000000000093317,null,Україна,м. Київ,null,null,null,"ПЕЧЕРСЬКИЙ","ЛАБОРАТОРНИЙ ПРОВ.",xxx,null,null,Зареєстровано,"1508715180000",null,null,"ЗАДОВІЛЬНИЙ",null,2025-04-14
6659-1768,null,"Корпус №3","10.1264-Будівлі лікарень та оздоровчих закладів","ОКРЕМО СТОЯЧИЙ","ЛІКУВАЛЬНЕ",Київська міська рада,22883141,"КОМУНАЛЬНЕ НЕКОМЕРЦІЙНЕ ПІДПРИЄМСТВО КИЇВСЬКА МІСЬКА КЛІНІЧНА ЛІКАРНЯ № 17 ВИКОНАВЧОГО ОРГАНУ КИЇВСЬКОЇ МІСЬКОЇ РАДИ (КИЇВСЬКОЇ МІСЬКОЇ ДЕРЖАВНОЇ АДМІНІСТРАЦІЇ)","03319759",null,null,"10.1264","Будівлі лікарень та оздоровчих закладів",кв. м.,"2230.2",UA80000000000093317,null,Україна,м. Київ,null,null,null,"ПЕЧЕРСЬКИЙ","ЛАБОРАТОРНИЙ ПРОВ.",xxx,null,null,Зареєстровано,"1508683780000",null,null,"ПОТРЕБУЄ РЕМОНТУ",null,2025-04-14
6664-14607,null,"НЕЖИТЛОВИЙ ФОНД (ОРЕНДА, ВЛАСНІ ПОТРЕБИ, ВІЛЬНІ)","10.12-Будівлі (приміщення) нежитлові","ПРИМІЩЕННЯ В Ж/Б","АДМІНІСТРАТИВНЕ",Київська міська рада,22883141,"КОМУНАЛЬНЕ ПІДПРИЄМСТВО КЕРУЮЧА КОМПАНІЯ З ОБСЛУГОВУВАННЯ ЖИТЛОВОГО ФОНДУ СОЛОМ'ЯНСЬКОГО РАЙОНУ М. КИЄВА","35756919",null,null,"10.12","Будівлі (приміщення) нежитлові",кв. м.,"107.4",UA80000000000093317,null,Україна,м. Київ,null,null,null,"СОЛОМ'ЯНСЬКИЙ","ОЛЕКСИ ТИХОГО (ВИБОРЗЬКА)",xxx,null,null,Зареєстровано,"2039141280000",null,null,"ЗАДОВІЛЬНИЙ",null,2025-01-07
6672-28136,null,"вільне",null,"ПРИМІЩЕННЯ В Ж/Б",null,Київська міська рада,22883141,"КОМУНАЛЬНЕ ПІДПРИЄМСТВО ""КЕРУЮЧА КОМПАНІЯ З ОБСЛУГОВУВАННЯ ЖИТЛОВОГО ФОНДУ ШЕВЧЕНКІВСЬКОГО РАЙОНУ М.КИЄВА""","34966254",null,null,null,null,кв. м.,"872.68",UA80000000000093317,null,Україна,м. Київ,null,null,null,"ШЕВЧЕНКІВСЬКИЙ","ПРОВІАНТСЬКА (ТИМОФЄЄВОЇ ГАЛІ)",xxx,null,null,Зареєстровано,"1047508180000",null,null,"ЗАДОВІЛЬНИЙ",null,2024-10-29
6673-57642,null,null,"10.12-Будівлі (приміщення) нежитлові","ОКРЕМО СТОЯЧИЙ","АДМІНІСТРАТИВНЕ",Київська міська рада,22883141,"КОМУНАЛЬНЕ НЕКОМЕРЦІЙНЕ ПІДПРИЄМСТВО ЛАБОРАТОРНИЙ ЦЕНТР ВИКОНАВЧОГО ОРГАНУ КИЇВСЬКОЇ МІСЬКОЇ РАДИ (КИЇВСЬКОЇ МІСЬКОЇ ДЕРЖАВНОЇ АДМІНІСТРАЦІЇ)","41792525",null,null,"10.12","Будівлі (приміщення) нежитлові",кв. м.,"336.0",UA80000000000093317,"03053",Україна,м. Київ,null,null,null,"ШЕВЧЕНКІВСЬКИЙ","НЕКРАСОВСЬКА",xxx,null,null,Невідомо,null,null,null,"ЗАДОВІЛЬНИЙ",null,2024-08-20
6709-45914,null,"АДМІНІСТРАТИВНЕ","10.1220.10.023-Будівлі адміністративні","ОКРЕМО СТОЯЧИЙ","АДМІНІСТРАТИВНЕ",Київська міська рада,22883141,"КОМУНАЛЬНЕ ПІДПРИЄМСТВО ""КИЇВЖИТЛОСПЕЦЕКСПЛУАТАЦІЯ""","03366500",null,null,"10.1220.10.023","Будівлі адміністративні",кв. м.,"788.5",UA80000000000093317,null,Україна,м. Київ,null,null,null,"СВЯТОШИНСЬКИЙ","ПІДЛІСНА",xxx,null,null,Невідомо,null,null,null,"ЗАДОВІЛЬНИЙ",null,2025-04-28
6710-52706,null,"ЛІКУВАЛЬНИЙ КОРПУС (СТАРИЙ)","10.1-БУДІВЛІ","ОКРЕМО СТОЯЧИЙ","ЛІКУВАЛЬНЕ",Київська міська рада,22883141,"КОМУНАЛЬНЕ НЕКОМЕРЦІЙНЕ ПІДПРИЄМСТВО КИЇВСЬКИЙ МІСЬКИЙ МЕДИЧНИЙ ЦЕНТР АКАДЕМІЯ ЗДОРОВ'Я ЛЮДИНИ ВИКОНАВЧОГО ОРГАНУ КИЇВСЬКОЇ МІСЬКОЇ РАДИ (КИЇВСЬКОЇ МІСЬКОЇ ДЕРЖАВНОЇ АДМІНІСТРАЦІЇ)","40032148",null,null,"10.1","БУДІВЛІ",кв. м.,"7141.4",UA80000000000093317,"02091",Україна,м. Київ,null,null,null,"ДАРНИЦЬКИЙ","ХАРКІВСЬКЕ ШОСЕ",xxx,null,null,Зареєстровано,"1370643180000",null,null,"ЗАДОВІЛЬНИЙ",null,2025-04-04
6713-17036,null,"нежитлове приміщення (гараж літ.А)","10.1242.10.001-Гаражі цегляні","ОКРЕМО СТОЯЧИЙ",null,Київська міська рада,22883141,"КОМУНАЛЬНЕ ПІДПРИЄМСТВО ""КЕРУЮЧА КОМПАНІЯ З ОБСЛУГОВУВАННЯ ЖИТЛОВОГО ФОНДУ ШЕВЧЕНКІВСЬКОГО РАЙОНУ М.КИЄВА""","34966254",null,null,"10.1242.10.001","Гаражі цегляні",кв. м.,"0.0",UA80000000000093317,null,Україна,м. Київ,null,null,null,"ШЕВЧЕНКІВСЬКИЙ","ГОНЧАРА ОЛЕСЯ",xxx,null,null,Зареєстровано,"2929138480000",null,null,"ЗАДОВІЛЬНИЙ",null,2024-11-14
6735-51969,null,null,"10.1220.10.023-Будівлі адміністративні","ОКРЕМО СТОЯЧИЙ","АДМІНІСТРАТИВНЕ",Київська міська рада,22883141,"КОМУНАЛЬНЕ ПІДПРИЄМСТВО ""КЕРУЮЧА КОМПАНІЯ З ОБСЛУГОВУВАННЯ ЖИТЛОВОГО ФОНДУ ДЕСНЯНСЬКОГО РАЙОНУ М.КИЄВА""","39605452",null,null,"10.1220.10.023","Будівлі адміністративні",кв. м.,"1578.9",UA80000000000093317,"02222",Україна,м. Київ,null,null,null,"ДЕСНЯНСЬКИЙ","СЕРЖА ЛИФАРЯ (САБУРОВА ОЛЕКСАНДРА)",xxx,null,null,Зареєстровано,"2749562980000",null,null,"ЗАДОВІЛЬНИЙ",null,2025-01-13
6760-14743,null,null,"10.6000.02.001-Багатофункціональні нежитлові приміщення","ПРИМІЩЕННЯ В Ж/Б",null,Київська міська рада,22883141,"КОМУНАЛЬНЕ ПІДПРИЄМСТВО ""КЕРУЮЧА КОМПАНІЯ З ОБСЛУГОВУВАННЯ ЖИТЛОВОГО ФОНДУ ШЕВЧЕНКІВСЬКОГО РАЙОНУ М.КИЄВА""","34966254",null,null,"10.6000.02.001","Багатофункціональні нежитлові приміщення",кв. м.,"4627.56",UA80000000000093317,null,Україна,м. Київ,null,null,null,"ШЕВЧЕНКІВСЬКИЙ","ЯРОСЛАВІВ ВАЛ",xxx,null,null,Невідомо,null,null,null,"ЗАДОВІЛЬНИЙ",null,2025-01-09
6761-14743,null,null,"10.6000.02.001-Багатофункціональні нежитлові приміщення","ПРИМІЩЕННЯ В Ж/Б",null,Київська міська рада,22883141,"КОМУНАЛЬНЕ ПІДПРИЄМСТВО ""КЕРУЮЧА КОМПАНІЯ З ОБСЛУГОВУВАННЯ ЖИТЛОВОГО ФОНДУ ШЕВЧЕНКІВСЬКОГО РАЙОНУ М.КИЄВА""","34966254",null,null,"10.6000.02.001","Багатофункціональні нежитлові приміщення",кв. м.,"4627.56",UA80000000000093317,null,Україна,м. Київ,null,null,null,"ШЕВЧЕНКІВСЬКИЙ","ЯРОСЛАВІВ ВАЛ",xxx,null,null,Невідомо,null,null,null,"ЗАДОВІЛЬНИЙ",null,2025-01-09
6779-2059,null,"ЛІКУВАЛЬНИЙ КОРПУС","10.1264.2-Будівлі лікувально-профілактичні","ОКРЕМО СТОЯЧИЙ","ЛІКУВАЛЬНЕ",Київська міська рада,22883141,"КОМУНАЛЬНЕ НЕКОМЕРЦІЙНЕ ПІДПРИЄМСТВО КЛІНІЧНИЙ ЗАКЛАД З НАДАННЯ ПСИХІАТРИЧНОЇ ДОПОМОГИ ПСИХІАТРІЯ ВИКОНАВЧОГО ОРГАНУ КИЇВСЬКОЇ МІСЬКОЇ РАДИ (КИЇВСЬКОЇ МІСЬКОЇ ДЕРЖАВНОЇ АДМІНІСТРАЦІЇ)","01994072",null,null,"10.1264.2","Будівлі лікувально-профілактичні",кв. м.,"5848.3",UA80000000000093317,"04080",Україна,м. Київ,null,null,null,"ПОДІЛЬСЬКИЙ","КИРИЛІВСЬКА (ФРУНЗЕ)",xxx,null,null,Зареєстровано,"1443879180000",null,null,"РЕКОНСТРУКЦІЯ",null,2025-04-15
6780-2059,null,"ЛІКУВАЛЬНИЙ КОРПУС","10.1264.2-Будівлі лікувально-профілактичні","ОКРЕМО СТОЯЧИЙ","ЛІКУВАЛЬНЕ",Київська міська рада,22883141,"КОМУНАЛЬНЕ НЕКОМЕРЦІЙНЕ ПІДПРИЄМСТВО КЛІНІЧНИЙ ЗАКЛАД З НАДАННЯ ПСИХІАТРИЧНОЇ ДОПОМОГИ ПСИХІАТРІЯ ВИКОНАВЧОГО ОРГАНУ КИЇВСЬКОЇ МІСЬКОЇ РАДИ (КИЇВСЬКОЇ МІСЬКОЇ ДЕРЖАВНОЇ АДМІНІСТРАЦІЇ)","01994072",null,null,"10.1264.2","Будівлі лікувально-профілактичні",кв. м.,"5848.3",UA80000000000093317,"04080",Україна,м. Київ,null,null,null,"ПОДІЛЬСЬКИЙ","КИРИЛІВСЬКА (ФРУНЗЕ)",xxx,null,null,Зареєстровано,"1443879180000",null,null,"РЕКОНСТРУКЦІЯ",null,2025-04-15
6781-2059,null,"ЛІКУВАЛЬНИЙ КОРПУС","10.1264.2-Будівлі лікувально-профілактичні","ОКРЕМО СТОЯЧИЙ","ЛІКУВАЛЬНЕ",Київська міська рада,22883141,"КОМУНАЛЬНЕ НЕКОМЕРЦІЙНЕ ПІДПРИЄМСТВО КЛІНІЧНИЙ ЗАКЛАД З НАДАННЯ ПСИХІАТРИЧНОЇ ДОПОМОГИ ПСИХІАТРІЯ ВИКОНАВЧОГО ОРГАНУ КИЇВСЬКОЇ МІСЬКОЇ РАДИ (КИЇВСЬКОЇ МІСЬКОЇ ДЕРЖАВНОЇ АДМІНІСТРАЦІЇ)","01994072",null,null,"10.1264.2","Будівлі лікувально-профілактичні",кв. м.,"5848.3",UA80000000000093317,"04080",Україна,м. Київ,null,null,null,"ПОДІЛЬСЬКИЙ","КИРИЛІВСЬКА (ФРУНЗЕ)",xxx,null,null,Зареєстровано,"1443879180000",null,null,"РЕКОНСТРУКЦІЯ",null,2025-04-15
6782-2053,null,"ЛІКУВАЛЬНИЙ КОРПУС","10.1264.2-Будівлі лікувально-профілактичні","ОКРЕМО СТОЯЧИЙ","ЛІКУВАЛЬНЕ",Київська міська рада,22883141,"КОМУНАЛЬНЕ НЕКОМЕРЦІЙНЕ ПІДПРИЄМСТВО КЛІНІЧНИЙ ЗАКЛАД З НАДАННЯ ПСИХІАТРИЧНОЇ ДОПОМОГИ ПСИХІАТРІЯ ВИКОНАВЧОГО ОРГАНУ КИЇВСЬКОЇ МІСЬКОЇ РАДИ (КИЇВСЬКОЇ МІСЬКОЇ ДЕРЖАВНОЇ АДМІНІСТРАЦІЇ)","01994072",null,null,"10.1264.2","Будівлі лікувально-профілактичні",кв. м.,"4048.8",UA80000000000093317,"04080",Україна,м. Київ,null,null,null,"ПОДІЛЬСЬКИЙ","КИРИЛІВСЬКА (ФРУНЗЕ)",xxx,null,null,Зареєстровано,"1443879180000",null,null,"ПОТРЕБУЄ РЕМОНТУ",null,2025-04-15
6789-48797,null,"ПРИЙМ.ПУНКТИ ВТОРИН.СИРОВИНИ","10.6000.02.001-Багатофункціональні нежитлові приміщення","ОКРЕМО СТОЯЧИЙ","ПРИЙМ.ПУНКТИ ВТОРИН.СИРОВИНИ",Київська міська рада,22883141,"КОМУНАЛЬНЕ ПІДПРИЄМСТВО ""КЕРУЮЧА КОМПАНІЯ З ОБСЛУГОВУВАННЯ ЖИТЛОВОГО ФОНДУ СВЯТОШИНСЬКОГО РАЙОНУ М. КИЄВА""","39607507",null,null,"10.6000.02.001","Багатофункціональні нежитлові приміщення",кв. м.,"20.0",UA80000000000093317,"03148",Україна,м. Київ,null,null,null,"СВЯТОШИНСЬКИЙ","ЖМЕРИНСЬКА",xxx,null,null,Невідомо,null,null,null,"ЗАДОВІЛЬНИЙ",null,2025-04-01
6790-48949,null,"розміщення  майстерні члена Київської організації НацСпілки художників України  Дорошенко","10.1262.10.004-Художні майстерні","ПРИМІЩЕННЯ В Ж/Б","АДМІНІСТРАТИВНЕ",Київська міська рада,22883141,"КОМУНАЛЬНЕ ПІДПРИЄМСТВО ""КЕРУЮЧА КОМПАНІЯ З ОБСЛУГОВУВАННЯ ЖИТЛОВОГО ФОНДУ СВЯТОШИНСЬКОГО РАЙОНУ М. КИЄВА""","39607507",null,null,"10.1262.10.004","Художні майстерні",кв. м.,"8417.7",UA80000000000093317,"03115",Україна,м. Київ,null,null,null,"СВЯТОШИНСЬКИЙ","ОРЕСТА ВАСКУЛА (ПУШИНОЇ ФЕОДОРИ)",xxx,null,null,Невідомо,null,null,null,"ЗАДОВІЛЬНИЙ",null,2025-06-18
6791-49742,null,"АДМІНІСТРАТИВНЕ","10.1220.10.023-Будівлі адміністративні","ПРИМІЩЕННЯ В Н/Б","АДМІНІСТРАТИВНЕ",Київська міська рада,22883141,"КОМУНАЛЬНЕ ПІДПРИЄМСТВО ""КЕРУЮЧА КОМПАНІЯ З ОБСЛУГОВУВАННЯ ЖИТЛОВОГО ФОНДУ СВЯТОШИНСЬКОГО РАЙОНУ М. КИЄВА""","39607507",null,null,"10.1220.10.023","Будівлі адміністративні",кв. м.,"1724.9",UA80000000000093317,"03148",Україна,м. Київ,null,null,null,"СВЯТОШИНСЬКИЙ","ЯКУБА КОЛАСА",xxx,null,null,Зареєстровано,"2262330380000",null,null,"ЗАДОВІЛЬНИЙ",null,2025-04-01
6798-61997,null,"нежитлова будівля","10.6000.01.004-Бойлерні приміщення","ОКРЕМО СТОЯЧИЙ","БОЙЛЕРНА",Київська міська рада,22883141,"КОМУНАЛЬНЕ ПІДПРИЄМСТВО ""КЕРУЮЧА КОМПАНІЯ З ОБСЛУГОВУВАННЯ ЖИТЛОВОГО ФОНДУ ШЕВЧЕНКІВСЬКОГО РАЙОНУ М.КИЄВА""","34966254",null,null,"10.6000.01.004","Бойлерні приміщення",кв. м.,"152.8",UA80000000000093317,null,Україна,м. Київ,null,null,null,"ШЕВЧЕНКІВСЬКИЙ","ЗЕЛЕНОГО КЛИНУ (УССУРІЙСЬКА)",xxx,null,null,Невідомо,null,null,null,"ЗАДОВІЛЬНИЙ",null,2025-02-13
6804-45000,null,"КОМПЛЕКС ЦІЛІСНО-МАЙНОВИЙ  № 383","10.1263.50.001-Будівлі дитячих садів","ОКРЕМО СТОЯЧИЙ","ДИТЯЧИЙ САДОК",Київська міська рада,22883141,"УПРАВЛІННЯ ОСВІТИ СОЛОМ'ЯНСЬКОЇ РАЙОННОЇ В МІСТІ КИЄВІ ДЕРЖАВНОЇ АДМІНІСТРАЦІЇ","37485490",null,null,"10.1263.50.001","Будівлі дитячих садів",кв. м.,"2228.2",UA80000000000093317,null,Україна,м. Київ,null,null,null,"СОЛОМ'ЯНСЬКИЙ","ГАРМАТНА",xxx,null,null,Зареєстровано,"1818797280000",null,null,"ДОБРИЙ",null,2025-04-01
6817-14764,null,"заклад культури, майстерня, вільні","10.1262.10.004-Художні майстерні","ПРИМІЩЕННЯ В Ж/Б",null,Київська міська рада,22883141,"КОМУНАЛЬНЕ ПІДПРИЄМСТВО ""КЕРУЮЧА КОМПАНІЯ З ОБСЛУГОВУВАННЯ ЖИТЛОВОГО ФОНДУ ШЕВЧЕНКІВСЬКОГО РАЙОНУ М.КИЄВА""","34966254",null,null,"10.1262.10.004","Художні майстерні",кв. м.,"4429.17",UA80000000000093317,null,Україна,м. Київ,null,null,null,"ШЕВЧЕНКІВСЬКИЙ","ХМЕЛЬНИЦЬКОГО БОГДАНА",xxx,null,null,Зареєстровано,"1215481980000",null,null,"ЗАДОВІЛЬНИЙ",null,2024-11-26
6827-45773,null,"ГОЛОВНИЙ КОРПУС з ПІДЗЕМНОЮ ГАЛЕРЕЄЮ (ЛІКАРНЯ НА 120 ЛІЖ. З ПОЛІКЛІНІКОЮ НА 150 ВІДВІДУВАНЬ)","10.1264.9-Будівлі закладів лікувально-профілактичних та оздоровчих інші","ОКРЕМО СТОЯЧИЙ","ЛІКАРНЯ",Київська міська рада,22883141,"КОМУНАЛЬНЕ НЕКОМЕРЦІЙНЕ ПІДПРИЄМСТВО ""ДИТЯЧА КЛІНІЧНА ЛІКАРНЯ №7 ПЕЧЕРСЬКОГО РАЙОНУ МІСТА КИЄВА""","01993842",null,null,"10.1264.9","Будівлі закладів лікувально-профілактичних та оздоровчих інші",кв. м.,"21419.3",UA80000000000093317,"01103",Україна,м. Київ,null,null,null,"ПЕЧЕРСЬКИЙ","ПІДВИСОЦЬКОГО ПРОФЕСОРА",xxx,null,null,Зареєстровано,"1257487980000",null,null,"ДОБРИЙ",null,2025-05-07
6832-51011,null,"АДМІНІСТРАТИВНЕ","10.1220.10.023-Будівлі адміністративні","ОКРЕМО СТОЯЧИЙ","АДМІНІСТРАТИВНЕ",Київська міська рада,22883141,"КОМУНАЛЬНЕ ПІДПРИЄМСТВО ""КЕРУЮЧА КОМПАНІЯ З ОБСЛУГОВУВАННЯ ЖИТЛОВОГО ФОНДУ ДЕСНЯНСЬКОГО РАЙОНУ М.КИЄВА""","39605452",null,null,"10.1220.10.023","Будівлі адміністративні",кв. м.,"7797.5",UA80000000000093317,"02225",Україна,м. Київ,null,null,null,"ДЕСНЯНСЬКИЙ","ЧЕРВОНОЇ КАЛИНИ (ВОЛОДИМИРА МАЯКОВСЬКОГО)",xxx,null,null,Невідомо,null,null,null,"ЗАДОВІЛЬНИЙ",null,2025-04-01
6846-52042,null,null,"10.1230.60.009-Сміттєзбірники","СПОРУДА","СМІТТЄЗБІРНИК",Київська міська рада,22883141,"КОМУНАЛЬНЕ ПІДПРИЄМСТВО ""КЕРУЮЧА КОМПАНІЯ З ОБСЛУГОВУВАННЯ ЖИТЛОВОГО ФОНДУ ДЕСНЯНСЬКОГО РАЙОНУ М.КИЄВА""","39605452",null,null,"10.1230.60.009","Сміттєзбірники",кв. м.,"32.2",UA80000000000093317,"02166",Україна,м. Київ,null,null,null,"ДЕСНЯНСЬКИЙ","РОНАЛЬДА РЕЙГАНА (ДРАЙЗЕРА ТЕОДОРА)",xxx,null,null,Зареєстровано,"1640925780000",null,null,"ЗАДОВІЛЬНИЙ",null,2025-01-16
6847-51725,null,"ПОБУТОВІ ПОСЛУГИ","10.6000.01-Приміщення в житлових будинках та спорудах","ПРИМІЩЕННЯ В Ж/Б","ПОБУТОВІ ПОСЛУГИ",Київська міська рада,22883141,"КОМУНАЛЬНЕ ПІДПРИЄМСТВО ""КЕРУЮЧА КОМПАНІЯ З ОБСЛУГОВУВАННЯ ЖИТЛОВОГО ФОНДУ ДЕСНЯНСЬКОГО РАЙОНУ М.КИЄВА""","39605452",null,null,"10.6000.01","Приміщення в житлових будинках та спорудах",кв. м.,"145.3",UA80000000000093317,null,Україна,м. Київ,null,null,null,"ДЕСНЯНСЬКИЙ","ШОЛОМ-АЛЕЙХЕМА",xxx,null,null,Зареєстровано,"2139502180000",null,null,"ЗАДОВІЛЬНИЙ",null,2025-01-17
6848-61385,null,"НЕЖИТЛОВИЙ ФОНД (ОРЕНДА, ВІЛЬНІ, ВЛАСНІ ПОТРЕБИ)","10.6000.01-Приміщення в житлових будинках та спорудах","ПРИМІЩЕННЯ В Ж/Б",null,Київська міська рада,22883141,"КОМУНАЛЬНЕ ПІДПРИЄМСТВО КЕРУЮЧА КОМПАНІЯ З ОБСЛУГОВУВАННЯ ЖИТЛОВОГО ФОНДУ СОЛОМ'ЯНСЬКОГО РАЙОНУ М. КИЄВА","35756919",null,null,"10.6000.01","Приміщення в житлових будинках та спорудах",кв. м.,"77.7",UA80000000000093317,null,Україна,м. Київ,null,null,null,"СОЛОМ'ЯНСЬКИЙ","ЄРЕВАНСЬКА",xxx,null,null,Зареєстровано,"2582512180000",null,null,"ЗАДОВІЛЬНИЙ",null,2024-12-25
6851-48380,null,"оренда - Нікітіна О. В., вільні","10.12-Будівлі (приміщення) нежитлові","ПРИМІЩЕННЯ В Ж/Б","ІНШЕ",Київська міська рада,22883141,"КОМУНАЛЬНЕ ПІДПРИЄМСТВО ""КЕРУЮЧА КОМПАНІЯ З ОБСЛУГОВУВАННЯ ЖИТЛОВОГО ФОНДУ ПЕЧЕРСЬКОГО РАЙОНУ М.КИЄВА""","35692211",null,null,"10.12","Будівлі (приміщення) нежитлові",кв. м.,"3846.0",UA80000000000093317,null,Україна,м. Київ,null,null,null,"ПЕЧЕРСЬКИЙ","КЛОВСЬКИЙ УЗВІЗ",xxx,null,null,Зареєстровано,"2103682480000",null,null,"ЗАДОВІЛЬНИЙ",null,2025-02-25
6853-54147,null,"оренда - громадські приймальні депутатів Київради, вільне","10.12-Будівлі (приміщення) нежитлові","ПРИМІЩЕННЯ В Ж/Б","АДМІНІСТРАТИВНЕ",Київська міська рада,22883141,"КОМУНАЛЬНЕ ПІДПРИЄМСТВО ""КЕРУЮЧА КОМПАНІЯ З ОБСЛУГОВУВАННЯ ЖИТЛОВОГО ФОНДУ ПЕЧЕРСЬКОГО РАЙОНУ М.КИЄВА""","35692211",null,null,"10.12","Будівлі (приміщення) нежитлові",кв. м.,"1667.9",UA80000000000093317,"1024",Україна,м. Київ,null,null,null,"ПЕЧЕРСЬКИЙ","ЛЮТЕРАНСЬКА",xxx,null,null,Зареєстровано,"2819533080000",null,null,"ЗАДОВІЛЬНИЙ",null,2025-03-11
6854-48354,null,"оренда - державна установа, вільні, НАЙПРОСТІШЕ УКРИТТЯ (238,7 кв.м)","10.12-Будівлі (приміщення) нежитлові","ПРИМІЩЕННЯ В Ж/Б","ІНШЕ",Київська міська рада,22883141,"КОМУНАЛЬНЕ ПІДПРИЄМСТВО ""КЕРУЮЧА КОМПАНІЯ З ОБСЛУГОВУВАННЯ ЖИТЛОВОГО ФОНДУ ПЕЧЕРСЬКОГО РАЙОНУ М.КИЄВА""","35692211",null,null,"10.12","Будівлі (приміщення) нежитлові",кв. м.,"2811.4",UA80000000000093317,null,Україна,м. Київ,null,null,null,"ПЕЧЕРСЬКИЙ","МАЗЕПИ ІВАНА (СІЧНЕВОГО ПОВСТАННЯ)",xxx,null,null,Зареєстровано,"2222559280000",null,null,"ЗАДОВІЛЬНИЙ",null,2025-02-19
6858-51001,null,"КОМПЛ.ПІДПР.ПОБУТ. ОБСЛУГОВ.","10.1220.10.023-Будівлі адміністративні","ОКРЕМО СТОЯЧИЙ","КОМПЛ.ПІДПР.ПОБУТ. ОБСЛУГОВ.",Київська міська рада,22883141,"КОМУНАЛЬНЕ ПІДПРИЄМСТВО ""КЕРУЮЧА КОМПАНІЯ З ОБСЛУГОВУВАННЯ ЖИТЛОВОГО ФОНДУ ДЕСНЯНСЬКОГО РАЙОНУ М.КИЄВА""","39605452",null,null,"10.1220.10.023","Будівлі адміністративні",кв. м.,"807.7",UA80000000000093317,"02217",Україна,м. Київ,null,null,null,"ДЕСНЯНСЬКИЙ","ЗАКРЕВСЬКОГО МИКОЛИ",xxx,null,null,Зареєстровано,"1636150580000",null,null,"ЗАДОВІЛЬНИЙ",null,2025-04-10
6893-17128,null,null,"10.6000.01-Приміщення в житлових будинках та спорудах","ПРИМІЩЕННЯ В Ж/Б",null,Київська міська рада,22883141,"КОМУНАЛЬНЕ ПІДПРИЄМСТВО ""КЕРУЮЧА КОМПАНІЯ З ОБСЛУГОВУВАННЯ ЖИТЛОВОГО ФОНДУ ШЕВЧЕНКІВСЬКОГО РАЙОНУ М.КИЄВА""","34966254",null,null,"10.6000.01","Приміщення в житлових будинках та спорудах",кв. м.,"1345.81",UA80000000000093317,null,Україна,м. Київ,null,null,null,"ШЕВЧЕНКІВСЬКИЙ","БЕХТЕРЕВСЬКИЙ ПРОВ.",xxx,null,null,Зареєстровано,"1506222080000",null,null,"ЗАДОВІЛЬНИЙ",null,2024-11-11
6895-16844,null,null,"10.12-Будівлі (приміщення) нежитлові","ПРИМІЩЕННЯ В Н/Б",null,Київська міська рада,22883141,"КОМУНАЛЬНЕ ПІДПРИЄМСТВО ""КЕРУЮЧА КОМПАНІЯ З ОБСЛУГОВУВАННЯ ЖИТЛОВОГО ФОНДУ ШЕВЧЕНКІВСЬКОГО РАЙОНУ М.КИЄВА""","34966254",null,null,"10.12","Будівлі (приміщення) нежитлові",кв. м.,"191.3",UA80000000000093317,null,Україна,м. Київ,null,null,null,"ШЕВЧЕНКІВСЬКИЙ","ВОЗНЕСЕНСЬКІЙ УЗВІЗ (СМИРНОВА-ЛАСТОЧКІНА)",xxx,null,null,Зареєстровано,"3018209480000",null,null,"ЗАДОВІЛЬНИЙ",null,2025-02-13
6898-43824,null,"КОМУНАЛЬНЕ НЕКОМЕРЦІЙНЕ ПІДПРИЄМСТВО ""ЦЕНТР ПЕРВИННОЇ МЕДИКО-САНІТАРНОЇ ДОПОМОГИ №2""","10.1264.40.003-Будівлі поліклінік","ОКРЕМО СТОЯЧИЙ","ЛІКУВАЛЬНО-ДІАГНОСТИЧНЕ",Київська міська рада,22883141,"КОМУНАЛЬНЕ НЕКОМЕРЦІЙНЕ ПІДПРИЄМСТВО ""ЦЕНТР ПЕРВИННОЇ МЕДИКО-САНІТАРНОЇ ДОПОМОГИ № 2"" ДЕСНЯНСЬКОГО РАЙОНУ М. КИЄВА","21467676",null,null,"10.1264.40.003","Будівлі поліклінік",кв. м.,"7761.9",UA80000000000093317,null,Україна,м. Київ,null,null,null,"ДЕСНЯНСЬКИЙ","РОНАЛЬДА РЕЙГАНА (ДРАЙЗЕРА ТЕОДОРА)",xxx,null,null,Зареєстровано,"1133426080000",null,null,"ЗАДОВІЛЬНИЙ",null,2025-04-02
6899-16831,null,null,null,"ПРИМІЩЕННЯ В Ж/Б",null,Київська міська рада,22883141,"КОМУНАЛЬНЕ ПІДПРИЄМСТВО ""КЕРУЮЧА КОМПАНІЯ З ОБСЛУГОВУВАННЯ ЖИТЛОВОГО ФОНДУ ШЕВЧЕНКІВСЬКОГО РАЙОНУ М.КИЄВА""","34966254",null,null,null,null,кв. м.,"972.0",UA80000000000093317,null,Україна,м. Київ,null,null,null,"ШЕВЧЕНКІВСЬКИЙ","СІЧОВИХ СТРІЛЬЦІВ (АРТЕМА)",xxx,null,null,Зареєстровано,"1638619980000",null,null,"ЗАДОВІЛЬНИЙ",null,2024-10-29
6901-52392,null,"ЧЕРВОНИЙ ХРЕСТ","10.12-Будівлі (приміщення) нежитлові","ОКРЕМО СТОЯЧИЙ","АДМІНІСТРАТИВНЕ",Київська міська рада,22883141,"КОМУНАЛЬНЕ ПІДПРИЄМСТВО ""КЕРУЮЧА КОМПАНІЯ З ОБСЛУГОВУВАННЯ ЖИТЛОВОГО ФОНДУ ОБОЛОНСЬКОГО РАЙОНУ М.КИЄВА""","39611267",null,null,"10.12","Будівлі (приміщення) нежитлові",кв. м.,"748.6",UA80000000000093317,"04212",Україна,м. Київ,null,null,null,"ОБОЛОНСЬКИЙ","ЛЕВКА ЛУК'ЯНЕНКА (МАРШАЛА ТИМОШЕНКА)",xxx,null,null,Невідомо,null,null,null,"ЗАДОВІЛЬНИЙ",null,2025-04-14
6902-58700,null,"бюджетна установа; 73,9 кв.м та 81,3 кв.м - об'єкт цивільної оборони (укриття)","10.1-БУДІВЛІ","ОКРЕМО СТОЯЧИЙ","ІНШЕ",Київська міська рада,22883141,"КОМУНАЛЬНЕ ПІДПРИЄМСТВО ""КЕРУЮЧА КОМПАНІЯ З ОБСЛУГОВУВАННЯ ЖИТЛОВОГО ФОНДУ ШЕВЧЕНКІВСЬКОГО РАЙОНУ М.КИЄВА""","34966254",null,null,"10.1","БУДІВЛІ",кв. м.,"0.0",UA80000000000093317,null,Україна,м. Київ,null,null,null,"ШЕВЧЕНКІВСЬКИЙ","БЕРЕСТЕЙСЬКИЙ ПРОСПЕКТ (ПРОСПЕКТ ПЕРЕМОГИ)",xxx,null,null,Зареєстровано,"2741254380000; 2758562980000; 2771067080000",null,null,"ЗАДОВІЛЬНИЙ",null,2024-11-05
6904-48862,null,"ПРИЙМ.ПУНКТИ ВТОРИН.СИРОВИНИ","10.1230.60.033-Пункти приймання вторинної сировини","ОКРЕМО СТОЯЧИЙ","ПРИЙМ.ПУНКТИ ВТОРИН.СИРОВИНИ",Київська міська рада,22883141,"КОМУНАЛЬНЕ ПІДПРИЄМСТВО ""КЕРУЮЧА КОМПАНІЯ З ОБСЛУГОВУВАННЯ ЖИТЛОВОГО ФОНДУ СВЯТОШИНСЬКОГО РАЙОНУ М. КИЄВА""","39607507",null,null,"10.1230.60.033","Пункти приймання вторинної сировини",кв. м.,"21.18",UA80000000000093317,"03148",Україна,м. Київ,null,null,null,"СВЯТОШИНСЬКИЙ","ЮРИ ГНАТА",xxx,null,null,Невідомо,null,null,null,"ЗАДОВІЛЬНИЙ",null,2025-04-01
6905-14698,null,null,null,"ПРИМІЩЕННЯ В Ж/Б",null,Київська міська рада,22883141,"КОМУНАЛЬНЕ ПІДПРИЄМСТВО ""КЕРУЮЧА КОМПАНІЯ З ОБСЛУГОВУВАННЯ ЖИТЛОВОГО ФОНДУ ШЕВЧЕНКІВСЬКОГО РАЙОНУ М.КИЄВА""","34966254",null,null,null,null,кв. м.,"1384.0",UA80000000000093317,"01030",Україна,м. Київ,null,null,null,"ШЕВЧЕНКІВСЬКИЙ","ФРАНКА ІВАНА",xxx,null,null,Зареєстровано,"2423048180000",null,null,"ЗАДОВІЛЬНИЙ",null,2024-11-12
6906-57692,null,null,"10.1252.70.009-Складські будівлі","ОКРЕМО СТОЯЧИЙ",null,Київська міська рада,22883141,"КОМУНАЛЬНЕ ПІДПРИЄМСТВО ""КЕРУЮЧА КОМПАНІЯ З ОБСЛУГОВУВАННЯ ЖИТЛОВОГО ФОНДУ ШЕВЧЕНКІВСЬКОГО РАЙОНУ М.КИЄВА""","34966254",null,null,"10.1252.70.009","Складські будівлі",кв. м.,"66.7",UA80000000000093317,null,Україна,м. Київ,null,null,null,"ВИШГОРОДСЬКИЙ","ПРИБЕРЕЖНЯ, С. ВИЩА ДУБЕЧНЯ,  ВИШГОРОДСЬКОГО  КИЇВСЬКА   ",xxx,null,null,Невідомо,null,null,null,"НЕЗАДОВІЛЬНИЙ",null,2025-02-13
6907-57690,null,null,"10.1230.10.004-Будівлі торгових центрів","ОКРЕМО СТОЯЧИЙ",null,Київська міська рада,22883141,"КОМУНАЛЬНЕ ПІДПРИЄМСТВО ""КЕРУЮЧА КОМПАНІЯ З ОБСЛУГОВУВАННЯ ЖИТЛОВОГО ФОНДУ ШЕВЧЕНКІВСЬКОГО РАЙОНУ М.КИЄВА""","34966254",null,null,"10.1230.10.004","Будівлі торгових центрів",кв. м.,"243.9",UA80000000000093317,null,Україна,м. Київ,null,null,null,"ВИШГОРОДСЬКИЙ","ПРИБЕРЕЖНЯ, С. ВИЩА ДУБЕЧНЯ,  ВИШГОРОДСЬКОГО  КИЇВСЬКА   ",xxx,null,null,Невідомо,null,null,null,"ЗАДОВІЛЬНИЙ",null,2025-02-13
6908-57691,null,null,"10.1252.70.009-Складські будівлі","ОКРЕМО СТОЯЧИЙ",null,Київська міська рада,22883141,"КОМУНАЛЬНЕ ПІДПРИЄМСТВО ""КЕРУЮЧА КОМПАНІЯ З ОБСЛУГОВУВАННЯ ЖИТЛОВОГО ФОНДУ ШЕВЧЕНКІВСЬКОГО РАЙОНУ М.КИЄВА""","34966254",null,null,"10.1252.70.009","Складські будівлі",кв. м.,"46.6",UA80000000000093317,null,Україна,м. Київ,null,null,null,"ВИШГОРОДСЬКИЙ","ПРИБЕРЕЖНЯ, С. ВИЩА ДУБЕЧНЯ,  ВИШГОРОДСЬКОГО  КИЇВСЬКА   ",xxx,null,null,Невідомо,null,null,null,"НЕЗАДОВІЛЬНИЙ",null,2025-02-13
6909-57689,null,null,"10.12-Будівлі (приміщення) нежитлові","ОКРЕМО СТОЯЧИЙ",null,Київська міська рада,22883141,"КОМУНАЛЬНЕ ПІДПРИЄМСТВО ""КЕРУЮЧА КОМПАНІЯ З ОБСЛУГОВУВАННЯ ЖИТЛОВОГО ФОНДУ ШЕВЧЕНКІВСЬКОГО РАЙОНУ М.КИЄВА""","34966254",null,null,"10.12","Будівлі (приміщення) нежитлові",кв. м.,"29.0",UA80000000000093317,null,Україна,м. Київ,null,null,null,"ВИШГОРОДСЬКИЙ","ПРИБЕРЕЖНЯ, С. ВИЩА ДУБЕЧНЯ,  ВИШГОРОДСЬКОГО  КИЇВСЬКА   ",xxx,null,null,Невідомо,null,null,null,"НЕЗАДОВІЛЬНИЙ",null,2025-02-13
6910-57693,null,null,"10.12-Будівлі (приміщення) нежитлові","ОКРЕМО СТОЯЧИЙ",null,Київська міська рада,22883141,"КОМУНАЛЬНЕ ПІДПРИЄМСТВО ""КЕРУЮЧА КОМПАНІЯ З ОБСЛУГОВУВАННЯ ЖИТЛОВОГО ФОНДУ ШЕВЧЕНКІВСЬКОГО РАЙОНУ М.КИЄВА""","34966254",null,null,"10.12","Будівлі (приміщення) нежитлові",кв. м.,"14.3",UA80000000000093317,null,Україна,м. Київ,null,null,null,"ВИШГОРОДСЬКИЙ","ПРИБЕРЕЖНЯ, С. ВИЩА ДУБЕЧНЯ,  ВИШГОРОДСЬКОГО  КИЇВСЬКА   ",xxx,null,null,Невідомо,null,null,null,"НЕЗАДОВІЛЬНИЙ",null,2025-02-13
6913-15393,null,null,"10.12-Будівлі (приміщення) нежитлові","ОКРЕМО СТОЯЧИЙ",null,Київська міська рада,22883141,"КОМУНАЛЬНЕ ПІДПРИЄМСТВО ""КЕРУЮЧА КОМПАНІЯ З ОБСЛУГОВУВАННЯ ЖИТЛОВОГО ФОНДУ ШЕВЧЕНКІВСЬКОГО РАЙОНУ М.КИЄВА""","34966254",null,null,"10.12","Будівлі (приміщення) нежитлові",кв. м.,"129.3",UA80000000000093317,null,Україна,м. Київ,null,null,null,"ШЕВЧЕНКІВСЬКИЙ","ЯНУША КОРЧАКА (БАУМАНА)",xxx,null,null,Зареєстровано,"2661781880000",null,null,"ЗАДОВІЛЬНИЙ",null,2025-02-13
6916-16499,null,"вільне, нежитлова будівля - 9,8 кв.м","10.1-БУДІВЛІ","ОКРЕМО СТОЯЧИЙ",null,Київська міська рада,22883141,"КОМУНАЛЬНЕ ПІДПРИЄМСТВО ""КЕРУЮЧА КОМПАНІЯ З ОБСЛУГОВУВАННЯ ЖИТЛОВОГО ФОНДУ ШЕВЧЕНКІВСЬКОГО РАЙОНУ М.КИЄВА""","34966254",null,null,"10.1","БУДІВЛІ",кв. м.,"1918.0",UA80000000000093317,null,Україна,м. Київ,null,null,null,"ШЕВЧЕНКІВСЬКИЙ","ГЕТЬМАНА ПАВЛА СКОРОПАДСЬКОГО (ТОЛСТОГО ЛЬВА)",xxx,null,null,Зареєстровано,"2681039080000",null,null,"ЗАДОВІЛЬНИЙ",null,2025-02-13
6920-16649,null,null,null,"ПРИМІЩЕННЯ В Ж/Б",null,Київська міська рада,22883141,"КОМУНАЛЬНЕ ПІДПРИЄМСТВО ""КЕРУЮЧА КОМПАНІЯ З ОБСЛУГОВУВАННЯ ЖИТЛОВОГО ФОНДУ ШЕВЧЕНКІВСЬКОГО РАЙОНУ М.КИЄВА""","34966254",null,null,null,null,кв. м.,"6335.1",UA80000000000093317,null,Україна,м. Київ,null,null,null,"ШЕВЧЕНКІВСЬКИЙ","ЄВГЕНА ЧИКАЛЕНКА (ПУШКІНСЬКА)",xxx,null,null,Зареєстровано,"21733497800",null,null,"ЗАДОВІЛЬНИЙ",null,2025-01-31
6921-16649,null,null,null,"ПРИМІЩЕННЯ В Ж/Б",null,Київська міська рада,22883141,"КОМУНАЛЬНЕ ПІДПРИЄМСТВО ""КЕРУЮЧА КОМПАНІЯ З ОБСЛУГОВУВАННЯ ЖИТЛОВОГО ФОНДУ ШЕВЧЕНКІВСЬКОГО РАЙОНУ М.КИЄВА""","34966254",null,null,null,null,кв. м.,"6335.1",UA80000000000093317,null,Україна,м. Київ,null,null,null,"ШЕВЧЕНКІВСЬКИЙ","ЄВГЕНА ЧИКАЛЕНКА (ПУШКІНСЬКА)",xxx,null,null,Зареєстровано,"21733497800",null,null,"ЗАДОВІЛЬНИЙ",null,2025-01-31
6924-17110,null,null,null,"ПРИМІЩЕННЯ В Ж/Б",null,Київська міська рада,22883141,"КОМУНАЛЬНЕ ПІДПРИЄМСТВО ""КЕРУЮЧА КОМПАНІЯ З ОБСЛУГОВУВАННЯ ЖИТЛОВОГО ФОНДУ ШЕВЧЕНКІВСЬКОГО РАЙОНУ М.КИЄВА""","34966254",null,null,null,null,кв. м.,"24.0",UA80000000000093317,null,Україна,м. Київ,null,null,null,"ШЕВЧЕНКІВСЬКИЙ","СІЧОВИХ СТРІЛЬЦІВ (АРТЕМА)",xxx,null,null,Невідомо,null,null,null,"ЗАДОВІЛЬНИЙ",null,2024-11-27
6935-54086,null,null,"10.1220.10.023-Будівлі адміністративні","ОКРЕМО СТОЯЧИЙ","АДМІНІСТРАТИВНЕ",Київська міська рада,22883141,"КОМУНАЛЬНЕ ПІДПРИЄМСТВО ""КЕРУЮЧА КОМПАНІЯ З ОБСЛУГОВУВАННЯ ЖИТЛОВОГО ФОНДУ ДНІПРОВСЬКОГО РАЙОНУ М.КИЄВА""","39606435",null,null,"10.1220.10.023","Будівлі адміністративні",кв. м.,"1393.88",UA80000000000093317,"02218",Україна,м. Київ,null,null,null,"ДНІПРОВСЬКИЙ","РОМАНА ШУХЕВИЧА ПРОСП. (ВАТУТІНА ГЕНЕРАЛА ПРОСП.)",xxx,null,null,Невідомо,null,null,null,"ЗАДОВІЛЬНИЙ",null,2025-04-16
6958-51949,null,"ПОБУТОВІ ПОСЛУГИ","10.6000.01-Приміщення в житлових будинках та спорудах","ПРИМІЩЕННЯ В Ж/Б","ПОБУТОВІ ПОСЛУГИ",Київська міська рада,22883141,"КОМУНАЛЬНЕ ПІДПРИЄМСТВО ""КЕРУЮЧА КОМПАНІЯ З ОБСЛУГОВУВАННЯ ЖИТЛОВОГО ФОНДУ ДЕСНЯНСЬКОГО РАЙОНУ М.КИЄВА""","39605452",null,null,"10.6000.01","Приміщення в житлових будинках та спорудах",кв. м.,"6202.0",UA80000000000093317,"02225",Україна,м. Київ,null,null,null,"ДЕСНЯНСЬКИЙ","ЧЕРВОНОЇ КАЛИНИ (ВОЛОДИМИРА МАЯКОВСЬКОГО)",xxx,null,null,Зареєстровано,"1882565180000",null,null,"ЗАДОВІЛЬНИЙ",null,2025-01-14
6966-23162,null,"ПОЛІКЛІНІКА","10.1-БУДІВЛІ","ОКРЕМО СТОЯЧИЙ","ПОЛІКЛІНІКА",Київська міська рада,22883141,"КОМУНАЛЬНЕ НЕКОМЕРЦІЙНЕ ПІДПРИЄМСТВО КОНСУЛЬТАТИВНО-ДІАГНОСТИЧНИЙ ЦЕНТР ПОДІЛЬСЬКОГО РАЙОНУ М.КИЄВА","26199200",null,null,"10.1","БУДІВЛІ",кв. м.,"17520.5",UA80000000000093317,"04014",Україна,м. Київ,null,null,null,"ПОДІЛЬСЬКИЙ","МОСТИЦЬКА",xxx,null,null,Зареєстровано,"1258651080000",null,null,"ЗАДОВІЛЬНИЙ",null,2024-09-06
6969-54557,null,null,"10.6000.01-Приміщення в житлових будинках та спорудах","ПРИМІЩЕННЯ В Ж/Б","ПОБУТОВІ ПОСЛУГИ",Київська міська рада,22883141,"КОМУНАЛЬНЕ ПІДПРИЄМСТВО ""КЕРУЮЧА КОМПАНІЯ З ОБСЛУГОВУВАННЯ ЖИТЛОВОГО ФОНДУ ДЕСНЯНСЬКОГО РАЙОНУ М.КИЄВА""","39605452",null,null,"10.6000.01","Приміщення в житлових будинках та спорудах",кв. м.,"90.4",UA80000000000093317,"02166",Україна,м. Київ,null,null,null,"ДЕСНЯНСЬКИЙ"," ЛІСОВИЙ ПРОСПЕКТ",xxx,null,null,Зареєстровано,"2419558980000",null,null,"ЗАДОВІЛЬНИЙ",null,2025-01-16
6973-49645,null,null,"10.12-Будівлі (приміщення) нежитлові","ПРИМІЩЕННЯ В Ж/Б","АДМІНІСТРАТИВНЕ",Київська міська рада,22883141,"КОМУНАЛЬНЕ ПІДПРИЄМСТВО ""КЕРУЮЧА КОМПАНІЯ З ОБСЛУГОВУВАННЯ ЖИТЛОВОГО ФОНДУ ПОДІЛЬСЬКОГО РАЙОНУ М.КИЄВА""","39609111",null,null,"10.12","Будівлі (приміщення) нежитлові",кв. м.,"636.6",UA80000000000093317,"04136",Україна,м. Київ,null,null,null,"ПОДІЛЬСЬКИЙ","ІВАНА ВИГОВСЬКОГО (ГРЕЧКА МАРШАЛА)",xxx,null,null,Зареєстровано,"1775753380000",null,null,"ЗАДОВІЛЬНИЙ",null,2025-06-13
6981-47516,null,"амбулаторія № 2","10.1264.40.010-Центри первинної медико-санітарної допомоги","ОКРЕМО СТОЯЧИЙ","ПОЛІКЛІНІКА",Київська міська рада,22883141,"КОМУНАЛЬНЕ НЕКОМЕРЦІЙНЕ ПІДПРИЄМСТВО ""ЦЕНТР ПЕРВИННОЇ МЕДИКО- САНІТАРНОЇ ДОПОМОГИ №3 "" ШЕВЧЕНКІВСЬКОГО РАЙОНУ МІСТА КИЄВА","38945945",null,null,"10.1264.40.010","Центри первинної медико-санітарної допомоги",кв. м.,"4647.4",UA80000000000093317,null,Україна,м. Київ,null,null,null,"ШЕВЧЕНКІВСЬКИЙ","ЩЕРБАКІВСЬКОГО ДАНИЛА (ЩЕРБАКОВА)",xxx,null,null,Зареєстровано,"2240096580000",null,null,"ЗАДОВІЛЬНИЙ",null,2025-04-15
6985-49743,null,"АДМІНІСТРАТИВНЕ","10.1220.10.023-Будівлі адміністративні","ПРИМІЩЕННЯ В Н/Б","АДМІНІСТРАТИВНЕ",Київська міська рада,22883141,"КОМУНАЛЬНЕ ПІДПРИЄМСТВО ""КЕРУЮЧА КОМПАНІЯ З ОБСЛУГОВУВАННЯ ЖИТЛОВОГО ФОНДУ СВЯТОШИНСЬКОГО РАЙОНУ М. КИЄВА""","39607507",null,null,"10.1220.10.023","Будівлі адміністративні",кв. м.,"2035.97",UA80000000000093317,"03179",Україна,м. Київ,null,null,null,"СВЯТОШИНСЬКИЙ","ІРПІНСЬКА",xxx,null,null,Зареєстровано,"1594555680000",null,null,"ЗАДОВІЛЬНИЙ",null,2025-04-01
6988-48090,null,"оренда - офіс, ГО, вільні","10.12-Будівлі (приміщення) нежитлові","ПРИМІЩЕННЯ В Ж/Б","ІНШЕ",Київська міська рада,22883141,"КОМУНАЛЬНЕ ПІДПРИЄМСТВО ""КЕРУЮЧА КОМПАНІЯ З ОБСЛУГОВУВАННЯ ЖИТЛОВОГО ФОНДУ ПЕЧЕРСЬКОГО РАЙОНУ М.КИЄВА""","35692211",null,null,"10.12","Будівлі (приміщення) нежитлові",кв. м.,"908.7",UA80000000000093317,null,Україна,м. Київ,null,null,null,"ПЕЧЕРСЬКИЙ","ПІДВИСОЦЬКОГО ПРОФЕСОРА",xxx,null,null,Зареєстровано,"1705188880000",null,null,"ЗАДОВІЛЬНИЙ",null,2025-03-11
6996-19911,null,null,"10.12-Будівлі (приміщення) нежитлові","ПРИМІЩЕННЯ В Ж/Б","СМІТТЄЗБІРНИК",Київська міська рада,22883141,"КОМУНАЛЬНЕ ПІДПРИЄМСТВО КЕРУЮЧА КОМПАНІЯ З ОБСЛУГОВУВАННЯ ЖИТЛОВОГО ФОНДУ СОЛОМ'ЯНСЬКОГО РАЙОНУ М. КИЄВА","35756919",null,null,"10.12","Будівлі (приміщення) нежитлові",кв. м.,"1537.22",UA80000000000093317,null,Україна,м. Київ,null,null,null,"СОЛОМ'ЯНСЬКИЙ","СЕРГІЯ БЕРЕГОВОГО (МАРТИРОСЯНА)",xxx,null,null,Зареєстровано,"2873648880000",null,null,"ЗАДОВІЛЬНИЙ",null,2025-01-08
6997-51109,null,"оренда- 118,8 кв.м (самозахоплення), вільне","10.12-Будівлі (приміщення) нежитлові","ПРИМІЩЕННЯ В Ж/Б","ІНШЕ",Київська міська рада,22883141,"КОМУНАЛЬНЕ ПІДПРИЄМСТВО ""КЕРУЮЧА КОМПАНІЯ З ОБСЛУГОВУВАННЯ ЖИТЛОВОГО ФОНДУ ПЕЧЕРСЬКОГО РАЙОНУ М.КИЄВА""","35692211",null,null,"10.12","Будівлі (приміщення) нежитлові",кв. м.,"5347.9",UA80000000000093317,null,Україна,м. Київ,null,null,null,"ПЕЧЕРСЬКИЙ","ПРЕДСЛАВИНСЬКА",xxx,null,null,Невідомо,null,null,null,"ЗАДОВІЛЬНИЙ",null,2025-02-27
6998-45865,null,"АДМІНІСТРАТИВНЕ","10.1220.10.023-Будівлі адміністративні","ОКРЕМО СТОЯЧИЙ","АДМІНІСТРАТИВНЕ",Київська міська рада,22883141,"КОМУНАЛЬНЕ ПІДПРИЄМСТВО ""КИЇВЖИТЛОСПЕЦЕКСПЛУАТАЦІЯ""","03366500",null,null,"10.1220.10.023","Будівлі адміністративні",кв. м.,"1022.5",UA80000000000093317,null,Україна,м. Київ,null,null,null,"ШЕВЧЕНКІВСЬКИЙ","ЕСТОНСЬКА",xxx,null,null,Зареєстровано,"2418531580000",null,null,"ЗАДОВІЛЬНИЙ",null,2025-04-03
6999-46148,null,"адміністративне","10.1220.10.023-Будівлі адміністративні","ПРИМІЩЕННЯ В Н/Б","АДМІНІСТРАТИВНЕ",Київська міська рада,22883141,"КОМУНАЛЬНЕ ПІДПРИЄМСТВО ""КИЇВЖИТЛОСПЕЦЕКСПЛУАТАЦІЯ""","03366500",null,null,"10.1220.10.023","Будівлі адміністративні",кв. м.,"11.6",UA80000000000093317,null,Україна,м. Київ,null,null,null,"ШЕВЧЕНКІВСЬКИЙ","ЕСТОНСЬКА",xxx,null,null,Невідомо,null,null,null,"ЗАДОВІЛЬНИЙ",null,2025-04-03
7002-47617,null,"60 кв.м самозахоплення невідомими особами (судові справи), вільне","10.12-Будівлі (приміщення) нежитлові","ПРИМІЩЕННЯ В Ж/Б","ІНШЕ",Київська міська рада,22883141,"КОМУНАЛЬНЕ ПІДПРИЄМСТВО ""КЕРУЮЧА КОМПАНІЯ З ОБСЛУГОВУВАННЯ ЖИТЛОВОГО ФОНДУ ПЕЧЕРСЬКОГО РАЙОНУ М.КИЄВА""","35692211",null,null,"10.12","Будівлі (приміщення) нежитлові",кв. м.,"2564.97",UA80000000000093317,null,Україна,м. Київ,null,null,null,"ПЕЧЕРСЬКИЙ","МИХАЙЛА ОМЕЛЯНОВИЧА-ПАВЛЕНКА (СУВОРОВА)",xxx,null,null,Зареєстровано,"192653278000",null,null,"ЗАДОВІЛЬНИЙ",null,2025-02-19
7003-61333,null,"вільне, власні потреби","10.12-Будівлі (приміщення) нежитлові","ОКРЕМО СТОЯЧИЙ","ІНШЕ",Київська міська рада,22883141,"КОМУНАЛЬНЕ ПІДПРИЄМСТВО ""КЕРУЮЧА КОМПАНІЯ З ОБСЛУГОВУВАННЯ ЖИТЛОВОГО ФОНДУ ПЕЧЕРСЬКОГО РАЙОНУ М.КИЄВА""","35692211",null,null,"10.12","Будівлі (приміщення) нежитлові",кв. м.,"37.5",UA80000000000093317,null,Україна,м. Київ,null,null,null,"ПЕЧЕРСЬКИЙ","МАЛА ШИЯНОВСЬКА (НЕМИРОВИЧА-ДАНЧЕНКА)",xxx,null,null,Зареєстровано,"3080249580000",null,null,"ЗАДОВІЛЬНИЙ",null,2025-04-07
7004-48150,null,"згідно з розпорядженням ПРДА від 31.01.2022 № 40 планується для розміщення ДБСТ","10.12-Будівлі (приміщення) нежитлові","ПРИМІЩЕННЯ В Ж/Б","ІНШЕ",Київська міська рада,22883141,"КОМУНАЛЬНЕ ПІДПРИЄМСТВО ""КЕРУЮЧА КОМПАНІЯ З ОБСЛУГОВУВАННЯ ЖИТЛОВОГО ФОНДУ ПЕЧЕРСЬКОГО РАЙОНУ М.КИЄВА""","35692211",null,null,"10.12","Будівлі (приміщення) нежитлові",кв. м.,"1629.4",UA80000000000093317,null,Україна,м. Київ,null,null,null,"ПЕЧЕРСЬКИЙ","МИХАЙЛА ОМЕЛЯНОВИЧА-ПАВЛЕНКА (СУВОРОВА)",xxx,null,null,Зареєстровано,"2614646980000",null,null,"ЗАДОВІЛЬНИЙ",null,2025-02-28
7009-18231,null,null,null,"ПРИМІЩЕННЯ В Ж/Б",null,Київська міська рада,22883141,"КОМУНАЛЬНЕ ПІДПРИЄМСТВО ""КЕРУЮЧА КОМПАНІЯ З ОБСЛУГОВУВАННЯ ЖИТЛОВОГО ФОНДУ ШЕВЧЕНКІВСЬКОГО РАЙОНУ М.КИЄВА""","34966254",null,null,null,null,кв. м.,"1863.5",UA80000000000093317,null,Україна,м. Київ,null,null,null,"ШЕВЧЕНКІВСЬКИЙ","МАЛА ЖИТОМИРСЬКА",xxx,null,null,Зареєстровано,"167402518000",null,null,"ЗАДОВІЛЬНИЙ",null,2025-01-07
7011-16589,null,null,"10.6000.01-Приміщення в житлових будинках та спорудах","ПРИМІЩЕННЯ В Ж/Б",null,Київська міська рада,22883141,"КОМУНАЛЬНЕ ПІДПРИЄМСТВО ""КЕРУЮЧА КОМПАНІЯ З ОБСЛУГОВУВАННЯ ЖИТЛОВОГО ФОНДУ ШЕВЧЕНКІВСЬКОГО РАЙОНУ М.КИЄВА""","34966254",null,null,"10.6000.01","Приміщення в житлових будинках та спорудах",кв. м.,"9995.1",UA80000000000093317,"01004",Україна,м. Київ,null,null,null,"ШЕВЧЕНКІВСЬКИЙ","ХМЕЛЬНИЦЬКОГО БОГДАНА",xxx,null,null,Зареєстровано,"1423818680000",null,null,"ЗАДОВІЛЬНИЙ",null,2025-01-08
7012-35844,null,null,"10-НЕРУХОМЕ МАЙНО, НЕРУХОМІСТЬ (НЕРУХОМІ РЕЧІ) ","ПРИМІЩЕННЯ В Ж/Б",null,Київська міська рада,22883141,"КОМУНАЛЬНЕ ПІДПРИЄМСТВО ""КЕРУЮЧА КОМПАНІЯ З ОБСЛУГОВУВАННЯ ЖИТЛОВОГО ФОНДУ ШЕВЧЕНКІВСЬКОГО РАЙОНУ М.КИЄВА""","34966254",null,null,"10","НЕРУХОМЕ МАЙНО, НЕРУХОМІСТЬ (НЕРУХОМІ РЕЧІ) ",кв. м.,"11352.5",UA80000000000093317,null,Україна,м. Київ,null,null,null,"ШЕВЧЕНКІВСЬКИЙ","ПОЛОВЕЦЬКА",xxx,null,null,Зареєстровано,"1523149280000",null,null,"ЗАДОВІЛЬНИЙ",null,2025-01-08
7013-1943,null,"ПОЛІКЛІНІКА","10.1264.40.003-Будівлі поліклінік","ОКРЕМО СТОЯЧИЙ","ПОЛІКЛІНІКА",Київська міська рада,22883141,"КОМУНАЛЬНЕ НЕКОМЕРЦІЙНЕ ПІДПРИЄМСТВО КИЇВСЬКА МІСЬКА СТУДЕНТСЬКА ПОЛІКЛІНІКА ВИКОНАВЧОГО ОРГАНУ КИЇВСЬКОЇ МІСЬКОЇ РАДИ (КИЇВСЬКОЇ МІСЬКОЇ ДЕРЖАВНОЇ АДМІНІСТРАЦІЇ)","02125800",null,null,"10.1264.40.003","Будівлі поліклінік",кв. м.,"7441.8",UA80000000000093317,null,Україна,м. Київ,null,null,null,"СОЛОМ'ЯНСЬКИЙ","ПОЛІТЕХНІЧНА",xxx,null,null,Зареєстровано,"1200786080000",null,null,"ЗАДОВІЛЬНИЙ",null,2025-04-11
7015-62072,null,"ДИТЯЧА ПОЛІКЛІНІКА","10.1264.40.003-Будівлі поліклінік","ОКРЕМО СТОЯЧИЙ","ПОЛІКЛІНІКА",Київська міська рада,22883141,"КОМУНАЛЬНЕ НЕКОМЕРЦІЙНЕ ПІДПРИЄМСТВО ""КИЇВСЬКА МІСЬКА КЛІНІЧНА ЛІКАРНЯ №6"" ВИКОНАВЧОГО ОРГАНУ КИЇВСЬКОЇ МІСЬКОЇ РАДИ (КИЇВСЬКОЇ МІСЬКОЇ ДЕРЖАВНОЇ АДМІНІСТРАЦІЇ)","25680355",null,null,"10.1264.40.003","Будівлі поліклінік",кв. м.,"7759.3",UA80000000000093317,"03126",Україна,м. Київ,null,null,null,"СОЛОМ'ЯНСЬКИЙ","СТРАЖЕСКА АКАДЕМІКА",xxx,null,null,Зареєстровано,"1548997980000",null,null,"ЗАДОВІЛЬНИЙ",null,2025-04-17
7016-13738,null,"перукарня, вільні",null,"ПРИМІЩЕННЯ В Ж/Б",null,Київська міська рада,22883141,"КОМУНАЛЬНЕ ПІДПРИЄМСТВО ""КЕРУЮЧА КОМПАНІЯ З ОБСЛУГОВУВАННЯ ЖИТЛОВОГО ФОНДУ ШЕВЧЕНКІВСЬКОГО РАЙОНУ М.КИЄВА""","34966254",null,null,null,null,кв. м.,"3271.3",UA80000000000093317,null,Україна,м. Київ,null,null,null,"ШЕВЧЕНКІВСЬКИЙ","САЛЮТНА",xxx,null,null,Зареєстровано,"1302534880000",null,null,"ЗАДОВІЛЬНИЙ",null,2025-01-14
7017-49195,null,"багатофункціональні","10.12-Будівлі (приміщення) нежитлові","ПРИМІЩЕННЯ В Ж/Б","ІНШЕ",Київська міська рада,22883141,"КОМУНАЛЬНЕ ПІДПРИЄМСТВО ""КЕРУЮЧА КОМПАНІЯ З ОБСЛУГОВУВАННЯ ЖИТЛОВОГО ФОНДУ ПОДІЛЬСЬКОГО РАЙОНУ М.КИЄВА""","39609111",null,null,"10.12","Будівлі (приміщення) нежитлові",кв. м.,"85.2",UA80000000000093317,null,Україна,м. Київ,null,null,null,"ПОДІЛЬСЬКИЙ","ВВЕДЕНСЬКА",xxx,null,null,Зареєстровано,"2092998180000",null,null,"ЗАДОВІЛЬНИЙ",null,2025-06-09
7022-62090,null,null,"10.6000.01-Приміщення в житлових будинках та спорудах","ПРИМІЩЕННЯ В Ж/Б",null,Київська міська рада,22883141,"КОМУНАЛЬНЕ ПІДПРИЄМСТВО ""КЕРУЮЧА КОМПАНІЯ З ОБСЛУГОВУВАННЯ ЖИТЛОВОГО ФОНДУ ПОДІЛЬСЬКОГО РАЙОНУ М.КИЄВА""","39609111",null,null,"10.6000.01","Приміщення в житлових будинках та спорудах",кв. м.,"157.8",UA80000000000093317,"04136",Україна,м. Київ,null,null,null,"ПОДІЛЬСЬКИЙ","СИРЕЦЬКА",xxx,null,null,Зареєстровано,"942952080000",null,null,"ЗАДОВІЛЬНИЙ",null,2025-03-20
7023-48399,null,"творчі майстерні, поліклініка МВС, профспілки, побутові послуги, вільні, власні потреби","10.12-Будівлі (приміщення) нежитлові","ПРИМІЩЕННЯ В Ж/Б","ІНШЕ",Київська міська рада,22883141,"КОМУНАЛЬНЕ ПІДПРИЄМСТВО ""КЕРУЮЧА КОМПАНІЯ З ОБСЛУГОВУВАННЯ ЖИТЛОВОГО ФОНДУ ПЕЧЕРСЬКОГО РАЙОНУ М.КИЄВА""","35692211",null,null,"10.12","Будівлі (приміщення) нежитлові",кв. м.,"11214.81",UA80000000000093317,null,Україна,м. Київ,null,null,null,"ПЕЧЕРСЬКИЙ","БОГОМОЛЬЦЯ АКАДЕМІКА",xxx,null,null,Зареєстровано,"1563677580000",null,null,"ЗАДОВІЛЬНИЙ",null,2025-05-29
7026-62091,null,null,"10.6000.01-Приміщення в житлових будинках та спорудах","ПРИМІЩЕННЯ В Ж/Б",null,Київська міська рада,22883141,"КОМУНАЛЬНЕ ПІДПРИЄМСТВО ""КЕРУЮЧА КОМПАНІЯ З ОБСЛУГОВУВАННЯ ЖИТЛОВОГО ФОНДУ ПОДІЛЬСЬКОГО РАЙОНУ М.КИЄВА""","39609111",null,null,"10.6000.01","Приміщення в житлових будинках та спорудах",кв. м.,"153.0",UA80000000000093317,null,Україна,м. Київ,null,null,null,"ПОДІЛЬСЬКИЙ","СИРЕЦЬКА",xxx,null,null,Невідомо,null,null,null,"ЗАДОВІЛЬНИЙ",null,2025-03-20
7030-49679,null,null,"10.12-Будівлі (приміщення) нежитлові","СПОРУДА","ІНШЕ",Київська міська рада,22883141,"КОМУНАЛЬНЕ ПІДПРИЄМСТВО ""КЕРУЮЧА КОМПАНІЯ З ОБСЛУГОВУВАННЯ ЖИТЛОВОГО ФОНДУ ПОДІЛЬСЬКОГО РАЙОНУ М.КИЄВА""","39609111",null,null,"10.12","Будівлі (приміщення) нежитлові",кв. м.,"21.0",UA80000000000093317,null,Україна,м. Київ,null,null,null,"ПОДІЛЬСЬКИЙ","СВОБОДИ ПРОСПЕКТ",xxx,null,null,Зареєстровано,"1604384180000",null,null,"ЗАДОВІЛЬНИЙ",null,2025-03-21
7031-28149,null,"71,5 кв.м - бойлерна. 221,0 кв.м - відкрито кримінальне провадження щодо повернення приміщень тер.громаді",null,"ПРИМІЩЕННЯ В Ж/Б",null,Київська міська рада,22883141,"КОМУНАЛЬНЕ ПІДПРИЄМСТВО ""КЕРУЮЧА КОМПАНІЯ З ОБСЛУГОВУВАННЯ ЖИТЛОВОГО ФОНДУ ШЕВЧЕНКІВСЬКОГО РАЙОНУ М.КИЄВА""","34966254",null,null,null,null,кв. м.,"835.3",UA80000000000093317,null,Україна,м. Київ,null,null,null,"ШЕВЧЕНКІВСЬКИЙ","ХМЕЛЬНИЦЬКОГО БОГДАНА",xxx,null,null,Зареєстровано,"130346808000",null,null,"ЗАДОВІЛЬНИЙ",null,2025-01-16
7036-17115,null,"вільні -1 пов., підвал -118,3 кв.м - об’єкт цивільної оборони (укриття)",null,"ПРИМІЩЕННЯ В Ж/Б","ІНШЕ",Київська міська рада,22883141,"КОМУНАЛЬНЕ ПІДПРИЄМСТВО ""КЕРУЮЧА КОМПАНІЯ З ОБСЛУГОВУВАННЯ ЖИТЛОВОГО ФОНДУ ШЕВЧЕНКІВСЬКОГО РАЙОНУ М.КИЄВА""","34966254",null,null,null,null,кв. м.,"2848.8",UA80000000000093317,null,Україна,м. Київ,null,null,null,"ШЕВЧЕНКІВСЬКИЙ","СІЧОВИХ СТРІЛЬЦІВ (АРТЕМА)",xxx,null,null,Невідомо,null,null,null,"ЗАДОВІЛЬНИЙ",null,2025-01-23
7041-62139,null,null,"10.6000.01-Приміщення в житлових будинках та спорудах","ПРИМІЩЕННЯ В Ж/Б",null,Київська міська рада,22883141,"КОМУНАЛЬНЕ ПІДПРИЄМСТВО ""КЕРУЮЧА КОМПАНІЯ З ОБСЛУГОВУВАННЯ ЖИТЛОВОГО ФОНДУ ШЕВЧЕНКІВСЬКОГО РАЙОНУ М.КИЄВА""","34966254",null,null,"10.6000.01","Приміщення в житлових будинках та спорудах",кв. м.,"3436.0",UA80000000000093317,null,Україна,м. Київ,null,null,null,"ШЕВЧЕНКІВСЬКИЙ","ЮРІЯ ГЛУШКА (ПОДВОЙСЬКОГО)",xxx,null,null,Зареєстровано,"2680354180000",null,null,"ЗАДОВІЛЬНИЙ",null,2025-02-04
7042-46056,null,"АПТЕКА","10.1220.10.023-Будівлі адміністративні","ОКРЕМО СТОЯЧИЙ","АПТЕКА",Київська міська рада,22883141,"КОМУНАЛЬНЕ ПІДПРИЄМСТВО ""КИЇВЖИТЛОСПЕЦЕКСПЛУАТАЦІЯ""","03366500",null,null,"10.1220.10.023","Будівлі адміністративні",кв. м.,"1308.6",UA80000000000093317,null,Україна,м. Київ,null,null,null,"СВЯТОШИНСЬКИЙ","ГЕРОЇВ КОСМОСУ",xxx,null,null,Невідомо,null,null,null,"ЗАДОВІЛЬНИЙ",null,2025-04-03
7043-58566,null,null,"10.1220.10.023-Будівлі адміністративні","ОКРЕМО СТОЯЧИЙ","АДМІНІСТРАТИВНЕ",Київська міська рада,22883141,"КОМУНАЛЬНЕ ПІДПРИЄМСТВО ""КИЇВЖИТЛОСПЕЦЕКСПЛУАТАЦІЯ""","03366500",null,null,"10.1220.10.023","Будівлі адміністративні",кв. м.,"137.7",UA80000000000093317,null,Україна,м. Київ,null,null,null,"ІНШЕ","ІВАНА КОТЛЯРЕВСЬКОГО (ПРАЦІ БУЛЬВАР)",xxx,null,null,Невідомо,null,null,null,"ЗАДОВІЛЬНИЙ",null,2025-04-03
7046-48837,null,"АДМІНІСТРАТИВНО-ВИРОБНИЧЕ","10.1220.10.023-Будівлі адміністративні","ОКРЕМО СТОЯЧИЙ","АДМІНІСТРАТИВНО-ВИРОБНИЧЕ",Київська міська рада,22883141,"КОМУНАЛЬНЕ ПІДПРИЄМСТВО ""КЕРУЮЧА КОМПАНІЯ З ОБСЛУГОВУВАННЯ ЖИТЛОВОГО ФОНДУ СВЯТОШИНСЬКОГО РАЙОНУ М. КИЄВА""","39607507",null,null,"10.1220.10.023","Будівлі адміністративні",кв. м.,"3085.0",UA80000000000093317,"03164",Україна,м. Київ,null,null,null,"СВЯТОШИНСЬКИЙ","ПІДЛІСНА",xxx,null,null,Зареєстровано,"1594606580000",null,null,"ЗАДОВІЛЬНИЙ",null,2025-04-01
7053-48927,null,"АДМІНІСТРАТИВНО-ВИРОБНИЧЕ","10.122-Будівлі офісні","ПРИМІЩЕННЯ В Ж/Б","АДМІНІСТРАТИВНО-ВИРОБНИЧЕ",Київська міська рада,22883141,"КОМУНАЛЬНЕ ПІДПРИЄМСТВО ""КЕРУЮЧА КОМПАНІЯ З ОБСЛУГОВУВАННЯ ЖИТЛОВОГО ФОНДУ СВЯТОШИНСЬКОГО РАЙОНУ М. КИЄВА""","39607507",null,null,"10.122","Будівлі офісні",кв. м.,"7805.1",UA80000000000093317,"03062",Україна,м. Київ,null,null,null,"СВЯТОШИНСЬКИЙ","БЕРЕСТЕЙСЬКИЙ ПРОСПЕКТ (ПРОСПЕКТ ПЕРЕМОГИ)",xxx,null,null,Зареєстровано,"1686078780000",null,null,"ЗАДОВІЛЬНИЙ",null,2025-04-01
7054-45984,null,"АДМІНІСТРАТИВНЕ","10.1220.10.023-Будівлі адміністративні","ОКРЕМО СТОЯЧИЙ","АДМІНІСТРАТИВНЕ",Київська міська рада,22883141,"КОМУНАЛЬНЕ ПІДПРИЄМСТВО ""КИЇВЖИТЛОСПЕЦЕКСПЛУАТАЦІЯ""","03366500",null,null,"10.1220.10.023","Будівлі адміністративні",кв. м.,"828.7",UA80000000000093317,"04070",Україна,м. Київ,null,null,null,"ПОДІЛЬСЬКИЙ","АНДРІЇВСЬКИЙ УЗВІЗ",xxx,null,null,Невідомо,null,null,null,"ЗАДОВІЛЬНИЙ",null,2025-04-03
7058-52544,null,null,"10.11-Будівлі житлові","ПРИМІЩЕННЯ В Ж/Б","ПОБУТОВЕ ПРИМІЩЕННЯ",Київська міська рада,22883141,"КОМУНАЛЬНЕ ПІДПРИЄМСТВО ""КЕРУЮЧА КОМПАНІЯ З ОБСЛУГОВУВАННЯ ЖИТЛОВОГО ФОНДУ ОБОЛОНСЬКОГО РАЙОНУ М.КИЄВА""","39611267",null,null,"10.11","Будівлі житлові",кв. м.,"2601.3",UA80000000000093317,"04074",Україна,м. Київ,null,null,null,"ОБОЛОНСЬКИЙ","ВИШГОРОДСЬКА",xxx,null,null,Невідомо,null,null,null,"ЗАДОВІЛЬНИЙ",null,2025-06-09
7061-15017,null,null,"10.12-Будівлі (приміщення) нежитлові","ОКРЕМО СТОЯЧИЙ",null,Київська міська рада,22883141,"КОМУНАЛЬНЕ ПІДПРИЄМСТВО ""КЕРУЮЧА КОМПАНІЯ З ОБСЛУГОВУВАННЯ ЖИТЛОВОГО ФОНДУ ШЕВЧЕНКІВСЬКОГО РАЙОНУ М.КИЄВА""","34966254",null,null,"10.12","Будівлі (приміщення) нежитлові",кв. м.,"38.4",UA80000000000093317,null,Україна,м. Київ,null,null,null,"ШЕВЧЕНКІВСЬКИЙ","БЕРЕСТЕЙСЬКИЙ ПРОСПЕКТ (ПРОСПЕКТ ПЕРЕМОГИ)",xxx,null,null,Зареєстровано,"2741370880000",null,null,"ЗАДОВІЛЬНИЙ",null,2025-02-24
7062-47393,null,"ПОЛІКЛІНІНІЧНА УСТАНОВА","10.1264.40.003-Будівлі поліклінік","ОКРЕМО СТОЯЧИЙ","ПОЛІКЛІНІКА",Київська міська рада,22883141,"КОМУНАЛЬНЕ НЕКОМЕРЦІЙНЕ ПІДПРИЄМСТВО ЦЕНТР ПЕРВИННОЇ МЕДИКО-САНІТАРНОЇ ДОПОМОГИ № 1 ПОДІЛЬСЬКОГО РАЙОНУ М.КИЄВА","38946268",null,null,"10.1264.40.003","Будівлі поліклінік",кв. м.,"7880.0",UA80000000000093317,"04070",Україна,м. Київ,null,null,null,"ПОДІЛЬСЬКИЙ","ВОЛОСЬКА",xxx,null,null,Зареєстровано,"1558706780000",null,null,"ЗАДОВІЛЬНИЙ",null,2025-04-07
7067-45897,null,"АДМІНІСТРАТИВНЕ","10.1220.10.023-Будівлі адміністративні","ПРИМІЩЕННЯ В Н/Б","АДМІНІСТРАТИВНЕ",Київська міська рада,22883141,"КОМУНАЛЬНЕ ПІДПРИЄМСТВО ""КИЇВЖИТЛОСПЕЦЕКСПЛУАТАЦІЯ""","03366500",null,null,"10.1220.10.023","Будівлі адміністративні",кв. м.,"3108.2",UA80000000000093317,null,Україна,м. Київ,null,null,null,"СВЯТОШИНСЬКИЙ","ЮРИ ГНАТА",xxx,null,null,Зареєстровано,"2096363480000",null,null,"ЗАДОВІЛЬНИЙ",null,2025-05-05
7068-43841,null,"ДИСПЕТЧЕРСЬКИЙ ПУНКТ, КТП","10.1220.10.023-Будівлі адміністративні","ОКРЕМО СТОЯЧИЙ","ДИСПЕТЧЕРСЬКИЙ ПУНКТ",Київська міська рада,22883141,"КОМУНАЛЬНЕ ПІДПРИЄМСТВО ""КИЇВПАСТРАНС""","31725604",null,null,"10.1220.10.023","Будівлі адміністративні",кв. м.,"98.5",UA80000000000093317,"03067",Україна,м. Київ,null,null,null,"СОЛОМ'ЯНСЬКИЙ","ОЛЕКСИ ТИХОГО (ВИБОРЗЬКА)",xxx,null,null,Невідомо,null,null,null,"ЗАДОВІЛЬНИЙ",null,2025-06-13
7070-43839,null,"СКЛАД МЕТАЛУ","10.1220.10.023-Будівлі адміністративні","ОКРЕМО СТОЯЧИЙ","СКЛАДСЬКЕ ПРИМІЩЕННЯ",Київська міська рада,22883141,"КОМУНАЛЬНЕ ПІДПРИЄМСТВО ""КИЇВПАСТРАНС""","31725604",null,null,"10.1220.10.023","Будівлі адміністративні",кв. м.,"200.7",UA80000000000093317,"03067",Україна,м. Київ,null,null,null,"СОЛОМ'ЯНСЬКИЙ","ОЛЕКСИ ТИХОГО (ВИБОРЗЬКА)",xxx,null,null,Невідомо,null,null,null,"ЗАДОВІЛЬНИЙ",null,2025-06-13
7075-43849,null,"СКЛАД ТО-2","10.1220.10.023-Будівлі адміністративні","ПРИБУДОВАНЕ ПРИМІЩ.","СКЛАДСЬКЕ ПРИМІЩЕННЯ",Київська міська рада,22883141,"КОМУНАЛЬНЕ ПІДПРИЄМСТВО ""КИЇВПАСТРАНС""","31725604",null,null,"10.1220.10.023","Будівлі адміністративні",кв. м.,"181.8",UA80000000000093317,"03067",Україна,м. Київ,null,null,null,"СОЛОМ'ЯНСЬКИЙ","ОЛЕКСИ ТИХОГО (ВИБОРЗЬКА)",xxx,null,null,Невідомо,null,null,null,"ЗАДОВІЛЬНИЙ",null,2025-06-13
7077-43840,null,"СКЛАД МАТЕРІАЛІВ","10.1220.10.023-Будівлі адміністративні","ОКРЕМО СТОЯЧИЙ","СКЛАДСЬКЕ ПРИМІЩЕННЯ",Київська міська рада,22883141,"КОМУНАЛЬНЕ ПІДПРИЄМСТВО ""КИЇВПАСТРАНС""","31725604",null,null,"10.1220.10.023","Будівлі адміністративні",кв. м.,"199.3",UA80000000000093317,"03067",Україна,м. Київ,null,null,null,"СОЛОМ'ЯНСЬКИЙ","ОЛЕКСИ ТИХОГО (ВИБОРЗЬКА)",xxx,null,null,Невідомо,null,null,null,"ЗАДОВІЛЬНИЙ",null,2025-06-13
7078-43837,null,"КОТЕЛЬНЯ","10.1220.10.023-Будівлі адміністративні","ОКРЕМО СТОЯЧИЙ","КОТЕЛЬНЯ",Київська міська рада,22883141,"КОМУНАЛЬНЕ ПІДПРИЄМСТВО ""КИЇВПАСТРАНС""","31725604",null,null,"10.1220.10.023","Будівлі адміністративні",кв. м.,"245.3",UA80000000000093317,"03067",Україна,м. Київ,null,null,null,"СОЛОМ'ЯНСЬКИЙ","ОЛЕКСИ ТИХОГО (ВИБОРЗЬКА)",xxx,null,null,Невідомо,null,null,null,"ЗАДОВІЛЬНИЙ",null,2025-06-13
7079-43846,null,"ПАВІЛЬЙОН ВГМ","10.1220.10.023-Будівлі адміністративні","ОКРЕМО СТОЯЧИЙ","ВИРОБНИЧЕ",Київська міська рада,22883141,"КОМУНАЛЬНЕ ПІДПРИЄМСТВО ""КИЇВПАСТРАНС""","31725604",null,null,"10.1220.10.023","Будівлі адміністративні",кв. м.,"87.6",UA80000000000093317,"03067",Україна,м. Київ,null,null,null,"СОЛОМ'ЯНСЬКИЙ","ОЛЕКСИ ТИХОГО (ВИБОРЗЬКА)",xxx,null,null,Невідомо,null,null,null,"ЗАДОВІЛЬНИЙ",null,2025-06-13
7087-61056,null,"АДМІНІСТРАТИВНЕ","10.12-Будівлі (приміщення) нежитлові","ОКРЕМО СТОЯЧИЙ","АДМІНІСТРАТИВНЕ",Київська міська рада,22883141,"КОМУНАЛЬНЕ ПІДПРИЄМСТВО ""КИЇВЖИТЛОСПЕЦЕКСПЛУАТАЦІЯ""","03366500",null,null,"10.12","Будівлі (приміщення) нежитлові",кв. м.,"265.8",UA80000000000093317,"01004",Україна,м. Київ,null,null,null,"ШЕВЧЕНКІВСЬКИЙ","ЄВГЕНА ЧИКАЛЕНКА (ПУШКІНСЬКА)",xxx,null,null,Невідомо,null,null,null,"ПІДЛЯГАЄ ЗНЕСЕННЮ",null,2025-04-14
7089-5784,null,"ПРОХІДНА","10.12-Будівлі (приміщення) нежитлові","ОКРЕМО СТОЯЧИЙ","ПРОХІДНА",Київська міська рада,22883141,"КОМУНАЛЬНЕ НЕКОМЕРЦІЙНЕ ПІДПРИЄМСТВО КИЇВСЬКИЙ ФТИЗІОПУЛЬМОНОЛОГІЧНИЙ ЦЕНТР ВИКОНАВЧОГО ОРГАНУ КИЇВСЬКОЇ МІСЬКОЇ РАДИ (КИЇВСЬКОЇ МІСЬКОЇ ДЕРЖАВНОЇ АДМІНІСТРАЦІЇ)","01993865",null,null,"10.12","Будівлі (приміщення) нежитлові",кв. м.,"12.0",UA80000000000093317,null,Україна,м. Київ,null,null,null,"ШЕВЧЕНКІВСЬКИЙ","АЛЛИ ГОРСЬКОЇ (БЄЛІНСЬКОГО ЧЕСЛАВА )",xxx,null,null,Зареєстровано,"1887169480000",null,null,"ПІДЛЯГАЄ ЗНЕСЕННЮ",null,2025-04-17
7091-12817,null,"ГАРАЖ","10.1242.10.000-Гаражні бокси","ОКРЕМО СТОЯЧИЙ","ГАРАЖ",Київська міська рада,22883141,"КОМУНАЛЬНЕ НЕКОМЕРЦІЙНЕ ПІДПРИЄМСТВО КИЇВСЬКИЙ ФТИЗІОПУЛЬМОНОЛОГІЧНИЙ ЦЕНТР ВИКОНАВЧОГО ОРГАНУ КИЇВСЬКОЇ МІСЬКОЇ РАДИ (КИЇВСЬКОЇ МІСЬКОЇ ДЕРЖАВНОЇ АДМІНІСТРАЦІЇ)","01993865",null,null,"10.1242.10.000","Гаражні бокси",кв. м.,"108.7",UA80000000000093317,null,Україна,м. Київ,null,null,null,"ПЕЧЕРСЬКИЙ","БРАНОВИЦЬКОГО ІГОРЯ (ПЕРСПЕКТИВНА)",xxx,null,null,Зареєстровано,"1843679780000",null,null,"ПОТРЕБУЄ РЕМОНТУ",null,2025-04-18
7092-60234,null,"нежитлова будівля","10.12-Будівлі (приміщення) нежитлові","ОКРЕМО СТОЯЧИЙ",null,Київська міська рада,22883141,"КОМУНАЛЬНЕ ПІДПРИЄМСТВО ""КЕРУЮЧА КОМПАНІЯ З ОБСЛУГОВУВАННЯ ЖИТЛОВОГО ФОНДУ ШЕВЧЕНКІВСЬКОГО РАЙОНУ М.КИЄВА""","34966254",null,null,"10.12","Будівлі (приміщення) нежитлові",кв. м.,"2820.3",UA80000000000093317,"03113",Україна,м. Київ,null,null,null,"ШЕВЧЕНКІВСЬКИЙ","БЕРЕСТЕЙСЬКИЙ ПРОСПЕКТ (ПРОСПЕКТ ПЕРЕМОГИ)",xxx,null,null,Невідомо,null,null,null,"ДОБРИЙ",null,2025-05-26
7096-59152,null,"ХАРЧОБЛОК Б","10.1211.50.004-Їдальні","ОКРЕМО СТОЯЧИЙ","ХАРЧОБЛОК",Київська міська рада,22883141,"КОМУНАЛЬНЕ НЕКОМЕРЦІЙНЕ ПІДПРИЄМСТВО КИЇВСЬКИЙ ФТИЗІОПУЛЬМОНОЛОГІЧНИЙ ЦЕНТР ВИКОНАВЧОГО ОРГАНУ КИЇВСЬКОЇ МІСЬКОЇ РАДИ (КИЇВСЬКОЇ МІСЬКОЇ ДЕРЖАВНОЇ АДМІНІСТРАЦІЇ)","01993865",null,null,"10.1211.50.004","Їдальні",кв. м.,"413.9",UA80000000000093317,"02091",Україна,м. Київ,null,null,null,"ДАРНИЦЬКИЙ","ХАРКІВСЬКЕ ШОСЕ",xxx,null,null,Зареєстровано,"1303388780000",null,null,"ДОБРИЙ",null,2025-04-15
7097-59151,null,"ЛІКУВАЛЬНИЙ КОРПУС А","10.1264.2-Будівлі лікувально-профілактичні","ОКРЕМО СТОЯЧИЙ","ЛІКУВАЛЬНЕ",Київська міська рада,22883141,"КОМУНАЛЬНЕ НЕКОМЕРЦІЙНЕ ПІДПРИЄМСТВО КИЇВСЬКИЙ ФТИЗІОПУЛЬМОНОЛОГІЧНИЙ ЦЕНТР ВИКОНАВЧОГО ОРГАНУ КИЇВСЬКОЇ МІСЬКОЇ РАДИ (КИЇВСЬКОЇ МІСЬКОЇ ДЕРЖАВНОЇ АДМІНІСТРАЦІЇ)","01993865",null,null,"10.1264.2","Будівлі лікувально-профілактичні",кв. м.,"3412.0",UA80000000000093317,"02091",Україна,м. Київ,null,null,null,"ДАРНИЦЬКИЙ","ХАРКІВСЬКЕ ШОСЕ",xxx,null,null,Зареєстровано,"1303388780000",null,null,"НЕЗАДОВІЛЬНИЙ",null,2025-05-16
7099-21522,null,"НЕЖИТЛОВІ ПРИМІЩЕННЯ","10.1300.00.001-Будівлі нежитлові окремо розташовані","ОКРЕМО СТОЯЧИЙ","АДМІНІСТРАТИВНЕ",Київська міська рада,22883141,"КОМУНАЛЬНЕ ПІДПРИЄМСТВО ""ВАТУТІНСЬКІНВЕСТБУД""","30977943",null,null,"10.1300.00.001","Будівлі нежитлові окремо розташовані",кв. м.,"105.2",UA80000000000093317,"02097",Україна,м. Київ,null,null,null,"ДЕСНЯНСЬКИЙ","РАДИСТІВ",xxx,null,null,Зареєстровано,"1386785080000",null,null,"ЗАДОВІЛЬНИЙ",null,2025-04-10
7101-59151,null,"ЛІКУВАЛЬНИЙ КОРПУС А","10.1264.2-Будівлі лікувально-профілактичні","ОКРЕМО СТОЯЧИЙ","ЛІКУВАЛЬНЕ",Київська міська рада,22883141,"КОМУНАЛЬНЕ НЕКОМЕРЦІЙНЕ ПІДПРИЄМСТВО КИЇВСЬКИЙ ФТИЗІОПУЛЬМОНОЛОГІЧНИЙ ЦЕНТР ВИКОНАВЧОГО ОРГАНУ КИЇВСЬКОЇ МІСЬКОЇ РАДИ (КИЇВСЬКОЇ МІСЬКОЇ ДЕРЖАВНОЇ АДМІНІСТРАЦІЇ)","01993865",null,null,"10.1264.2","Будівлі лікувально-профілактичні",кв. м.,"3412.0",UA80000000000093317,"02091",Україна,м. Київ,null,null,null,"ДАРНИЦЬКИЙ","ХАРКІВСЬКЕ ШОСЕ",xxx,null,null,Зареєстровано,"1303388780000",null,null,"НЕЗАДОВІЛЬНИЙ",null,2025-05-16
7103-51080,null,"оренда - освітня діяльність, вільне, 96,4 кв.м НАЙПРОСТІШЕ УКРИТТЯ","10.12-Будівлі (приміщення) нежитлові","ОКРЕМО СТОЯЧИЙ","ІНШЕ",Київська міська рада,22883141,"КОМУНАЛЬНЕ ПІДПРИЄМСТВО ""КЕРУЮЧА КОМПАНІЯ З ОБСЛУГОВУВАННЯ ЖИТЛОВОГО ФОНДУ ПЕЧЕРСЬКОГО РАЙОНУ М.КИЄВА""","35692211",null,null,"10.12","Будівлі (приміщення) нежитлові",кв. м.,"2302.6",UA80000000000093317,null,Україна,м. Київ,null,null,null,"ПЕЧЕРСЬКИЙ","ВАСИЛЯ ТЮТЮННИКА (БАРБЮСА АНРІ)",xxx,null,null,Зареєстровано,"1565727480000",null,null,"ЗАДОВІЛЬНИЙ",null,2025-03-10
7104-48445,null,"оренда ГО, вільне","10.12-Будівлі (приміщення) нежитлові","ПРИМІЩЕННЯ В Ж/Б","ІНШЕ",Київська міська рада,22883141,"КОМУНАЛЬНЕ ПІДПРИЄМСТВО ""КЕРУЮЧА КОМПАНІЯ З ОБСЛУГОВУВАННЯ ЖИТЛОВОГО ФОНДУ ПЕЧЕРСЬКОГО РАЙОНУ М.КИЄВА""","35692211",null,null,"10.12","Будівлі (приміщення) нежитлові",кв. м.,"1927.89",UA80000000000093317,null,Україна,м. Київ,null,null,null,"ПЕЧЕРСЬКИЙ","РІЗНИЦЬКА",xxx,null,null,Зареєстровано,"1520481280000",null,null,"ЗАДОВІЛЬНИЙ",null,2025-03-10
7105-59942,null,"БУДІВЛЯ МЛВМ","10.1264.40.004-Будівлі пунктів медичного обслуговування","ОКРЕМО СТОЯЧИЙ","ВИРОБНИЧЕ",Київська міська рада,22883141,"КОМУНАЛЬНЕ НЕКОМЕРЦІЙНЕ ПІДПРИЄМСТВО КЛІНІЧНИЙ ЗАКЛАД З НАДАННЯ ПСИХІАТРИЧНОЇ ДОПОМОГИ ПСИХІАТРІЯ ВИКОНАВЧОГО ОРГАНУ КИЇВСЬКОЇ МІСЬКОЇ РАДИ (КИЇВСЬКОЇ МІСЬКОЇ ДЕРЖАВНОЇ АДМІНІСТРАЦІЇ)","01994072",null,null,"10.1264.40.004","Будівлі пунктів медичного обслуговування",кв. м.,"1451.8",UA80000000000093317,null,Україна,м. Київ,null,null,null,"СОЛОМ'ЯНСЬКИЙ","ОЛЕКСИ ТИХОГО (ВИБОРЗЬКА)",xxx,null,null,Зареєстровано,"1691444280000",null,null,"ПОТРЕБУЄ РЕМОНТУ",null,2025-06-16
7106-49143,null,"АДМІНІСТРАТИВНЕ","10.6000.01.001-Приміщення основні","ПРИМІЩЕННЯ В Ж/Б","АДМІНІСТРАТИВНЕ",Київська міська рада,22883141,"КОМУНАЛЬНЕ ПІДПРИЄМСТВО ""КЕРУЮЧА КОМПАНІЯ З ОБСЛУГОВУВАННЯ ЖИТЛОВОГО ФОНДУ ГОЛОСІЇВСЬКОГО РАЙОНУ М.КИЄВА""","32375554",null,null,"10.6000.01.001","Приміщення основні",кв. м.,"15668.48",UA80000000000093317,"03127",Україна,м. Київ,null,null,null,"ГОЛОСІЇВСЬКИЙ","ГОЛОСІЇВСЬКИЙ ПРОСПЕКТ(40-РІЧЧЯ ЖОВТНЯ)",xxx,null,null,Зареєстровано,"2363653480000",null,null,"ЗАДОВІЛЬНИЙ",null,2025-04-15
7112-59151,null,"ЛІКУВАЛЬНИЙ КОРПУС А","10.1264.2-Будівлі лікувально-профілактичні","ОКРЕМО СТОЯЧИЙ","ЛІКУВАЛЬНЕ",Київська міська рада,22883141,"КОМУНАЛЬНЕ НЕКОМЕРЦІЙНЕ ПІДПРИЄМСТВО КИЇВСЬКИЙ ФТИЗІОПУЛЬМОНОЛОГІЧНИЙ ЦЕНТР ВИКОНАВЧОГО ОРГАНУ КИЇВСЬКОЇ МІСЬКОЇ РАДИ (КИЇВСЬКОЇ МІСЬКОЇ ДЕРЖАВНОЇ АДМІНІСТРАЦІЇ)","01993865",null,null,"10.1264.2","Будівлі лікувально-профілактичні",кв. м.,"3412.0",UA80000000000093317,"02091",Україна,м. Київ,null,null,null,"ДАРНИЦЬКИЙ","ХАРКІВСЬКЕ ШОСЕ",xxx,null,null,Зареєстровано,"1303388780000",null,null,"НЕЗАДОВІЛЬНИЙ",null,2025-05-16
7113-59151,null,"ЛІКУВАЛЬНИЙ КОРПУС А","10.1264.2-Будівлі лікувально-профілактичні","ОКРЕМО СТОЯЧИЙ","ЛІКУВАЛЬНЕ",Київська міська рада,22883141,"КОМУНАЛЬНЕ НЕКОМЕРЦІЙНЕ ПІДПРИЄМСТВО КИЇВСЬКИЙ ФТИЗІОПУЛЬМОНОЛОГІЧНИЙ ЦЕНТР ВИКОНАВЧОГО ОРГАНУ КИЇВСЬКОЇ МІСЬКОЇ РАДИ (КИЇВСЬКОЇ МІСЬКОЇ ДЕРЖАВНОЇ АДМІНІСТРАЦІЇ)","01993865",null,null,"10.1264.2","Будівлі лікувально-профілактичні",кв. м.,"3412.0",UA80000000000093317,"02091",Україна,м. Київ,null,null,null,"ДАРНИЦЬКИЙ","ХАРКІВСЬКЕ ШОСЕ",xxx,null,null,Зареєстровано,"1303388780000",null,null,"НЕЗАДОВІЛЬНИЙ",null,2025-05-16
7114-59151,null,"ЛІКУВАЛЬНИЙ КОРПУС А","10.1264.2-Будівлі лікувально-профілактичні","ОКРЕМО СТОЯЧИЙ","ЛІКУВАЛЬНЕ",Київська міська рада,22883141,"КОМУНАЛЬНЕ НЕКОМЕРЦІЙНЕ ПІДПРИЄМСТВО КИЇВСЬКИЙ ФТИЗІОПУЛЬМОНОЛОГІЧНИЙ ЦЕНТР ВИКОНАВЧОГО ОРГАНУ КИЇВСЬКОЇ МІСЬКОЇ РАДИ (КИЇВСЬКОЇ МІСЬКОЇ ДЕРЖАВНОЇ АДМІНІСТРАЦІЇ)","01993865",null,null,"10.1264.2","Будівлі лікувально-профілактичні",кв. м.,"3412.0",UA80000000000093317,"02091",Україна,м. Київ,null,null,null,"ДАРНИЦЬКИЙ","ХАРКІВСЬКЕ ШОСЕ",xxx,null,null,Зареєстровано,"1303388780000",null,null,"НЕЗАДОВІЛЬНИЙ",null,2025-05-16
7115-54555,null,null,"10.6000.01.001-Приміщення основні","ПРИМІЩЕННЯ В Ж/Б","АДМІНІСТРАТИВНЕ",Київська міська рада,22883141,"КОМУНАЛЬНЕ ПІДПРИЄМСТВО ""КЕРУЮЧА КОМПАНІЯ З ОБСЛУГОВУВАННЯ ЖИТЛОВОГО ФОНДУ ГОЛОСІЇВСЬКОГО РАЙОНУ М.КИЄВА""","32375554",null,null,"10.6000.01.001","Приміщення основні",кв. м.,"1165.31",UA80000000000093317,null,Україна,м. Київ,null,null,null,"ГОЛОСІЇВСЬКИЙ","КОНЧА-ЗАСПИНСЬКА (МАТИКІНА ГЕНЕРАЛА)",xxx,null,null,Зареєстровано,"1681086980000",null,null,"ЗАДОВІЛЬНИЙ",null,2025-04-15
7116-59151,null,"ЛІКУВАЛЬНИЙ КОРПУС А","10.1264.2-Будівлі лікувально-профілактичні","ОКРЕМО СТОЯЧИЙ","ЛІКУВАЛЬНЕ",Київська міська рада,22883141,"КОМУНАЛЬНЕ НЕКОМЕРЦІЙНЕ ПІДПРИЄМСТВО КИЇВСЬКИЙ ФТИЗІОПУЛЬМОНОЛОГІЧНИЙ ЦЕНТР ВИКОНАВЧОГО ОРГАНУ КИЇВСЬКОЇ МІСЬКОЇ РАДИ (КИЇВСЬКОЇ МІСЬКОЇ ДЕРЖАВНОЇ АДМІНІСТРАЦІЇ)","01993865",null,null,"10.1264.2","Будівлі лікувально-профілактичні",кв. м.,"3412.0",UA80000000000093317,"02091",Україна,м. Київ,null,null,null,"ДАРНИЦЬКИЙ","ХАРКІВСЬКЕ ШОСЕ",xxx,null,null,Зареєстровано,"1303388780000",null,null,"НЕЗАДОВІЛЬНИЙ",null,2025-05-16
7117-59151,null,"ЛІКУВАЛЬНИЙ КОРПУС А","10.1264.2-Будівлі лікувально-профілактичні","ОКРЕМО СТОЯЧИЙ","ЛІКУВАЛЬНЕ",Київська міська рада,22883141,"КОМУНАЛЬНЕ НЕКОМЕРЦІЙНЕ ПІДПРИЄМСТВО КИЇВСЬКИЙ ФТИЗІОПУЛЬМОНОЛОГІЧНИЙ ЦЕНТР ВИКОНАВЧОГО ОРГАНУ КИЇВСЬКОЇ МІСЬКОЇ РАДИ (КИЇВСЬКОЇ МІСЬКОЇ ДЕРЖАВНОЇ АДМІНІСТРАЦІЇ)","01993865",null,null,"10.1264.2","Будівлі лікувально-профілактичні",кв. м.,"3412.0",UA80000000000093317,"02091",Україна,м. Київ,null,null,null,"ДАРНИЦЬКИЙ","ХАРКІВСЬКЕ ШОСЕ",xxx,null,null,Зареєстровано,"1303388780000",null,null,"НЕЗАДОВІЛЬНИЙ",null,2025-05-16
7118-49790,null,"АДМІНІСТРАТИВНЕ","10.6000.01.001-Приміщення основні","ОКРЕМО СТОЯЧИЙ","АДМІНІСТРАТИВНЕ",Київська міська рада,22883141,"КОМУНАЛЬНЕ ПІДПРИЄМСТВО ""КЕРУЮЧА КОМПАНІЯ З ОБСЛУГОВУВАННЯ ЖИТЛОВОГО ФОНДУ ГОЛОСІЇВСЬКОГО РАЙОНУ М.КИЄВА""","32375554",null,null,"10.6000.01.001","Приміщення основні",кв. м.,"5940.7",UA80000000000093317,"03127",Україна,м. Київ,null,null,null,"ГОЛОСІЇВСЬКИЙ","ЮЛІЇ ЗДАНОВСЬКОЇ (ЛОМОНОСОВА)",xxx,null,null,Зареєстровано,"1203197480000",null,null,"ЗАДОВІЛЬНИЙ",null,2025-04-15
7120-59151,null,"ЛІКУВАЛЬНИЙ КОРПУС А","10.1264.2-Будівлі лікувально-профілактичні","ОКРЕМО СТОЯЧИЙ","ЛІКУВАЛЬНЕ",Київська міська рада,22883141,"КОМУНАЛЬНЕ НЕКОМЕРЦІЙНЕ ПІДПРИЄМСТВО КИЇВСЬКИЙ ФТИЗІОПУЛЬМОНОЛОГІЧНИЙ ЦЕНТР ВИКОНАВЧОГО ОРГАНУ КИЇВСЬКОЇ МІСЬКОЇ РАДИ (КИЇВСЬКОЇ МІСЬКОЇ ДЕРЖАВНОЇ АДМІНІСТРАЦІЇ)","01993865",null,null,"10.1264.2","Будівлі лікувально-профілактичні",кв. м.,"3412.0",UA80000000000093317,"02091",Україна,м. Київ,null,null,null,"ДАРНИЦЬКИЙ","ХАРКІВСЬКЕ ШОСЕ",xxx,null,null,Зареєстровано,"1303388780000",null,null,"НЕЗАДОВІЛЬНИЙ",null,2025-05-16
7121-59151,null,"ЛІКУВАЛЬНИЙ КОРПУС А","10.1264.2-Будівлі лікувально-профілактичні","ОКРЕМО СТОЯЧИЙ","ЛІКУВАЛЬНЕ",Київська міська рада,22883141,"КОМУНАЛЬНЕ НЕКОМЕРЦІЙНЕ ПІДПРИЄМСТВО КИЇВСЬКИЙ ФТИЗІОПУЛЬМОНОЛОГІЧНИЙ ЦЕНТР ВИКОНАВЧОГО ОРГАНУ КИЇВСЬКОЇ МІСЬКОЇ РАДИ (КИЇВСЬКОЇ МІСЬКОЇ ДЕРЖАВНОЇ АДМІНІСТРАЦІЇ)","01993865",null,null,"10.1264.2","Будівлі лікувально-профілактичні",кв. м.,"3412.0",UA80000000000093317,"02091",Україна,м. Київ,null,null,null,"ДАРНИЦЬКИЙ","ХАРКІВСЬКЕ ШОСЕ",xxx,null,null,Зареєстровано,"1303388780000",null,null,"НЕЗАДОВІЛЬНИЙ",null,2025-05-16
7125-59768,null,"СМІТТЄСПАЛЮВАЧ","10.1274.6-Будівлі господарські ","ОКРЕМО СТОЯЧИЙ","СМІТТЄЗБІРНИК",Київська міська рада,22883141,"КОМУНАЛЬНЕ НЕКОМЕРЦІЙНЕ ПІДПРИЄМСТВО «ДЕРМАТОВЕНЕРОЛОГІЯ» ВИКОНАВЧОГО ОРГАНУ КИЇВСЬКОЇ МІСЬКОЇ РАДИ (КИЇВСЬКОЇ МІСЬКОЇ ДЕРЖАВНОЇ АДМІНІСТРАЦІЇ)","05416248",null,null,"10.1274.6","Будівлі господарські ",кв. м.,"51.4",UA80000000000093317,null,Україна,м. Київ,null,null,null,"ОБОЛОНСЬКИЙ","БОГАТИРСЬКА",xxx,null,null,Зареєстровано,"1518983380000",null,null,"ЗАДОВІЛЬНИЙ",null,2025-03-12
7132-60929,null,"УЧБОВЕ ПРИМІЩЕННЯ","10.1263.30.009-Будівлі шкіл мистецтв дитячих","ОКРЕМО СТОЯЧИЙ","УЧБОВЕ ПРИМІЩЕННЯ",Київська міська рада,22883141,"МИСТЕЦЬКИЙ ЛІЦЕЙ КИЇВСЬКА ДИТЯЧА АКАДЕМІЯ МИСТЕЦТВ ІМЕНІ М.І. ЧЕМБЕРЖІ","45253480",null,null,"10.1263.30.009","Будівлі шкіл мистецтв дитячих",кв. м.,"9751.4",UA80000000000093317,"04210",Україна,м. Київ,null,null,null,"ОБОЛОНСЬКИЙ","ПРОСП. ВОЛОДИМИРА ІВАСЮКА (ПРОСП. ГЕРОЇВ СТАЛІНГРАДА) ",xxx,null,null,Невідомо,null,null,null,"ЗАДОВІЛЬНИЙ",null,2025-04-09
7133-43044,null,"НАВІС","10.2-ІНЖЕНЕРНІ СПОРУДИ","СПОРУДА","ІНШЕ",Київська міська рада,22883141,"КОМУНАЛЬНЕ ПІДПРИЄМСТВО ВИКОНАВЧОГО ОРГАНУ КИЇВСЬКОЇ МІСЬКОЇ РАДИ (КИЇВСЬКОЇ МІСЬКОЇ ДЕРЖАВНОЇ АДМІНІСТРАЦІЇ) ПО ОХОРОНІ, УТРИМАННЮ ТА ЕКСПЛУАТАЦІЇ ЗЕМЕЛЬ ВОДНОГО ФОНДУ М. КИЄВА ""ПЛЕСО""","23505151",null,null,"10.2","ІНЖЕНЕРНІ СПОРУДИ",кв. м.,"19.1",UA80000000000093317,null,Україна,м. Київ,null,null,null,"ОБОЛОНСЬКИЙ","ПРИОЗЕРНА",xxx,null,null,Невідомо,null,null,null,"ЗАДОВІЛЬНИЙ",null,2025-03-13
7135-6099,null,"УЧБОВЕ ПРИМІЩЕННЯ","10.1263-Будівлі навчальних та дослідних закладів","ОКРЕМО СТОЯЧИЙ","УЧБОВЕ ПРИМІЩЕННЯ",Київська міська рада,22883141,"КИЇВСЬКА МУНІЦИПАЛЬНА АКАДЕМІЯ МУЗИКИ  ІМ. Р.М. ГЛІЄРА","02214923",null,null,"10.1263","Будівлі навчальних та дослідних закладів",кв. м.,"2961.2",UA80000000000093317,null,Україна,м. Київ,null,null,null,"ГОЛОСІЇВСЬКИЙ","ГЕТЬМАНА ПАВЛА СКОРОПАДСЬКОГО (ТОЛСТОГО ЛЬВА)",xxx,null,null,Невідомо,null,null,null,"ЗАДОВІЛЬНИЙ",null,2025-04-10
7136-43886,null,"ГУРТОЖИТОК","10.1130.3-Гуртожитки для учнів навчальних закладів","ОКРЕМО СТОЯЧИЙ","ГУРТОЖИТОК",Київська міська рада,22883141,"КИЇВСЬКА МУНІЦИПАЛЬНА АКАДЕМІЯ МУЗИКИ  ІМ. Р.М. ГЛІЄРА","02214923",null,null,"10.1130.3","Гуртожитки для учнів навчальних закладів",кв. м.,"5000.7",UA80000000000093317,null,Україна,м. Київ,null,null,null,"СОЛОМ'ЯНСЬКИЙ","ДАШАВСЬКА",xxx,null,null,Невідомо,null,null,null,"ЗАДОВІЛЬНИЙ",null,2025-04-10
7138-47462,null,"Центр первинної медико-санітарної допомоги №1","10.1264.40.003-Будівлі поліклінік","ОКРЕМО СТОЯЧИЙ","ПОЛІКЛІНІКА",Київська міська рада,22883141,"КОМУНАЛЬНЕ НЕКОМЕРЦІЙНЕ ПІДПРИЄМСТВО ""ЦЕНТР ПЕРВИННОЇ МЕДИКО-САНІТАРНОЇ ДОПОМОГИ №1"" ШЕВЧЕНКІВСЬКОГО РАЙОНУ МІСТА КИЄВА","38945657",null,null,"10.1264.40.003","Будівлі поліклінік",кв. м.,"7067.7",UA80000000000093317,null,Україна,м. Київ,null,null,null,"ШЕВЧЕНКІВСЬКИЙ","ХМЕЛЬНИЦЬКОГО БОГДАНА",xxx,null,null,Зареєстровано,"1269273780000",null,null,"ЗАДОВІЛЬНИЙ",null,2025-04-07
7141-1938,null,"НЕЖИТЛОВІ ПРИМІЩЕННЯ","10.12-Будівлі (приміщення) нежитлові","ПРИМІЩЕННЯ В Н/Б","КОМБІНАТ ПОБУТОВОГО ОБСЛУГОВ.",Київська міська рада,22883141,"КОМУНАЛЬНЕ ПІДПРИЄМСТВО ""ВАТУТІНСЬКІНВЕСТБУД""","30977943",null,null,"10.12","Будівлі (приміщення) нежитлові",кв. м.,"2319.4",UA80000000000093317,"02222",Україна,м. Київ,null,null,null,"ДЕСНЯНСЬКИЙ","РОНАЛЬДА РЕЙГАНА (ДРАЙЗЕРА ТЕОДОРА)",xxx,null,null,Зареєстровано,"1736363580000",null,null,"ЗАДОВІЛЬНИЙ",null,2025-04-10
7145-41574,null,"ТЕПЛИЦЯ","10.1-БУДІВЛІ","ОКРЕМО СТОЯЧИЙ","ТЕПЛИЦЯ",Київська міська рада,22883141,"ШКОЛА І-ІІІ СТУПЕНІВ №308 ДЕСНЯНСЬКОГО РАЙОНУ МІСТА КИЄВА","22868696",null,null,"10.1","БУДІВЛІ",кв. м.,"162.3",UA80000000000093317,"02034",Україна,м. Київ,null,null,null,"ДЕСНЯНСЬКИЙ","ГРАДИНСЬКА",xxx,null,null,Невідомо,null,null,null,"ЗАДОВІЛЬНИЙ",null,2025-03-19
7146-7959,null,"ШКОЛА 233","10.12-Будівлі (приміщення) нежитлові","ОКРЕМО СТОЯЧИЙ","ШКОЛА",Київська міська рада,22883141,"УПРАВЛІННЯ ОСВІТИ ОБОЛОНСЬКОЇ РАЙОННОЇ В МІСТІ КИЄВІ ДЕРЖАВНОЇ АДМІНІСТРАЦІЇ","37445442",null,null,"10.12","Будівлі (приміщення) нежитлові",кв. м.,"6573.6",UA80000000000093317,null,Україна,м. Київ,null,null,null,"ОБОЛОНСЬКИЙ","ЙОРДАНСЬКА (ГАВРО ЛАЙОША)",xxx,null,null,Зареєстровано,"2388256580000",null,null,"ЗАДОВІЛЬНИЙ",null,2025-03-20
7147-13974,null,"ШКОЛА 256","10.12-Будівлі (приміщення) нежитлові","ОКРЕМО СТОЯЧИЙ","ШКОЛА",Київська міська рада,22883141,"УПРАВЛІННЯ ОСВІТИ ОБОЛОНСЬКОЇ РАЙОННОЇ В МІСТІ КИЄВІ ДЕРЖАВНОЇ АДМІНІСТРАЦІЇ","37445442",null,null,"10.12","Будівлі (приміщення) нежитлові",кв. м.,"6615.9",UA80000000000093317,null,Україна,м. Київ,null,null,null,"ОБОЛОНСЬКИЙ","ОЗЕРНА (ОБОЛОНСЬКИЙ Р-Н)",xxx,null,null,Зареєстровано,"1735563880000",null,null,"ЗАДОВІЛЬНИЙ",null,2025-06-11
7148-50918,null,"ДИТЯЧИЙ САДОК  804","10.12-Будівлі (приміщення) нежитлові","ОКРЕМО СТОЯЧИЙ","ДИТЯЧИЙ САДОК",Київська міська рада,22883141,"УПРАВЛІННЯ ОСВІТИ ОБОЛОНСЬКОЇ РАЙОННОЇ В МІСТІ КИЄВІ ДЕРЖАВНОЇ АДМІНІСТРАЦІЇ","37445442",null,null,"10.12","Будівлі (приміщення) нежитлові",кв. м.,"2821.2",UA80000000000093317,null,Україна,м. Київ,null,null,null,"ОБОЛОНСЬКИЙ","БЕРЕЖАНСЬКА",xxx,null,null,Зареєстровано,"1660432280000",null,null,"ЗАДОВІЛЬНИЙ",null,2025-03-20
7150-13980,null,"ДИТЯЧИЙ САДОК 593","10.12-Будівлі (приміщення) нежитлові","ОКРЕМО СТОЯЧИЙ","ДИТЯЧИЙ САДОК",Київська міська рада,22883141,"УПРАВЛІННЯ ОСВІТИ ОБОЛОНСЬКОЇ РАЙОННОЇ В МІСТІ КИЄВІ ДЕРЖАВНОЇ АДМІНІСТРАЦІЇ","37445442",null,null,"10.12","Будівлі (приміщення) нежитлові",кв. м.,"2069.0",UA80000000000093317,null,Україна,м. Київ,null,null,null,"ОБОЛОНСЬКИЙ","МАКІЇВСЬКА",xxx,null,null,Зареєстровано,"-",null,null,"ЗАДОВІЛЬНИЙ",null,2025-03-20
7151-50917,null,"ДИТЯЧИЙ САДОК 663","10.12-Будівлі (приміщення) нежитлові","ОКРЕМО СТОЯЧИЙ","ДИТЯЧИЙ САДОК",Київська міська рада,22883141,"УПРАВЛІННЯ ОСВІТИ ОБОЛОНСЬКОЇ РАЙОННОЇ В МІСТІ КИЄВІ ДЕРЖАВНОЇ АДМІНІСТРАЦІЇ","37445442",null,null,"10.12","Будівлі (приміщення) нежитлові",кв. м.,"2816.8",UA80000000000093317,null,Україна,м. Київ,null,null,null,"ОБОЛОНСЬКИЙ","ГЕРОЇВ ДНІПРА",xxx,null,null,Зареєстровано,"1659754080000",null,null,"ЗАДОВІЛЬНИЙ",null,2025-03-20
7152-51802,null,"ГОСПОДАРСЬКЕ ПРИМІЩЕННЯ","10.1220.10.023-Будівлі адміністративні","ОКРЕМО СТОЯЧИЙ","ГОСПОДАРСЬКЕ ПРИМІЩЕННЯ",Київська міська рада,22883141,"КОМУНАЛЬНЕ ПІДПРИЄМСТВО ""КЕРУЮЧА КОМПАНІЯ З ОБСЛУГОВУВАННЯ ЖИТЛОВОГО ФОНДУ ДЕСНЯНСЬКОГО РАЙОНУ М.КИЄВА""","39605452",null,null,"10.1220.10.023","Будівлі адміністративні",кв. м.,"855.1",UA80000000000093317,"02166",Україна,м. Київ,null,null,null,"ДЕСНЯНСЬКИЙ","КУБАНСЬКОЇ УКРАЇНИ (ЖУКОВА МАРШАЛА)",xxx,null,null,Зареєстровано,"2740834680000",null,null,"ЗАДОВІЛЬНИЙ",null,2025-03-21
7154-45949,null,"РОЗМІЩЕННЯ ГРОМАДСЬКОЇ ОРГАНІЗАЦІЇ","10.1220.10.023-Будівлі адміністративні","ОКРЕМО СТОЯЧИЙ","АДМІНІСТРАТИВНЕ",Київська міська рада,22883141,"КОМУНАЛЬНЕ ПІДПРИЄМСТВО ""КИЇВЖИТЛОСПЕЦЕКСПЛУАТАЦІЯ""","03366500",null,null,"10.1220.10.023","Будівлі адміністративні",кв. м.,"295.0",UA80000000000093317,null,Україна,м. Київ,null,null,null,"БРОВАРСЬКИЙ","ПЕРШОТРАВНЕВА",xxx,null,null,Невідомо,null,null,null,"ЗАДОВІЛЬНИЙ",null,2025-04-03
7155-45984,null,"АДМІНІСТРАТИВНЕ","10.1220.10.023-Будівлі адміністративні","ОКРЕМО СТОЯЧИЙ","АДМІНІСТРАТИВНЕ",Київська міська рада,22883141,"КОМУНАЛЬНЕ ПІДПРИЄМСТВО ""КИЇВЖИТЛОСПЕЦЕКСПЛУАТАЦІЯ""","03366500",null,null,"10.1220.10.023","Будівлі адміністративні",кв. м.,"828.7",UA80000000000093317,"04070",Україна,м. Київ,null,null,null,"ПОДІЛЬСЬКИЙ","АНДРІЇВСЬКИЙ УЗВІЗ",xxx,null,null,Невідомо,null,null,null,"ЗАДОВІЛЬНИЙ",null,2025-04-03
7156-51002,null,"КОМПЛ.ПІДПР.ПОБУТ. ОБСЛУГОВ.","10.1220.10.023-Будівлі адміністративні","ОКРЕМО СТОЯЧИЙ","КОМПЛ.ПІДПР.ПОБУТ. ОБСЛУГОВ.",Київська міська рада,22883141,"КОМУНАЛЬНЕ ПІДПРИЄМСТВО ""КЕРУЮЧА КОМПАНІЯ З ОБСЛУГОВУВАННЯ ЖИТЛОВОГО ФОНДУ ДЕСНЯНСЬКОГО РАЙОНУ М.КИЄВА""","39605452",null,null,"10.1220.10.023","Будівлі адміністративні",кв. м.,"893.7",UA80000000000093317,"02217",Україна,м. Київ,null,null,null,"ДЕСНЯНСЬКИЙ","ЗАКРЕВСЬКОГО МИКОЛИ",xxx,null,null,Зареєстровано,"1642038180000",null,null,"ЗАДОВІЛЬНИЙ",null,2025-03-21
7157-52022,null,"АДМІНІСТРАТИВНЕ","10.1220.10.023-Будівлі адміністративні","ОКРЕМО СТОЯЧИЙ","АДМІНІСТРАТИВНЕ",Київська міська рада,22883141,"КОМУНАЛЬНЕ ПІДПРИЄМСТВО ""КЕРУЮЧА КОМПАНІЯ З ОБСЛУГОВУВАННЯ ЖИТЛОВОГО ФОНДУ ДЕСНЯНСЬКОГО РАЙОНУ М.КИЄВА""","39605452",null,null,"10.1220.10.023","Будівлі адміністративні",кв. м.,"668.6",UA80000000000093317,"02089",Україна,м. Київ,null,null,null,"ДЕСНЯНСЬКИЙ","РАДИСТІВ",xxx,null,null,Невідомо,null,null,null,"ЗАДОВІЛЬНИЙ",null,2025-03-21
7158-49699,null,"АДМІНІСТРАТИВНЕ, ОРЕНДА, ВІЛЬНЕ - триває процес укладення договорів","10.12-Будівлі (приміщення) нежитлові","ПРИМІЩЕННЯ В Н/Б","АДМІНІСТРАТИВНЕ",Київська міська рада,22883141,"КОМУНАЛЬНЕ ПІДПРИЄМСТВО ""КЕРУЮЧА КОМПАНІЯ З ОБСЛУГОВУВАННЯ ЖИТЛОВОГО ФОНДУ ПОДІЛЬСЬКОГО РАЙОНУ М.КИЄВА""","39609111",null,null,"10.12","Будівлі (приміщення) нежитлові",кв. м.,"617.6",UA80000000000093317,null,Україна,м. Київ,null,null,null,"ПОДІЛЬСЬКИЙ","НИЖНІЙ ВАЛ",xxx,null,null,Зареєстровано,"1892315980000",null,null,"ЗАДОВІЛЬНИЙ",null,2025-06-05
7160-52049,null,"ГОСПОДАРСЬКЕ ПРИМІЩЕННЯ","10.1220.10.023-Будівлі адміністративні","ОКРЕМО СТОЯЧИЙ","ГОСПОДАРСЬКЕ ПРИМІЩЕННЯ",Київська міська рада,22883141,"КОМУНАЛЬНЕ ПІДПРИЄМСТВО ""КЕРУЮЧА КОМПАНІЯ З ОБСЛУГОВУВАННЯ ЖИТЛОВОГО ФОНДУ ДЕСНЯНСЬКОГО РАЙОНУ М.КИЄВА""","39605452",null,null,"10.1220.10.023","Будівлі адміністративні",кв. м.,"1120.1",UA80000000000093317,"02217",Україна,м. Київ,null,null,null,"ДЕСНЯНСЬКИЙ","ЗАКРЕВСЬКОГО МИКОЛИ",xxx,null,null,Зареєстровано,"1885978280000",null,null,"ЗАДОВІЛЬНИЙ",null,2025-03-24
7165-21196,null,"Нежитлова будівля харчоблоку (кор.13) , літ.""Г-1""","10.12-Будівлі (приміщення) нежитлові","ОКРЕМО СТОЯЧИЙ","ХАРЧОБЛОК",Київська міська рада,22883141,"КОМУНАЛЬНЕ НЕКОМЕРЦІЙНЕ ПІДПРИЄМСТВО ""КИЇВСЬКА МІСЬКА КЛІНІЧНА ЛІКАРНЯ №6"" ВИКОНАВЧОГО ОРГАНУ КИЇВСЬКОЇ МІСЬКОЇ РАДИ (КИЇВСЬКОЇ МІСЬКОЇ ДЕРЖАВНОЇ АДМІНІСТРАЦІЇ)","25680355",null,null,"10.12","Будівлі (приміщення) нежитлові",кв. м.,"3309.3",UA80000000000093317,"03126",Україна,м. Київ,null,null,null,"СОЛОМ'ЯНСЬКИЙ","ЛЮБОМИРА ГУЗАРА (КОМАРОВА КОСМОНАВТА)",xxx,null,null,Зареєстровано,"1296775180000",null,null,"ЗАДОВІЛЬНИЙ",null,2025-05-29
7170-16101,null,"бюджетна установа","10.12-Будівлі (приміщення) нежитлові","ПРИМІЩЕННЯ В Ж/Б",null,Київська міська рада,22883141,"КОМУНАЛЬНЕ ПІДПРИЄМСТВО ""КЕРУЮЧА КОМПАНІЯ З ОБСЛУГОВУВАННЯ ЖИТЛОВОГО ФОНДУ ШЕВЧЕНКІВСЬКОГО РАЙОНУ М.КИЄВА""","34966254",null,null,"10.12","Будівлі (приміщення) нежитлові",кв. м.,"5250.1",UA80000000000093317,null,Україна,м. Київ,null,null,null,"ШЕВЧЕНКІВСЬКИЙ","ВОЛОДИМИРСЬКА",xxx,null,null,Невідомо,null,null,null,"ЗАДОВІЛЬНИЙ",null,2025-04-01
7173-47016,null,"МЕДИЧНІ ПОСЛУГИ","10.1264.9-Будівлі закладів лікувально-профілактичних та оздоровчих інші","ОКРЕМО СТОЯЧИЙ","МЕДИЧНІ ПОСЛУГИ",Київська міська рада,22883141,"КОМУНАЛЬНЕ НЕКОМЕРЦІЙНЕ ПІДПРИЄМСТВО ""ЦЕНТР ПЕРВИННОЇ МЕДИКО-САНІТАРНОЇ ДОПОМОГИ № 1 ДНІПРОВСЬКОГО РАЙОНУ М. КИЄВА""","26188946",null,null,"10.1264.9","Будівлі закладів лікувально-профілактичних та оздоровчих інші",кв. м.,"6041.0",UA80000000000093317,"02125",Україна,м. Київ,null,null,null,"ДНІПРОВСЬКИЙ","ЧОРНИХ ЗАПОРОЖЦІВ (ПЕТРА ЗАПОРОЖЦЯ)",xxx,null,null,Зареєстровано,"1115396580000",null,null,"ЗАДОВІЛЬНИЙ",null,2025-04-11
7175-49453,null,"АДМІНІСТРАТИВНЕ, ВІЛЬНЕ","10.12-Будівлі (приміщення) нежитлові","ПРИМІЩЕННЯ В Ж/Б","АДМІНІСТРАТИВНЕ",Київська міська рада,22883141,"КОМУНАЛЬНЕ ПІДПРИЄМСТВО ""КЕРУЮЧА КОМПАНІЯ З ОБСЛУГОВУВАННЯ ЖИТЛОВОГО ФОНДУ ПОДІЛЬСЬКОГО РАЙОНУ М.КИЄВА""","39609111",null,null,"10.12","Будівлі (приміщення) нежитлові",кв. м.,"345.4",UA80000000000093317,null,Україна,м. Київ,null,null,null,"ПОДІЛЬСЬКИЙ","КОПИЛІВСЬКА",xxx,null,null,Зареєстровано,"1555910680000",null,null,"ЗАДОВІЛЬНИЙ",null,2025-04-02
7176-62073,null,"ДИТЯЧИЙ СТАЦІОНАР","10.1264.21.016-Лікувальні корпуси стаціонару","ОКРЕМО СТОЯЧИЙ","ЛІКУВАЛЬНЕ",Київська міська рада,22883141,"КОМУНАЛЬНЕ НЕКОМЕРЦІЙНЕ ПІДПРИЄМСТВО ""КИЇВСЬКА МІСЬКА КЛІНІЧНА ЛІКАРНЯ №6"" ВИКОНАВЧОГО ОРГАНУ КИЇВСЬКОЇ МІСЬКОЇ РАДИ (КИЇВСЬКОЇ МІСЬКОЇ ДЕРЖАВНОЇ АДМІНІСТРАЦІЇ)","25680355",null,null,"10.1264.21.016","Лікувальні корпуси стаціонару",кв. м.,"4371.2",UA80000000000093317,"03126",Україна,м. Київ,null,null,null,"СОЛОМ'ЯНСЬКИЙ","ЛЮБОМИРА ГУЗАРА (КОМАРОВА КОСМОНАВТА)",xxx,null,null,Зареєстровано,"1541464480000",null,null,"ЗАДОВІЛЬНИЙ",null,2025-05-26
7177-62073,null,"ДИТЯЧИЙ СТАЦІОНАР","10.1264.21.016-Лікувальні корпуси стаціонару","ОКРЕМО СТОЯЧИЙ","ЛІКУВАЛЬНЕ",Київська міська рада,22883141,"КОМУНАЛЬНЕ НЕКОМЕРЦІЙНЕ ПІДПРИЄМСТВО ""КИЇВСЬКА МІСЬКА КЛІНІЧНА ЛІКАРНЯ №6"" ВИКОНАВЧОГО ОРГАНУ КИЇВСЬКОЇ МІСЬКОЇ РАДИ (КИЇВСЬКОЇ МІСЬКОЇ ДЕРЖАВНОЇ АДМІНІСТРАЦІЇ)","25680355",null,null,"10.1264.21.016","Лікувальні корпуси стаціонару",кв. м.,"4371.2",UA80000000000093317,"03126",Україна,м. Київ,null,null,null,"СОЛОМ'ЯНСЬКИЙ","ЛЮБОМИРА ГУЗАРА (КОМАРОВА КОСМОНАВТА)",xxx,null,null,Зареєстровано,"1541464480000",null,null,"ЗАДОВІЛЬНИЙ",null,2025-05-26
7178-62073,null,"ДИТЯЧИЙ СТАЦІОНАР","10.1264.21.016-Лікувальні корпуси стаціонару","ОКРЕМО СТОЯЧИЙ","ЛІКУВАЛЬНЕ",Київська міська рада,22883141,"КОМУНАЛЬНЕ НЕКОМЕРЦІЙНЕ ПІДПРИЄМСТВО ""КИЇВСЬКА МІСЬКА КЛІНІЧНА ЛІКАРНЯ №6"" ВИКОНАВЧОГО ОРГАНУ КИЇВСЬКОЇ МІСЬКОЇ РАДИ (КИЇВСЬКОЇ МІСЬКОЇ ДЕРЖАВНОЇ АДМІНІСТРАЦІЇ)","25680355",null,null,"10.1264.21.016","Лікувальні корпуси стаціонару",кв. м.,"4371.2",UA80000000000093317,"03126",Україна,м. Київ,null,null,null,"СОЛОМ'ЯНСЬКИЙ","ЛЮБОМИРА ГУЗАРА (КОМАРОВА КОСМОНАВТА)",xxx,null,null,Зареєстровано,"1541464480000",null,null,"ЗАДОВІЛЬНИЙ",null,2025-05-26
7179-44635,null,"НЕЖИТЛОВА БУДІВЛЯ ГОЛОВНОГО КОРПУСУ ЛІКАРНІ","10.1264-Будівлі лікарень та оздоровчих закладів","ОКРЕМО СТОЯЧИЙ","ЛІКУВАЛЬНЕ",Київська міська рада,22883141,"КОМУНАЛЬНЕ НЕКОМЕРЦІЙНЕ ПІДПРИЄМСТВО ""КИЇВСЬКА МІСЬКА КЛІНІЧНА ЛІКАРНЯ №12"" ВИКОНАВЧОГО ОРГАНУ КИЇВСЬКОЇ МІСЬКОЇ РАДИ (КИЇВСЬКОЇ МІСЬКОЇ ДЕРЖАВНОЇ АДМІНІСТРАЦІЇ)","25680639",null,null,"10.1264","Будівлі лікарень та оздоровчих закладів",кв. м.,"33412.5",UA80000000000093317,null,Україна,м. Київ,null,null,null,"ПЕЧЕРСЬКИЙ","ПІДВИСОЦЬКОГО ПРОФЕСОРА",xxx,null,null,Зареєстровано,"1507449580000",null,null,"ЗАДОВІЛЬНИЙ",null,2025-04-11
7180-44635,null,"НЕЖИТЛОВА БУДІВЛЯ ГОЛОВНОГО КОРПУСУ ЛІКАРНІ","10.1264-Будівлі лікарень та оздоровчих закладів","ОКРЕМО СТОЯЧИЙ","ЛІКУВАЛЬНЕ",Київська міська рада,22883141,"КОМУНАЛЬНЕ НЕКОМЕРЦІЙНЕ ПІДПРИЄМСТВО ""КИЇВСЬКА МІСЬКА КЛІНІЧНА ЛІКАРНЯ №12"" ВИКОНАВЧОГО ОРГАНУ КИЇВСЬКОЇ МІСЬКОЇ РАДИ (КИЇВСЬКОЇ МІСЬКОЇ ДЕРЖАВНОЇ АДМІНІСТРАЦІЇ)","25680639",null,null,"10.1264","Будівлі лікарень та оздоровчих закладів",кв. м.,"33412.5",UA80000000000093317,null,Україна,м. Київ,null,null,null,"ПЕЧЕРСЬКИЙ","ПІДВИСОЦЬКОГО ПРОФЕСОРА",xxx,null,null,Зареєстровано,"1507449580000",null,null,"ЗАДОВІЛЬНИЙ",null,2025-04-11
7181-16895,null,null,null,"ПРИМІЩЕННЯ В Ж/Б",null,Київська міська рада,22883141,"КОМУНАЛЬНЕ ПІДПРИЄМСТВО ""КЕРУЮЧА КОМПАНІЯ З ОБСЛУГОВУВАННЯ ЖИТЛОВОГО ФОНДУ ШЕВЧЕНКІВСЬКОГО РАЙОНУ М.КИЄВА""","34966254",null,null,null,null,кв. м.,"8084.74",UA80000000000093317,null,Україна,м. Київ,null,null,null,"ШЕВЧЕНКІВСЬКИЙ","ЩУСЄВА",xxx,null,null,Зареєстровано,"1584095680000",null,null,"ЗАДОВІЛЬНИЙ",null,2025-04-03
7182-48854,null,"АДМІНІСТРАТИВНЕ","10.1220.10.023-Будівлі адміністративні","ПРИМІЩЕННЯ В Н/Б","АДМІНІСТРАТИВНЕ",Київська міська рада,22883141,"КОМУНАЛЬНЕ ПІДПРИЄМСТВО ""КЕРУЮЧА КОМПАНІЯ З ОБСЛУГОВУВАННЯ ЖИТЛОВОГО ФОНДУ СВЯТОШИНСЬКОГО РАЙОНУ М. КИЄВА""","39607507",null,null,"10.1220.10.023","Будівлі адміністративні",кв. м.,"1656.0",UA80000000000093317,"03115",Україна,м. Київ,null,null,null,"СВЯТОШИНСЬКИЙ","СТУСА ВАСИЛЯ",xxx,null,null,Зареєстровано,"2346613280000",null,null,"ЗАДОВІЛЬНИЙ",null,2025-04-04
7183-46551,null,"нежитлові приміщення, літ. А","10.12-Будівлі (приміщення) нежитлові","ОКРЕМО СТОЯЧИЙ","АДМІНІСТРАТИВНЕ",Київська міська рада,22883141,"КИЇВСЬКА МІСЬКА РАДА","22883141",null,null,"10.12","Будівлі (приміщення) нежитлові",кв. м.,"17851.0",UA80000000000093317,"01044",Україна,м. Київ,null,null,null,"ШЕВЧЕНКІВСЬКИЙ","ХРЕЩАТИК",xxx,null,null,Зареєстровано,"2761465980000",null,null,"ЗАДОВІЛЬНИЙ",null,2025-06-09
7190-51738,null,"нежитлова будівля","10.1230.60.009-Сміттєзбірники","СПОРУДА","СМІТТЄЗБІРНИК",Київська міська рада,22883141,"КОМУНАЛЬНЕ ПІДПРИЄМСТВО ""КЕРУЮЧА КОМПАНІЯ З ОБСЛУГОВУВАННЯ ЖИТЛОВОГО ФОНДУ ДЕСНЯНСЬКОГО РАЙОНУ М.КИЄВА""","39605452",null,null,"10.1230.60.009","Сміттєзбірники",кв. м.,"23.1",UA80000000000093317,null,Україна,м. Київ,null,null,null,"ДЕСНЯНСЬКИЙ","МІЛЮТЕНКА",xxx,null,null,Зареєстровано,"2689330280000",null,null,"ЗАДОВІЛЬНИЙ",null,2025-04-07
7192-48278,null,"оренда- фіз. особа, вільне, власні потреби","10.12-Будівлі (приміщення) нежитлові","ПРИМІЩЕННЯ В Ж/Б","ІНШЕ",Київська міська рада,22883141,"КОМУНАЛЬНЕ ПІДПРИЄМСТВО ""КЕРУЮЧА КОМПАНІЯ З ОБСЛУГОВУВАННЯ ЖИТЛОВОГО ФОНДУ ПЕЧЕРСЬКОГО РАЙОНУ М.КИЄВА""","35692211",null,null,"10.12","Будівлі (приміщення) нежитлові",кв. м.,"1455.2",UA80000000000093317,"01024",Україна,м. Київ,null,null,null,"ПЕЧЕРСЬКИЙ","ЛЮТЕРАНСЬКА",xxx,null,null,Зареєстровано,"1737387280000",null,null,"ЗАДОВІЛЬНИЙ",null,2025-05-29
7193-46551,null,"нежитлові приміщення, літ. А","10.12-Будівлі (приміщення) нежитлові","ОКРЕМО СТОЯЧИЙ","АДМІНІСТРАТИВНЕ",Київська міська рада,22883141,"КИЇВСЬКА МІСЬКА РАДА","22883141",null,null,"10.12","Будівлі (приміщення) нежитлові",кв. м.,"17851.0",UA80000000000093317,"01044",Україна,м. Київ,null,null,null,"ШЕВЧЕНКІВСЬКИЙ","ХРЕЩАТИК",xxx,null,null,Зареєстровано,"2761465980000",null,null,"ЗАДОВІЛЬНИЙ",null,2025-06-09
7194-2646,null,"ГОЛОВНИЙ ВИРОБНИЧИЙ КОРПУС","10.1241.21.014-Будівлі виробничі","ОКРЕМО СТОЯЧИЙ","ВИРОБНИЧЕ",Київська міська рада,22883141,"КОМУНАЛЬНЕ ПІДПРИЄМСТВО ""КИЇВПАСТРАНС""","31725604",null,null,"10.1241.21.014","Будівлі виробничі",кв. м.,"12753.1",UA80000000000093317,"04073",Україна,м. Київ,null,null,null,"ПОДІЛЬСЬКИЙ","СИРЕЦЬКА",xxx,null,null,Невідомо,null,null,null,"ЗАДОВІЛЬНИЙ",null,2025-06-04
7195-48399,null,"творчі майстерні, поліклініка МВС, профспілки, побутові послуги, вільні, власні потреби","10.12-Будівлі (приміщення) нежитлові","ПРИМІЩЕННЯ В Ж/Б","ІНШЕ",Київська міська рада,22883141,"КОМУНАЛЬНЕ ПІДПРИЄМСТВО ""КЕРУЮЧА КОМПАНІЯ З ОБСЛУГОВУВАННЯ ЖИТЛОВОГО ФОНДУ ПЕЧЕРСЬКОГО РАЙОНУ М.КИЄВА""","35692211",null,null,"10.12","Будівлі (приміщення) нежитлові",кв. м.,"11214.81",UA80000000000093317,null,Україна,м. Київ,null,null,null,"ПЕЧЕРСЬКИЙ","БОГОМОЛЬЦЯ АКАДЕМІКА",xxx,null,null,Зареєстровано,"1563677580000",null,null,"ЗАДОВІЛЬНИЙ",null,2025-05-29
7197-19920,null,null,"10.1220.10.023-Будівлі адміністративні","ОКРЕМО СТОЯЧИЙ","АДМІНІСТРАТИВНЕ",Київська міська рада,22883141,"КОМУНАЛЬНЕ ПІДПРИЄМСТВО ""КИЇВЖИТЛОСПЕЦЕКСПЛУАТАЦІЯ""","03366500",null,null,"10.1220.10.023","Будівлі адміністративні",кв. м.,"218.0",UA80000000000093317,null,Україна,м. Київ,null,null,null,"СОЛОМ'ЯНСЬКИЙ","ВОЛОДИМИРА СІКЕВИЧА (МОЛОДОГВАРДІЙСЬКА)",xxx,null,null,Невідомо,null,null,null,"ЗАДОВІЛЬНИЙ",null,2025-04-03
7199-46056,null,"АПТЕКА","10.1220.10.023-Будівлі адміністративні","ОКРЕМО СТОЯЧИЙ","АПТЕКА",Київська міська рада,22883141,"КОМУНАЛЬНЕ ПІДПРИЄМСТВО ""КИЇВЖИТЛОСПЕЦЕКСПЛУАТАЦІЯ""","03366500",null,null,"10.1220.10.023","Будівлі адміністративні",кв. м.,"1308.6",UA80000000000093317,null,Україна,м. Київ,null,null,null,"СВЯТОШИНСЬКИЙ","ГЕРОЇВ КОСМОСУ",xxx,null,null,Невідомо,null,null,null,"ЗАДОВІЛЬНИЙ",null,2025-04-03
7209-46188,null,"АДМІНІСТРАТИВНЕ","10.1220.10.023-Будівлі адміністративні","ПРИМІЩЕННЯ В Ж/Б","АДМІНІСТРАТИВНЕ",Київська міська рада,22883141,"КОМУНАЛЬНЕ ПІДПРИЄМСТВО ""КИЇВЖИТЛОСПЕЦЕКСПЛУАТАЦІЯ""","03366500",null,null,"10.1220.10.023","Будівлі адміністративні",кв. м.,"6605.8",UA80000000000093317,"01001",Україна,м. Київ,null,null,null,"ПЕЧЕРСЬКИЙ","ЛЮТЕРАНСЬКА",xxx,null,null,Зареєстровано,"2204611380000",null,null,"ЗАДОВІЛЬНИЙ",null,2025-04-21
7210-20907,null,"Нежитлова будівля головного корпусу №4,літ.""Б - 1""","10.1264-Будівлі лікарень та оздоровчих закладів","ОКРЕМО СТОЯЧИЙ","ЛІКУВАЛЬНЕ",Київська міська рада,22883141,"КОМУНАЛЬНЕ НЕКОМЕРЦІЙНЕ ПІДПРИЄМСТВО ""КИЇВСЬКА МІСЬКА КЛІНІЧНА ЛІКАРНЯ №6"" ВИКОНАВЧОГО ОРГАНУ КИЇВСЬКОЇ МІСЬКОЇ РАДИ (КИЇВСЬКОЇ МІСЬКОЇ ДЕРЖАВНОЇ АДМІНІСТРАЦІЇ)","25680355",null,null,"10.1264","Будівлі лікарень та оздоровчих закладів",кв. м.,"11616.1",UA80000000000093317,"03126",Україна,м. Київ,null,null,null,"СОЛОМ'ЯНСЬКИЙ","ЛЮБОМИРА ГУЗАРА (КОМАРОВА КОСМОНАВТА)",xxx,null,null,Зареєстровано,"1309604180000",null,null,"ЗАДОВІЛЬНИЙ",null,2025-05-29
7211-60622,null,"АДМІНІСТРАТИВНИЙ КОРПУС","10.1220.10.023-Будівлі адміністративні","ОКРЕМО СТОЯЧИЙ","АДМІНІСТРАТИВНЕ",Київська міська рада,22883141,"КОМУНАЛЬНЕ ПІДПРИЄМСТВО ""КИЇВПАСТРАНС""","31725604",null,null,"10.1220.10.023","Будівлі адміністративні",кв. м.,"5917.0",UA80000000000093317,"03113",Україна,м. Київ,null,null,null,"ШЕВЧЕНКІВСЬКИЙ","ДЕГТЯРІВСЬКА",xxx,null,null,Зареєстровано,"2427778980000",null,null,"ЗАДОВІЛЬНИЙ",null,2025-06-03
7213-45988,null,"АДМІНІСТРАТИВНЕ","10.1220.10.023-Будівлі адміністративні","ПРИМІЩЕННЯ В Н/Б","АДМІНІСТРАТИВНЕ",Київська міська рада,22883141,"КОМУНАЛЬНЕ ПІДПРИЄМСТВО ""КИЇВЖИТЛОСПЕЦЕКСПЛУАТАЦІЯ""","03366500",null,null,"10.1220.10.023","Будівлі адміністративні",кв. м.,"913.2",UA80000000000093317,"04071",Україна,м. Київ,null,null,null,"ПОДІЛЬСЬКИЙ","КИРИЛІВСЬКА (ФРУНЗЕ)",xxx,null,null,Зареєстровано,"2358460480000",null,null,"ЗАДОВІЛЬНИЙ",null,2025-04-24
7214-46009,null,"АДМІНІСТРАТИВНЕ","10.1220.10.023-Будівлі адміністративні","ПРИМІЩЕННЯ В Н/Б","АДМІНІСТРАТИВНЕ",Київська міська рада,22883141,"КОМУНАЛЬНЕ ПІДПРИЄМСТВО ""КИЇВЖИТЛОСПЕЦЕКСПЛУАТАЦІЯ""","03366500",null,null,"10.1220.10.023","Будівлі адміністративні",кв. м.,"1235.0",UA80000000000093317,"04214",Україна,м. Київ,null,null,null,"ОБОЛОНСЬКИЙ","ГЕРОЇВ ДНІПРА",xxx,null,null,Зареєстровано,"2139439080000",null,null,"ЗАДОВІЛЬНИЙ",null,2025-04-03
7215-18671,null,"ПІДЗЕМНА СТАНЦІЯ ""ОБОЛОНЬ""","10.1241.83.301-Станції метрополітену","ПІДЗЕМНЕ","ПІДЗЕМНА СТАНЦІЯ ",Київська міська рада,22883141,"КОМУНАЛЬНЕ ПІДПРИЄМСТВО ""КИЇВСЬКИЙ МЕТРОПОЛІТЕН""","03328913",null,null,"10.1241.83.301","Станції метрополітену",кв. м.,"6732.5",UA80000000000093317,"03150",Україна,м. Київ,null,null,null,"ОБОЛОНСЬКИЙ","СТАНЦІЯ МЕТРО ""ОБОЛОНЬ""",xxx,null,null,Невідомо,null,null,null,"ЗАДОВІЛЬНИЙ",null,2025-04-24
7216-33999,null,"ПІДЗЕМНА СТАНЦІЯ ""Академмістечко""","10.1241.83.301-Станції метрополітену","ПІДЗЕМНЕ","ПІДЗЕМНА СТАНЦІЯ ",Київська міська рада,22883141,"КОМУНАЛЬНЕ ПІДПРИЄМСТВО ""КИЇВСЬКИЙ МЕТРОПОЛІТЕН""","03328913",null,null,"10.1241.83.301","Станції метрополітену",кв. м.,"10682.0",UA80000000000093317,"03115",Україна,м. Київ,null,null,null,"СВЯТОШИНСЬКИЙ","СТАНЦІЯ МЕТРО ""АКАДЕММІСТЕЧКО""",xxx,null,null,Невідомо,null,null,null,"ЗАДОВІЛЬНИЙ",null,2025-04-24
7218-1813,null,"Стаціонар","10.1264.9-Будівлі закладів лікувально-профілактичних та оздоровчих інші","ОКРЕМО СТОЯЧИЙ","ЛІКУВАЛЬНЕ",Київська міська рада,22883141,"КОМУНАЛЬНЕ НЕКОМЕРЦІЙНЕ ПІДПРИЄМСТВО КИЇВСЬКИЙ МІСЬКИЙ КЛІНІЧНИЙ ОНКОЛОГІЧНИЙ ЦЕНТР ВИКОНАВЧОГО ОРГАНУ КИЇВСЬКОЇ МІСЬКОЇ РАДИ (КИЇВСЬКОЇ МІСЬКОЇ ДЕРЖАВНОЇ АДМІНІСТРАЦІЇ)","13697965",null,null,"10.1264.9","Будівлі закладів лікувально-профілактичних та оздоровчих інші",кв. м.,"13026.5",UA80000000000093317,"03115",Україна,м. Київ,null,null,null,"СВЯТОШИНСЬКИЙ","ВЕРХОВИННА",xxx,null,null,Зареєстровано,"1676723580000",null,null,"ЗАДОВІЛЬНИЙ",null,2025-05-19
7220-47259,null,"КОМУНАЛЬНЕ НЕКОМЕРЦІЙНЕ ПІДПРИЄМСТВО ""ЦЕНТР ПЕРВИННОЇ МЕДИКО-САНІТАРНОЇ ДОПОМОГИ №2"" ГОЛОСІЇВСЬКОГО РАЙОНУ М. КИЄВА","10.1264.40.003-Будівлі поліклінік","ОКРЕМО СТОЯЧИЙ","ПОЛІКЛІНІКА",Київська міська рада,22883141,"КОМУНАЛЬНЕ НЕКОМЕРЦІЙНЕ ПІДПРИЄМСТВО ЦЕНТР ПЕРВИННОЇ МЕДИКО-САНІТАРНОЇ ДОПОМОГИ № 2 ГОЛОСІЇВСЬКОГО РАЙОНУ М. КИЄВА","38945128",null,null,"10.1264.40.003","Будівлі поліклінік",кв. м.,"7018.8",UA80000000000093317,null,Україна,м. Київ,null,null,null,"ГОЛОСІЇВСЬКИЙ","ГОЛОСІЇВСЬКА",xxx,null,null,Зареєстровано,"1326534780000",null,null,"ЗАДОВІЛЬНИЙ",null,2025-05-19
7221-1965,null,"УЧБОВЕ ПРИМІЩЕННЯ","10.1273.10.001-Музей - архітектурна пам'ятка національного значення","ОКРЕМО СТОЯЧИЙ","УЧБОВЕ ПРИМІЩЕННЯ",Київська міська рада,22883141,"КИЇВСЬКИЙ НАУКОВО-МЕТОДИЧНИЙ ЦЕНТР ПО ОХОРОНІ, РЕСТАВРАЦІЇ ТА ВИКОРИСТАННЮ ПАМ'ЯТОК ІСТОРІЇ, КУЛЬТУРИ І ЗАПОВІДНИХ ТЕРИТОРІЙ","21507625",null,null,"10.1273.10.001","Музей - архітектурна пам'ятка національного значення",кв. м.,"15318.2",UA80000000000093317,null,Україна,м. Київ,null,null,null,"ШЕВЧЕНКІВСЬКИЙ","ВОЗНЕСЕНСЬКІЙ УЗВІЗ (СМИРНОВА-ЛАСТОЧКІНА)",xxx,null,null,Зареєстровано,"294389580000",null,null,"ЗАДОВІЛЬНИЙ",null,2025-05-26
7222-1965,null,"УЧБОВЕ ПРИМІЩЕННЯ","10.1273.10.001-Музей - архітектурна пам'ятка національного значення","ОКРЕМО СТОЯЧИЙ","УЧБОВЕ ПРИМІЩЕННЯ",Київська міська рада,22883141,"КИЇВСЬКИЙ НАУКОВО-МЕТОДИЧНИЙ ЦЕНТР ПО ОХОРОНІ, РЕСТАВРАЦІЇ ТА ВИКОРИСТАННЮ ПАМ'ЯТОК ІСТОРІЇ, КУЛЬТУРИ І ЗАПОВІДНИХ ТЕРИТОРІЙ","21507625",null,null,"10.1273.10.001","Музей - архітектурна пам'ятка національного значення",кв. м.,"15318.2",UA80000000000093317,null,Україна,м. Київ,null,null,null,"ШЕВЧЕНКІВСЬКИЙ","ВОЗНЕСЕНСЬКІЙ УЗВІЗ (СМИРНОВА-ЛАСТОЧКІНА)",xxx,null,null,Зареєстровано,"294389580000",null,null,"ЗАДОВІЛЬНИЙ",null,2025-05-26
7223-3991,null,"ЛІКУВАЛЬНИЙ КОРПУС","10.1264-Будівлі лікарень та оздоровчих закладів","ОКРЕМО СТОЯЧИЙ","ЛІКУВАЛЬНЕ",Київська міська рада,22883141,"КОМУНАЛЬНЕ НЕКОМЕРЦІЙНЕ ПІДПРИЄМСТВО КИЇВСЬКА МІСЬКА КЛІНІЧНА ЛІКАРНЯ №8 ВИКОНАВЧОГО ОРГАНУ КИЇВСЬКОЇ МІСЬКОЇ РАДИ (КИЇВСЬКОЇ МІСЬКОЇ ДЕРЖАВНОЇ АДМІНІСТРАЦІЇ)","05497146",null,null,"10.1264","Будівлі лікарень та оздоровчих закладів",кв. м.,"46987.9",UA80000000000093317,null,Україна,м. Київ,null,null,null,"ОБОЛОНСЬКИЙ","КОНДРАТЮКА ЮРІЯ",xxx,null,null,Зареєстровано,"1207593780000",null,null,"ЗАДОВІЛЬНИЙ",null,2025-05-09
7224-31826,null,"НЕЖИТЛОВА БУДІВЛЯ ПРАЛЬНІ","10.1264-Будівлі лікарень та оздоровчих закладів","ОКРЕМО СТОЯЧИЙ","ПРАЛЬНЯ",Київська міська рада,22883141,"КОМУНАЛЬНЕ НЕКОМЕРЦІЙНЕ ПІДПРИЄМСТВО ""КИЇВСЬКА МІСЬКА КЛІНІЧНА ЛІКАРНЯ №12"" ВИКОНАВЧОГО ОРГАНУ КИЇВСЬКОЇ МІСЬКОЇ РАДИ (КИЇВСЬКОЇ МІСЬКОЇ ДЕРЖАВНОЇ АДМІНІСТРАЦІЇ)","25680639",null,null,"10.1264","Будівлі лікарень та оздоровчих закладів",кв. м.,"809.7",UA80000000000093317,null,Україна,м. Київ,null,null,null,"ПЕЧЕРСЬКИЙ","ПІДВИСОЦЬКОГО ПРОФЕСОРА",xxx,null,null,Зареєстровано,"1338329780000",null,null,"ПОТРЕБУЄ РЕМОНТУ",null,2025-06-05
7228-51100,null,"оренда -  ""ОСН ""КМ ""Печерська фортеця"", ТОВ, власні потреби","10.12-Будівлі (приміщення) нежитлові","ПРИМІЩЕННЯ В Ж/Б","АДМІНІСТРАТИВНЕ",Київська міська рада,22883141,"КОМУНАЛЬНЕ ПІДПРИЄМСТВО ""КЕРУЮЧА КОМПАНІЯ З ОБСЛУГОВУВАННЯ ЖИТЛОВОГО ФОНДУ ПЕЧЕРСЬКОГО РАЙОНУ М.КИЄВА""","35692211",null,null,"10.12","Будівлі (приміщення) нежитлові",кв. м.,"2628.4",UA80000000000093317,null,Україна,м. Київ,null,null,null,"ПЕЧЕРСЬКИЙ","ІОАННА ПАВЛА ІІ (ЛУМУМБИ ПАТРІСА)",xxx,null,null,Зареєстровано,"1290879480000",null,null,"ЗАДОВІЛЬНИЙ",null,2025-05-05
7229-47580,null,"Амбулаторія № 1","10.1264.40.010-Центри первинної медико-санітарної допомоги","ОКРЕМО СТОЯЧИЙ","ПОЛІКЛІНІКА",Київська міська рада,22883141,"КОМУНАЛЬНЕ НЕКОМЕРЦІЙНЕ ПІДПРИЄМСТВО ""ЦЕНТР ПЕРВИННОЇ МЕДИКО- САНІТАРНОЇ ДОПОМОГИ №3 "" ШЕВЧЕНКІВСЬКОГО РАЙОНУ МІСТА КИЄВА","38945945",null,null,"10.1264.40.010","Центри первинної медико-санітарної допомоги",кв. м.,"4857.7",UA80000000000093317,null,Україна,м. Київ,null,null,null,"ШЕВЧЕНКІВСЬКИЙ","РИЗЬКА",xxx,null,null,Зареєстровано,"2264765280000",null,null,"ЗАДОВІЛЬНИЙ",null,2025-06-20
7231-32568,null,"Частина нежитлової будівлі (група приміщень №1, №2, №3) поверх 1, літ.Ж","10.12-Будівлі (приміщення) нежитлові","ПРИБУДОВАНЕ ПРИМІЩ.","КОТЕЛЬНЯ",Київська міська рада,22883141,"КОМУНАЛЬНЕ ПІДПРИЄМСТВО ""ПЕЧЕРСЬКСЕРВІС""","19024635",null,null,"10.12","Будівлі (приміщення) нежитлові",кв. м.,"170.4",UA80000000000093317,"01103",Україна,м. Київ,null,null,null,"ПЕЧЕРСЬКИЙ","ВІЙСЬКОВИЙ ПРОЇЗД",xxx,null,null,Зареєстровано,"1590694080000",null,null,"ПОТРЕБУЄ РЕМОНТУ",null,2025-05-07
7232-28105,null,null,"10.6000.01-Приміщення в житлових будинках та спорудах","ПРИМІЩЕННЯ В Ж/Б",null,Київська міська рада,22883141,"КОМУНАЛЬНЕ ПІДПРИЄМСТВО ""КЕРУЮЧА КОМПАНІЯ З ОБСЛУГОВУВАННЯ ЖИТЛОВОГО ФОНДУ ШЕВЧЕНКІВСЬКОГО РАЙОНУ М.КИЄВА""","34966254",null,null,"10.6000.01","Приміщення в житлових будинках та спорудах",кв. м.,"3467.0",UA80000000000093317,null,Україна,м. Київ,null,null,null,"ШЕВЧЕНКІВСЬКИЙ","ЯНУША КОРЧАКА (БАУМАНА)",xxx,null,null,Зареєстровано,"1523175480000",null,null,"ЗАДОВІЛЬНИЙ",null,2025-05-07
7233-58898,null,"Будівля навчального корпусу літ. А","10.1263.30.013-Будівлі училищ","ОКРЕМО СТОЯЧИЙ","УЧИЛИЩЕ",Київська міська рада,22883141,"КОМУНАЛЬНИЙ ЗАКЛАД ПРОФЕСІЙНОЇ (ПРОФЕСІЙНО-ТЕХНІЧНОЇ) ОСВІТИ КИЇВСЬКИЙ ПРОФЕСІЙНИЙ КОЛЕДЖ ЦИВІЛЬНОГО БУДІВНИЦТВА","37308938",null,null,"10.1263.30.013","Будівлі училищ",кв. м.,"6931.6",UA80000000000093317,"00922",Україна,м. Київ,null,null,null,"ГОЛОСІЇВСЬКИЙ","МАРИЧАНСЬКА (БУБНОВА АНДРІЯ  )",xxx,null,null,Зареєстровано,"1166413180000",null,null,"ДОБРИЙ",null,2025-05-29
7234-58898,null,"Будівля навчального корпусу літ. А","10.1263.30.013-Будівлі училищ","ОКРЕМО СТОЯЧИЙ","УЧИЛИЩЕ",Київська міська рада,22883141,"КОМУНАЛЬНИЙ ЗАКЛАД ПРОФЕСІЙНОЇ (ПРОФЕСІЙНО-ТЕХНІЧНОЇ) ОСВІТИ КИЇВСЬКИЙ ПРОФЕСІЙНИЙ КОЛЕДЖ ЦИВІЛЬНОГО БУДІВНИЦТВА","37308938",null,null,"10.1263.30.013","Будівлі училищ",кв. м.,"6931.6",UA80000000000093317,"00922",Україна,м. Київ,null,null,null,"ГОЛОСІЇВСЬКИЙ","МАРИЧАНСЬКА (БУБНОВА АНДРІЯ  )",xxx,null,null,Зареєстровано,"1166413180000",null,null,"ДОБРИЙ",null,2025-05-29
7236-18206,null,"69,1 кв.м -об’єкт цивільної оборони (укриття)",null,"ПРИМІЩЕННЯ В Ж/Б",null,Київська міська рада,22883141,"КОМУНАЛЬНЕ ПІДПРИЄМСТВО ""КЕРУЮЧА КОМПАНІЯ З ОБСЛУГОВУВАННЯ ЖИТЛОВОГО ФОНДУ ШЕВЧЕНКІВСЬКОГО РАЙОНУ М.КИЄВА""","34966254",null,null,null,null,кв. м.,"3487.4",UA80000000000093317,null,Україна,м. Київ,null,null,null,"ШЕВЧЕНКІВСЬКИЙ","КОСТЕЛЬНА (ЧЕЛЮСКІНЦІВ)",xxx,null,null,Зареєстровано,"1106189480000",null,null,"ЗАДОВІЛЬНИЙ",null,2025-05-07
7243-17278,null,"ПІДЗЕМНИЙ ПЕРЕХІД","10.2142.60.001-Підземний перехід","ПІДЗЕМНЕ","ПІДЗЕМНИЙ ПЕРЕХІД",Київська міська рада,22883141,"КОМУНАЛЬНЕ ПІДПРИЄМСТВО ""ШЛЯХОВО-ЕКСПЛУАТАЦІЙНЕ УПРАВЛІННЯ ПО РЕМОНТУ ТА УТРИМАННЮ АВТОМОБІЛЬНИХ ШЛЯХІВ ТА СПОРУД НА НИХ ПЕЧЕРСЬКОГО РАЙОНУ "" М.КИЄВА","03359115",null,null,"10.2142.60.001","Підземний перехід",кв. м.,"1284.4",UA80000000000093317,"01010",Україна,м. Київ,null,null,null,"ПЕЧЕРСЬКИЙ","АРСЕНАЛЬНА ПЛОЩА",xxx,null,null,Невідомо,null,null,null,"ЗАДОВІЛЬНИЙ",null,2025-06-18
7244-28543,null,"ПІДЗЕМНИЙ ПЕРЕХІД","10.2142.60.002-Пішохідний підземний перехід","ПІДЗЕМНЕ","ПІДЗЕМНИЙ ПЕРЕХІД",Київська міська рада,22883141,"КОМУНАЛЬНЕ ПІДПРИЄМСТВО ""ШЛЯХОВО-ЕКСПЛУАТАЦІЙНЕ УПРАВЛІННЯ ПО РЕМОНТУ ТА УТРИМАННЮ АВТОМОБІЛЬНИХ ШЛЯХІВ ТА СПОРУД НА НИХ ПЕЧЕРСЬКОГО РАЙОНУ "" М.КИЄВА","03359115",null,null,"10.2142.60.002","Пішохідний підземний перехід",кв. м.,"981.0",UA80000000000093317,null,Україна,м. Київ,null,null,null,"ПЕЧЕРСЬКИЙ","БУЛЬВАР МИКОЛИ МІХНОВСЬКОГО (БУЛЬВАР ДРУЖБИ НАРОДІВ)",xxx,null,null,Невідомо,null,null,null,"ДОБРИЙ",null,2025-06-18
7245-28543,null,"ПІДЗЕМНИЙ ПЕРЕХІД","10.2142.60.002-Пішохідний підземний перехід","ПІДЗЕМНЕ","ПІДЗЕМНИЙ ПЕРЕХІД",Київська міська рада,22883141,"КОМУНАЛЬНЕ ПІДПРИЄМСТВО ""ШЛЯХОВО-ЕКСПЛУАТАЦІЙНЕ УПРАВЛІННЯ ПО РЕМОНТУ ТА УТРИМАННЮ АВТОМОБІЛЬНИХ ШЛЯХІВ ТА СПОРУД НА НИХ ПЕЧЕРСЬКОГО РАЙОНУ "" М.КИЄВА","03359115",null,null,"10.2142.60.002","Пішохідний підземний перехід",кв. м.,"981.0",UA80000000000093317,null,Україна,м. Київ,null,null,null,"ПЕЧЕРСЬКИЙ","БУЛЬВАР МИКОЛИ МІХНОВСЬКОГО (БУЛЬВАР ДРУЖБИ НАРОДІВ)",xxx,null,null,Невідомо,null,null,null,"ДОБРИЙ",null,2025-06-18
7246-15183,null,"ГОСПОДАРЧИЙ КОРПУС","10.1274.6-Будівлі господарські ","ОКРЕМО СТОЯЧИЙ","СЛУЖБОВЕ",Київська міська рада,22883141,"КОМУНАЛЬНЕ НЕКОМЕРЦІЙНЕ ПІДПРИЄМСТВО ПЕРИНАТАЛЬНИЙ ЦЕНТР М. КИЄВА ВИКОНАВЧОГО ОРГАНУ КИЇВСЬКОЇ МІСЬКОЇ РАДИ (КИЇВСЬКОЇ МІСЬКОЇ ДЕРЖАВНОЇ АДМІНІСТРАЦІЇ)","22964365",null,null,"10.1274.6","Будівлі господарські ",кв. м.,"2184.9",UA80000000000093317,null,Україна,м. Київ,null,null,null,"ПЕЧЕРСЬКИЙ","ПРЕДСЛАВИНСЬКА",xxx,null,null,Зареєстровано,"1275985580000",null,null,"НЕЗАДОВІЛЬНИЙ",null,2025-06-03
7247-8014,null,"ЛІКУВАЛЬНИЙ КОРПУС (АКУШЕРСЬКО-ГІНЕКОЛОГІЧНИЙ)","10.1264.2-Будівлі лікувально-профілактичні","ОКРЕМО СТОЯЧИЙ","ЛІКУВАЛЬНЕ",Київська міська рада,22883141,"КОМУНАЛЬНЕ НЕКОМЕРЦІЙНЕ ПІДПРИЄМСТВО КИЇВСЬКА МІСЬКА КЛІНІЧНА ЛІКАРНЯ №18 ВИКОНАВЧОГО ОРГАНУ КИЇВСЬКОЇ МІСЬКОЇ РАДИ (КИЇВСЬКОЇ МІСЬКОЇ ДЕРЖАВНОЇ АДМІНІСТРАЦІЇ)","01993776",null,null,"10.1264.2","Будівлі лікувально-профілактичні",кв. м.,"9574.2",UA80000000000093317,null,Україна,м. Київ,null,null,null,"ШЕВЧЕНКІВСЬКИЙ","ШЕВЧЕНКА ТАРАСА БУЛЬВ.",xxx,null,null,Зареєстровано,"1247850480000",null,null,"ЗАДОВІЛЬНИЙ",null,2025-06-04
7248-8015,null,"Лабораторно-клінічний корпус","10.1264.2-Будівлі лікувально-профілактичні","ОКРЕМО СТОЯЧИЙ","ЛАБОРАТОРНЕ",Київська міська рада,22883141,"КОМУНАЛЬНЕ НЕКОМЕРЦІЙНЕ ПІДПРИЄМСТВО КИЇВСЬКА МІСЬКА КЛІНІЧНА ЛІКАРНЯ №18 ВИКОНАВЧОГО ОРГАНУ КИЇВСЬКОЇ МІСЬКОЇ РАДИ (КИЇВСЬКОЇ МІСЬКОЇ ДЕРЖАВНОЇ АДМІНІСТРАЦІЇ)","01993776",null,null,"10.1264.2","Будівлі лікувально-профілактичні",кв. м.,"2409.5",UA80000000000093317,null,Україна,м. Київ,null,null,null,"ШЕВЧЕНКІВСЬКИЙ","ШЕВЧЕНКА ТАРАСА БУЛЬВ.",xxx,null,null,Зареєстровано,"1248093680000",null,null,"ЗАДОВІЛЬНИЙ",null,2025-06-04
7251-43954,null,"ГОСПОДАРЧИЙ КОРПУС, КАНАЛІЗАЦ.НАСОСНА СТАНЦІЯ","10.1264-Будівлі лікарень та оздоровчих закладів","ОКРЕМО СТОЯЧИЙ","ГОСПОДАРСЬКЕ ПРИМІЩЕННЯ",Київська міська рада,22883141,"КОМУНАЛЬНЕ НЕКОМЕРЦІЙНЕ ПІДПРИЄМСТВО КИЇВСЬКА МІСЬКА КЛІНІЧНА ЛІКАРНЯ ШВИДКОЇ МЕДИЧНОЇ ДОПОМОГИ ВИКОНАВЧОГО ОРГАНУ КИЇВСЬКОЇ МІСЬКОЇ РАДИ (КИЇВСЬКОЇ МІСЬКОЇ ДЕРЖАВНОЇ АДМІНІСТРАЦІЇ)","00184945",null,null,"10.1264","Будівлі лікарень та оздоровчих закладів",кв. м.,"2488.9",UA80000000000093317,"02166",Україна,м. Київ,null,null,null,"ДЕСНЯНСЬКИЙ","БРАТИСЛАВСЬКА",xxx,null,null,Зареєстровано,"1255589280000, 1255364380000, 1255518880000",null,null,"КАПІТАЛЬНИЙ РЕМОНТ",null,2024-05-23
7252-46051,null,"АДМІНІСТРАТИВНЕ","10.1220.10.023-Будівлі адміністративні","ПРИМІЩЕННЯ В Н/Б","АДМІНІСТРАТИВНЕ",Київська міська рада,22883141,"КОМУНАЛЬНЕ ПІДПРИЄМСТВО ""КИЇВЖИТЛОСПЕЦЕКСПЛУАТАЦІЯ""","03366500",null,null,"10.1220.10.023","Будівлі адміністративні",кв. м.,"1979.1",UA80000000000093317,null,Україна,м. Київ,null,null,null,"СВЯТОШИНСЬКИЙ","ЗОДЧИХ",xxx,null,null,Невідомо,null,null,null,"ЗАДОВІЛЬНИЙ",null,2025-06-13
7253-47259,null,"КОМУНАЛЬНЕ НЕКОМЕРЦІЙНЕ ПІДПРИЄМСТВО ""ЦЕНТР ПЕРВИННОЇ МЕДИКО-САНІТАРНОЇ ДОПОМОГИ №2"" ГОЛОСІЇВСЬКОГО РАЙОНУ М. КИЄВА","10.1264.40.003-Будівлі поліклінік","ОКРЕМО СТОЯЧИЙ","ПОЛІКЛІНІКА",Київська міська рада,22883141,"КОМУНАЛЬНЕ НЕКОМЕРЦІЙНЕ ПІДПРИЄМСТВО ЦЕНТР ПЕРВИННОЇ МЕДИКО-САНІТАРНОЇ ДОПОМОГИ № 2 ГОЛОСІЇВСЬКОГО РАЙОНУ М. КИЄВА","38945128",null,null,"10.1264.40.003","Будівлі поліклінік",кв. м.,"7018.8",UA80000000000093317,null,Україна,м. Київ,null,null,null,"ГОЛОСІЇВСЬКИЙ","ГОЛОСІЇВСЬКА",xxx,null,null,Зареєстровано,"1326534780000",null,null,"ЗАДОВІЛЬНИЙ",null,2025-05-19
7254-43157,null,"ЕЛІНГ-075","10.2-ІНЖЕНЕРНІ СПОРУДИ","ОКРЕМО СТОЯЧИЙ","АНГАР",Київська міська рада,22883141,"КОМУНАЛЬНЕ ПІДПРИЄМСТВО ВИКОНАВЧОГО ОРГАНУ КИЇВСЬКОЇ МІСЬКОЇ РАДИ (КИЇВСЬКОЇ МІСЬКОЇ ДЕРЖАВНОЇ АДМІНІСТРАЦІЇ) ПО ОХОРОНІ, УТРИМАННЮ ТА ЕКСПЛУАТАЦІЇ ЗЕМЕЛЬ ВОДНОГО ФОНДУ М. КИЄВА ""ПЛЕСО""","23505151",null,null,"10.2","ІНЖЕНЕРНІ СПОРУДИ",кв. м.,"43.9",UA80000000000093317,null,Україна,м. Київ,null,null,null,"ОБОЛОНСЬКИЙ","МАКСИМЕНКА ФЕДОРА (ЧЕРВОНОФЛОТСЬКА)",xxx,null,null,Невідомо,null,null,null,"ЗАДОВІЛЬНИЙ",null,2025-05-19
7257-47453,null,"Нежитлова будівля, літ. ""А""","10.1264.40.009-Клініко-діагностичні центри (КДЦ)","ОКРЕМО СТОЯЧИЙ","ЛІКУВАЛЬНО-ДІАГНОСТИЧНЕ",Київська міська рада,22883141,"КОМУНАЛЬНЕ НЕКОМЕРЦІЙНЕ ПІДПРИЄМСТВО КОНСУЛЬТАТИВНО-ДІАГНОСТИЧНИЙ ЦЕНТР ШЕВЧЕНКІВСЬКОГО РАЙОНУ МІСТА КИЄВА","38947811",null,null,"10.1264.40.009","Клініко-діагностичні центри (КДЦ)",кв. м.,"13104.3",UA80000000000093317,"01032",Україна,м. Київ,null,null,null,"ШЕВЧЕНКІВСЬКИЙ","САКСАГАНСЬКОГО",xxx,null,null,Зареєстровано,"1475359280000",null,null,"ЗАДОВІЛЬНИЙ",null,2025-05-20
7258-47989,null,"Лікувально-профілактичні","10.1264.40.003-Будівлі поліклінік","ОКРЕМО СТОЯЧИЙ","ПОЛІКЛІНІКА",Київська міська рада,22883141,"КОМУНАЛЬНЕ НЕКОМЕРЦІЙНЕ ПІДПРИЄМСТВО ""ЦЕНТР ПЕРВИННОЇ МЕДИКО-САНІТАРНОЇ ДОПОМОГИ № 2"" ШЕВЧЕНКІВСЬКОГО РАЙОНУ МІСТА КИЄВА","38948312",null,null,"10.1264.40.003","Будівлі поліклінік",кв. м.,"8596.8",UA80000000000093317,"04050",Україна,м. Київ,null,null,null,"ШЕВЧЕНКІВСЬКИЙ","ПИМОНЕНКА МИКОЛИ",xxx,null,null,Зареєстровано,"1239375780000",null,null,"ЗАДОВІЛЬНИЙ",null,2025-05-21
7260-59784,null,"ДИСПАНСЕРНИЙ КОРПУС","10.1264.2-Будівлі лікувально-профілактичні","ОКРЕМО СТОЯЧИЙ","ДИСПАНСЕРИ",Київська міська рада,22883141,"КОМУНАЛЬНЕ НЕКОМЕРЦІЙНЕ ПІДПРИЄМСТВО МІСЬКИЙ ЗАКЛАД З НАДАННЯ ПСИХІАТРИЧНОЇ ДОПОМОГИ ВИКОНАВЧОГО ОРГАНУ КИЇВСЬКОЇ МІСЬКОЇ РАДИ (КИЇВСЬКОЇ МІСЬКОЇ ДЕРЖАВНОЇ АДМІНІСТРАЦІЇ)","01993992",null,null,"10.1264.2","Будівлі лікувально-профілактичні",кв. м.,"637.4",UA80000000000093317,null,Україна,м. Київ,null,null,null,"ПЕЧЕРСЬКИЙ","ВЕРХНЯ",xxx,null,null,Зареєстровано,"1497317080000",null,null,"ЗАДОВІЛЬНИЙ",null,2025-05-26
7262-49146,null,"АДМІНІСТРАТИВНЕ","10.6000.01.001-Приміщення основні","ПРИМІЩЕННЯ В Ж/Б","АДМІНІСТРАТИВНЕ",Київська міська рада,22883141,"КОМУНАЛЬНЕ ПІДПРИЄМСТВО ""КЕРУЮЧА КОМПАНІЯ З ОБСЛУГОВУВАННЯ ЖИТЛОВОГО ФОНДУ ГОЛОСІЇВСЬКОГО РАЙОНУ М.КИЄВА""","32375554",null,null,"10.6000.01.001","Приміщення основні",кв. м.,"13635.59",UA80000000000093317,"03187",Україна,м. Київ,null,null,null,"ГОЛОСІЇВСЬКИЙ","ГЛУШКОВА АКАДЕМІКА",xxx,null,null,Зареєстровано,"2493447380000",null,null,"ЗАДОВІЛЬНИЙ",null,2025-05-27
7263-49225,null,"АДМІНІСТРАТИВНЕ","10.12-Будівлі (приміщення) нежитлові","ПРИМІЩЕННЯ В Ж/Б","АДМІНІСТРАТИВНЕ",Київська міська рада,22883141,"КОМУНАЛЬНЕ ПІДПРИЄМСТВО ""КЕРУЮЧА КОМПАНІЯ З ОБСЛУГОВУВАННЯ ЖИТЛОВОГО ФОНДУ ПОДІЛЬСЬКОГО РАЙОНУ М.КИЄВА""","39609111",null,null,"10.12","Будівлі (приміщення) нежитлові",кв. м.,"407.1",UA80000000000093317,null,Україна,м. Київ,null,null,null,"ПОДІЛЬСЬКИЙ","КОСТЯНТИНІВСЬКА",xxx,null,null,Зареєстровано,"1908921880000",null,null,"ЗАДОВІЛЬНИЙ",null,2025-05-27
7264-49534,null,"вільне","10.12-Будівлі (приміщення) нежитлові","ПРИМІЩЕННЯ В Ж/Б",null,Київська міська рада,22883141,"КОМУНАЛЬНЕ ПІДПРИЄМСТВО ""КЕРУЮЧА КОМПАНІЯ З ОБСЛУГОВУВАННЯ ЖИТЛОВОГО ФОНДУ ПОДІЛЬСЬКОГО РАЙОНУ М.КИЄВА""","39609111",null,null,"10.12","Будівлі (приміщення) нежитлові",кв. м.,"19.8",UA80000000000093317,null,Україна,м. Київ,null,null,null,"ПОДІЛЬСЬКИЙ","ЄВРОПЕЙСЬКОГО СОЮЗУ ПРОСПЕКТ (ПРАВДИ ПРОСПЕКТ)",xxx,null,null,Зареєстровано,"1620798080000",null,null,"ЗАДОВІЛЬНИЙ",null,2025-05-27
7265-16948,null,null,null,"ПРИМІЩЕННЯ В Ж/Б",null,Київська міська рада,22883141,"КОМУНАЛЬНЕ ПІДПРИЄМСТВО ""КЕРУЮЧА КОМПАНІЯ З ОБСЛУГОВУВАННЯ ЖИТЛОВОГО ФОНДУ ШЕВЧЕНКІВСЬКОГО РАЙОНУ М.КИЄВА""","34966254",null,null,null,null,кв. м.,"3898.92",UA80000000000093317,null,Україна,м. Київ,null,null,null,"ШЕВЧЕНКІВСЬКИЙ","БІЛОРУСЬКА",xxx,null,null,Зареєстровано,"1257433180000",null,null,"ЗАДОВІЛЬНИЙ",null,2025-05-28
7267-45897,null,"АДМІНІСТРАТИВНЕ","10.1220.10.023-Будівлі адміністративні","ПРИМІЩЕННЯ В Н/Б","АДМІНІСТРАТИВНЕ",Київська міська рада,22883141,"КОМУНАЛЬНЕ ПІДПРИЄМСТВО ""КИЇВЖИТЛОСПЕЦЕКСПЛУАТАЦІЯ""","03366500",null,null,"10.1220.10.023","Будівлі адміністративні",кв. м.,"3108.2",UA80000000000093317,null,Україна,м. Київ,null,null,null,"СВЯТОШИНСЬКИЙ","ЮРИ ГНАТА",xxx,null,null,Зареєстровано,"2096363480000",null,null,"ЗАДОВІЛЬНИЙ",null,2025-05-05
7268-51990,null,null,"10.1220.10.023-Будівлі адміністративні","ОКРЕМО СТОЯЧИЙ","АДМІНІСТРАТИВНЕ",Київська міська рада,22883141,"КОМУНАЛЬНЕ ПІДПРИЄМСТВО ""КЕРУЮЧА КОМПАНІЯ З ОБСЛУГОВУВАННЯ ЖИТЛОВОГО ФОНДУ ДЕСНЯНСЬКОГО РАЙОНУ М.КИЄВА""","39605452",null,null,"10.1220.10.023","Будівлі адміністративні",кв. м.,"1435.9",UA80000000000093317,null,Україна,м. Київ,null,null,null,"ДЕСНЯНСЬКИЙ","МИЛОСЛАВСЬКА",xxx,null,null,Зареєстровано,"2738724180000",null,null,"ЗАДОВІЛЬНИЙ",null,2025-05-29
7269-20335,null,"СЕРЕДНЯ ШКОЛА N 199","10.1263.30.001-Будівлі шкіл загальноосвітніх","ОКРЕМО СТОЯЧИЙ","ШКОЛА",Київська міська рада,22883141,"УПРАВЛІННЯ ОСВІТИ ШЕВЧЕНКІВСЬКОЇ РАЙОННОЇ В М.КИЄВІ ДЕРЖАВНОЇ АДМІНІСТРАЦІЇ","37470086",null,null,"10.1263.30.001","Будівлі шкіл загальноосвітніх",кв. м.,"5229.0",UA80000000000093317,null,Україна,м. Київ,null,null,null,"ШЕВЧЕНКІВСЬКИЙ","БАКИНСЬКА",xxx,null,null,Зареєстровано,"1532399480000",null,null,"ЗАДОВІЛЬНИЙ",null,2025-06-02
7270-13343,null,"СЕРЕДНЯ ШКОЛА N 57","10.1263.30.001-Будівлі шкіл загальноосвітніх","ОКРЕМО СТОЯЧИЙ","ШКОЛА",Київська міська рада,22883141,"УПРАВЛІННЯ ОСВІТИ ШЕВЧЕНКІВСЬКОЇ РАЙОННОЇ В М.КИЄВІ ДЕРЖАВНОЇ АДМІНІСТРАЦІЇ","37470086",null,null,"10.1263.30.001","Будівлі шкіл загальноосвітніх",кв. м.,"7049.9",UA80000000000093317,null,Україна,м. Київ,null,null,null,"ШЕВЧЕНКІВСЬКИЙ","ПРОРІЗНА",xxx,null,null,Зареєстровано,"1527644480000",null,null,"ЗАДОВІЛЬНИЙ",null,2025-06-02
7271-46045,null,"АДМІНІСТРАТИВНЕ","10.1-БУДІВЛІ","ПРИМІЩЕННЯ В Н/Б","АДМІНІСТРАТИВНЕ",Київська міська рада,22883141,"КОМУНАЛЬНЕ ПІДПРИЄМСТВО ""КИЇВЖИТЛОСПЕЦЕКСПЛУАТАЦІЯ""","03366500",null,null,"10.1","БУДІВЛІ",кв. м.,"1986.8",UA80000000000093317,null,Україна,м. Київ,null,null,null,"ПОДІЛЬСЬКИЙ","ІВАНА ВИГОВСЬКОГО (ГРЕЧКА МАРШАЛА)",xxx,null,null,Зареєстровано,"2675294280000",null,null,"ЗАДОВІЛЬНИЙ",null,2025-04-03
7272-47453,null,"Нежитлова будівля, літ. ""А""","10.1264.40.009-Клініко-діагностичні центри (КДЦ)","ОКРЕМО СТОЯЧИЙ","ЛІКУВАЛЬНО-ДІАГНОСТИЧНЕ",Київська міська рада,22883141,"КОМУНАЛЬНЕ НЕКОМЕРЦІЙНЕ ПІДПРИЄМСТВО КОНСУЛЬТАТИВНО-ДІАГНОСТИЧНИЙ ЦЕНТР ШЕВЧЕНКІВСЬКОГО РАЙОНУ МІСТА КИЄВА","38947811",null,null,"10.1264.40.009","Клініко-діагностичні центри (КДЦ)",кв. м.,"13104.3",UA80000000000093317,"01032",Україна,м. Київ,null,null,null,"ШЕВЧЕНКІВСЬКИЙ","САКСАГАНСЬКОГО",xxx,null,null,Зареєстровано,"1475359280000",null,null,"ЗАДОВІЛЬНИЙ",null,2025-05-20
7273-59933,null,"МСР","10.1264.40.004-Будівлі пунктів медичного обслуговування","ОКРЕМО СТОЯЧИЙ","ВИРОБНИЧЕ",Київська міська рада,22883141,"КОМУНАЛЬНЕ НЕКОМЕРЦІЙНЕ ПІДПРИЄМСТВО КЛІНІЧНИЙ ЗАКЛАД З НАДАННЯ ПСИХІАТРИЧНОЇ ДОПОМОГИ ПСИХІАТРІЯ ВИКОНАВЧОГО ОРГАНУ КИЇВСЬКОЇ МІСЬКОЇ РАДИ (КИЇВСЬКОЇ МІСЬКОЇ ДЕРЖАВНОЇ АДМІНІСТРАЦІЇ)","01994072",null,null,"10.1264.40.004","Будівлі пунктів медичного обслуговування",кв. м.,"220.9",UA80000000000093317,null,Україна,м. Київ,null,null,null,"ШЕВЧЕНКІВСЬКИЙ","МАГІСТРАЛЬНА",xxx,null,null,Невідомо,null,null,null,"ПОТРЕБУЄ РЕМОНТУ",null,2025-06-06
7274-62240,null,"АДМІНІСТРАТИВНЕ","10.112-Будинки з двома та більше квартирами","ПРИМІЩЕННЯ В Ж/Б","АДМІНІСТРАТИВНЕ",Київська міська рада,22883141,"КОМУНАЛЬНЕ ПІДПРИЄМСТВО ""КЕРУЮЧА КОМПАНІЯ З ОБСЛУГОВУВАННЯ ЖИТЛОВОГО ФОНДУ СВЯТОШИНСЬКОГО РАЙОНУ М. КИЄВА""","39607507",null,null,"10.112","Будинки з двома та більше квартирами",кв. м.,"7972.9",UA80000000000093317,null,Україна,м. Київ,null,null,null,"СВЯТОШИНСЬКИЙ","МРІЇ (ТУПОЛЄВА АКАДЕМІКА)",xxx,null,null,Зареєстровано,"1610972580000",null,null,"ЗАДОВІЛЬНИЙ",null,2025-06-18
7275-48979,null,"МАГАЗИН ПРОДТОВАРІВ","10.1230.10.001-Будівлі магазинів","ПРИМІЩЕННЯ В Ж/Б","МАГАЗИН ПРОДТОВАРІВ",Київська міська рада,22883141,"КОМУНАЛЬНЕ ПІДПРИЄМСТВО ""КЕРУЮЧА КОМПАНІЯ З ОБСЛУГОВУВАННЯ ЖИТЛОВОГО ФОНДУ СВЯТОШИНСЬКОГО РАЙОНУ М. КИЄВА""","39607507",null,null,"10.1230.10.001","Будівлі магазинів",кв. м.,"18945.0",UA80000000000093317,"03179",Україна,м. Київ,null,null,null,"СВЯТОШИНСЬКИЙ","ЧОРНОБИЛЬСЬКА",xxx,null,null,Зареєстровано,"1555135180000",null,null,"ЗАДОВІЛЬНИЙ",null,2025-06-05
7276-50993,null,"КОМПЛ.ПІДПР.ПОБУТ. ОБСЛУГОВ.","10.1220.10.023-Будівлі адміністративні","ОКРЕМО СТОЯЧИЙ","КОМПЛ.ПІДПР.ПОБУТ. ОБСЛУГОВ.",Київська міська рада,22883141,"КОМУНАЛЬНЕ ПІДПРИЄМСТВО ""КЕРУЮЧА КОМПАНІЯ З ОБСЛУГОВУВАННЯ ЖИТЛОВОГО ФОНДУ ДЕСНЯНСЬКОГО РАЙОНУ М.КИЄВА""","39605452",null,null,"10.1220.10.023","Будівлі адміністративні",кв. м.,"968.0",UA80000000000093317,null,Україна,м. Київ,null,null,null,"ДЕСНЯНСЬКИЙ","ОНОРЕ ДЕ БАЛЬЗАКА",xxx,null,null,Зареєстровано,"1651386280000",null,null,"ЗАДОВІЛЬНИЙ",null,2025-03-26
7278-42343,null,"ЗАКЛАД ДОШКІЛЬНОЇ ОСВІТИ № 33 ""ДИВОГРАЙ""","10.1263.50.001-Будівлі дитячих садів","ОКРЕМО СТОЯЧИЙ","ДИТЯЧИЙ САДОК",Київська міська рада,22883141,"УПРАВЛІННЯ ОСВІТИ СВЯТОШИНСЬКОЇ РАЙОННОЇ В МІСТІ КИЄВІ ДЕРЖАВНОЇ АДМІНІСТРАЦІЇ","37498536",null,null,"10.1263.50.001","Будівлі дитячих садів",кв. м.,"3000.9",UA80000000000093317,null,Україна,м. Київ,null,null,null,"СВЯТОШИНСЬКИЙ","ОСІННЯ",xxx,null,null,Зареєстровано,"1829526280000",null,null,"ЗАДОВІЛЬНИЙ",null,2025-06-20
7279-45364,null,"ЗАКЛАД ДОШКІЛЬНОЇ ОСВІТИ № 60","10.1263.50.001-Будівлі дитячих садів","ОКРЕМО СТОЯЧИЙ","ДИТЯЧИЙ САДОК",Київська міська рада,22883141,"УПРАВЛІННЯ ОСВІТИ СВЯТОШИНСЬКОЇ РАЙОННОЇ В МІСТІ КИЄВІ ДЕРЖАВНОЇ АДМІНІСТРАЦІЇ","37498536",null,null,"10.1263.50.001","Будівлі дитячих садів",кв. м.,"1159.6",UA80000000000093317,null,Україна,м. Київ,null,null,null,"СВЯТОШИНСЬКИЙ","ЛЬВІВСЬКА",xxx,null,null,Зареєстровано,"1514486980000",null,null,"ЗАДОВІЛЬНИЙ",null,2025-06-20
7280-45326,null,"ЗАКЛАД ДОШКІЛЬНОЇ ОСВІТИ № 789","10.1263.50.001-Будівлі дитячих садів","ОКРЕМО СТОЯЧИЙ","ДИТЯЧИЙ САДОК",Київська міська рада,22883141,"УПРАВЛІННЯ ОСВІТИ СВЯТОШИНСЬКОЇ РАЙОННОЇ В МІСТІ КИЄВІ ДЕРЖАВНОЇ АДМІНІСТРАЦІЇ","37498536",null,null,"10.1263.50.001","Будівлі дитячих садів",кв. м.,"2177.6",UA80000000000093317,null,Україна,м. Київ,null,null,null,"СВЯТОШИНСЬКИЙ","ПІДЛІСНА",xxx,null,null,Зареєстровано,"1534030980000",null,null,"ЗАДОВІЛЬНИЙ",null,2025-06-20
7281-62223,null,"ЛІКУВАЛЬНИЙ КОРПУС, літ. ""А-7""","10.1264.21.014-Акушерсько-гінекологічні лікувальні корпуси","ОКРЕМО СТОЯЧИЙ","ЛІКУВАЛЬНЕ",Київська міська рада,22883141,"КОМУНАЛЬНЕ НЕКОМЕРЦІЙНЕ ПІДПРИЄМСТВО КИЇВСЬКА МІСЬКА КЛІНІЧНА ЛІКАРНЯ №3 ВИКОНАВЧОГО ОРГАНУ КИЇВСЬКОЇ МІСЬКОЇ РАДИ (КИЇВСЬКОЇ МІСЬКОЇ ДЕРЖАВНОЇ АДМІНІСТРАЦІЇ)","05415958",null,null,"10.1264.21.014","Акушерсько-гінекологічні лікувальні корпуси",кв. м.,"14359.6",UA80000000000093317,null,Україна,м. Київ,null,null,null,"ДНІПРОВСЬКИЙ","ЧОРНИХ ЗАПОРОЖЦІВ (ПЕТРА ЗАПОРОЖЦЯ)",xxx,null,null,Зареєстровано,"1304031880000",null,null,"ЗАДОВІЛЬНИЙ",null,2025-06-13
7284-54795,null,"ТЯГЛОВА ПІДСТАНЦІЯ","10.2-ІНЖЕНЕРНІ СПОРУДИ","ОКРЕМО СТОЯЧИЙ","ТЯГЛОВА ПІДСТАНЦІЯ",Київська міська рада,22883141,"ТАВРІЙСЬКИЙ НАЦІОНАЛЬНИЙ УНІВЕРСИТЕТ ІМЕНІ В. І. ВЕРНАДСЬКОГО","02070967",null,null,"10.2","ІНЖЕНЕРНІ СПОРУДИ",кв. м.,"38.35",UA80000000000093317,"252042",Україна,м. Київ,null,null,null,"ПЕЧЕРСЬКИЙ","ДЖОНА МАККЕЙНА (КУДРІ ІВАНА)",xxx,null,null,Невідомо,null,null,null,"ЗАДОВІЛЬНИЙ",null,2025-06-11
7288-54801,null,"САРАЙ","10.1252.70.009-Складські будівлі","ОКРЕМО СТОЯЧИЙ","СКЛАДСЬКЕ ПРИМІЩЕННЯ",Київська міська рада,22883141,"ТАВРІЙСЬКИЙ НАЦІОНАЛЬНИЙ УНІВЕРСИТЕТ ІМЕНІ В. І. ВЕРНАДСЬКОГО","02070967",null,null,"10.1252.70.009","Складські будівлі",кв. м.,"47.0",UA80000000000093317,null,Україна,м. Київ,null,null,null,"ОБОЛОНСЬКИЙ","ПОПОВА",xxx,null,null,Невідомо,null,null,null,"НЕЗАДОВІЛЬНИЙ",null,2025-06-11
7289-54804,null,"СМІТТЄЗБІРНИК","10.1252.70.009-Складські будівлі","ОКРЕМО СТОЯЧИЙ","СМІТТЄЗБІРНИК",Київська міська рада,22883141,"ТАВРІЙСЬКИЙ НАЦІОНАЛЬНИЙ УНІВЕРСИТЕТ ІМЕНІ В. І. ВЕРНАДСЬКОГО","02070967",null,null,"10.1252.70.009","Складські будівлі",кв. м.,"27.0",UA80000000000093317,null,Україна,м. Київ,null,null,null,"ОБОЛОНСЬКИЙ","ПОПОВА",xxx,null,null,Невідомо,null,null,null,"НЕЗАДОВІЛЬНИЙ",null,2025-06-11
7292-46056,null,"АПТЕКА","10.1220.10.023-Будівлі адміністративні","ОКРЕМО СТОЯЧИЙ","АПТЕКА",Київська міська рада,22883141,"КОМУНАЛЬНЕ ПІДПРИЄМСТВО ""КИЇВЖИТЛОСПЕЦЕКСПЛУАТАЦІЯ""","03366500",null,null,"10.1220.10.023","Будівлі адміністративні",кв. м.,"1308.6",UA80000000000093317,null,Україна,м. Київ,null,null,null,"СВЯТОШИНСЬКИЙ","ГЕРОЇВ КОСМОСУ",xxx,null,null,Невідомо,null,null,null,"ЗАДОВІЛЬНИЙ",null,2025-04-03
7296-51954,null,null,"10.1220.10.023-Будівлі адміністративні","ОКРЕМО СТОЯЧИЙ","АДМІНІСТРАТИВНЕ",Київська міська рада,22883141,"КОМУНАЛЬНЕ ПІДПРИЄМСТВО ""КЕРУЮЧА КОМПАНІЯ З ОБСЛУГОВУВАННЯ ЖИТЛОВОГО ФОНДУ ДЕСНЯНСЬКОГО РАЙОНУ М.КИЄВА""","39605452",null,null,"10.1220.10.023","Будівлі адміністративні",кв. м.,"1442.2",UA80000000000093317,"02232",Україна,м. Київ,null,null,null,"ДЕСНЯНСЬКИЙ","БИКОВА ЛЕОНІДА БУЛЬВ.",xxx,null,null,Зареєстровано,"2842230180000",null,null,"ЗАДОВІЛЬНИЙ",null,2025-06-13
7298-59942,null,"БУДІВЛЯ МЛВМ","10.1264.40.004-Будівлі пунктів медичного обслуговування","ОКРЕМО СТОЯЧИЙ","ВИРОБНИЧЕ",Київська міська рада,22883141,"КОМУНАЛЬНЕ НЕКОМЕРЦІЙНЕ ПІДПРИЄМСТВО КЛІНІЧНИЙ ЗАКЛАД З НАДАННЯ ПСИХІАТРИЧНОЇ ДОПОМОГИ ПСИХІАТРІЯ ВИКОНАВЧОГО ОРГАНУ КИЇВСЬКОЇ МІСЬКОЇ РАДИ (КИЇВСЬКОЇ МІСЬКОЇ ДЕРЖАВНОЇ АДМІНІСТРАЦІЇ)","01994072",null,null,"10.1264.40.004","Будівлі пунктів медичного обслуговування",кв. м.,"1451.8",UA80000000000093317,null,Україна,м. Київ,null,null,null,"СОЛОМ'ЯНСЬКИЙ","ОЛЕКСИ ТИХОГО (ВИБОРЗЬКА)",xxx,null,null,Зареєстровано,"1691444280000",null,null,"ПОТРЕБУЄ РЕМОНТУ",null,2025-06-16
7299-59942,null,"БУДІВЛЯ МЛВМ","10.1264.40.004-Будівлі пунктів медичного обслуговування","ОКРЕМО СТОЯЧИЙ","ВИРОБНИЧЕ",Київська міська рада,22883141,"КОМУНАЛЬНЕ НЕКОМЕРЦІЙНЕ ПІДПРИЄМСТВО КЛІНІЧНИЙ ЗАКЛАД З НАДАННЯ ПСИХІАТРИЧНОЇ ДОПОМОГИ ПСИХІАТРІЯ ВИКОНАВЧОГО ОРГАНУ КИЇВСЬКОЇ МІСЬКОЇ РАДИ (КИЇВСЬКОЇ МІСЬКОЇ ДЕРЖАВНОЇ АДМІНІСТРАЦІЇ)","01994072",null,null,"10.1264.40.004","Будівлі пунктів медичного обслуговування",кв. м.,"1451.8",UA80000000000093317,null,Україна,м. Київ,null,null,null,"СОЛОМ'ЯНСЬКИЙ","ОЛЕКСИ ТИХОГО (ВИБОРЗЬКА)",xxx,null,null,Зареєстровано,"1691444280000",null,null,"ПОТРЕБУЄ РЕМОНТУ",null,2025-06-16
7301-45773,null,"ГОЛОВНИЙ КОРПУС з ПІДЗЕМНОЮ ГАЛЕРЕЄЮ (ЛІКАРНЯ НА 120 ЛІЖ. З ПОЛІКЛІНІКОЮ НА 150 ВІДВІДУВАНЬ)","10.1264.9-Будівлі закладів лікувально-профілактичних та оздоровчих інші","ОКРЕМО СТОЯЧИЙ","ЛІКАРНЯ",Київська міська рада,22883141,"КОМУНАЛЬНЕ НЕКОМЕРЦІЙНЕ ПІДПРИЄМСТВО ""ДИТЯЧА КЛІНІЧНА ЛІКАРНЯ №7 ПЕЧЕРСЬКОГО РАЙОНУ МІСТА КИЄВА""","01993842",null,null,"10.1264.9","Будівлі закладів лікувально-профілактичних та оздоровчих інші",кв. м.,"21419.3",UA80000000000093317,"01103",Україна,м. Київ,null,null,null,"ПЕЧЕРСЬКИЙ","ПІДВИСОЦЬКОГО ПРОФЕСОРА",xxx,null,null,Зареєстровано,"1257487980000",null,null,"ДОБРИЙ",null,2025-05-07
7302-44657,null,"ГОЛОВНИЙ КОРПУС - ЛІКУВАЛЬНИЙ БЛОК (Б)","10.1264-Будівлі лікарень та оздоровчих закладів","ОКРЕМО СТОЯЧИЙ","ЛІКУВАЛЬНЕ",Київська міська рада,22883141,"КОМУНАЛЬНЕ НЕКОМЕРЦІЙНЕ ПІДПРИЄМСТВО КИЇВСЬКА МІСЬКА КЛІНІЧНА ЛІКАРНЯ ШВИДКОЇ МЕДИЧНОЇ ДОПОМОГИ ВИКОНАВЧОГО ОРГАНУ КИЇВСЬКОЇ МІСЬКОЇ РАДИ (КИЇВСЬКОЇ МІСЬКОЇ ДЕРЖАВНОЇ АДМІНІСТРАЦІЇ)","00184945",null,null,"10.1264","Будівлі лікарень та оздоровчих закладів",кв. м.,"21549.6",UA80000000000093317,"252166",Україна,м. Київ,null,null,null,"ДЕСНЯНСЬКИЙ","БРАТИСЛАВСЬКА",xxx,null,null,Зареєстровано,"1254951080000",null,null,"ЗАДОВІЛЬНИЙ",null,2024-07-12
7303-18659,null,"НАЗЕМНА СТАНЦІЯ ""ДАРНИЦЯ""","10.1241.83.301-Станції метрополітену","ОКРЕМО СТОЯЧИЙ","НАЗЕМНА СТАНЦІЯ",Київська міська рада,22883141,"КОМУНАЛЬНЕ ПІДПРИЄМСТВО ""КИЇВСЬКИЙ МЕТРОПОЛІТЕН""","03328913",null,null,"10.1241.83.301","Станції метрополітену",кв. м.,"4281.0",UA80000000000093317,"02100",Україна,м. Київ,null,null,null,"ДНІПРОВСЬКИЙ","СТАНЦІЯ МЕТРО ""ДАРНИЦЯ""",xxx,null,null,Невідомо,null,null,null,"ЗАДОВІЛЬНИЙ",null,2025-06-20
7306-62044,null,"ПОЛІКЛІНІКА","10.1264.40.010-Центри первинної медико-санітарної допомоги","ОКРЕМО СТОЯЧИЙ","ПОЛІКЛІНІКА",Київська міська рада,22883141,"КОМУНАЛЬНЕ НЕКОМЕРЦІЙНЕ ПІДПРИЄМСТВО ЦЕНТР ПЕРВИННОЇ МЕДИКО-САНІТАРНОЇ ДОПОМОГИ № 3 ДАРНИЦЬКОГО РАЙОНУ М.КИЄВА","30300749",null,null,"10.1264.40.010","Центри первинної медико-санітарної допомоги",кв. м.,"4252.4",UA80000000000093317,"02093",Україна,м. Київ,null,null,null,"ДАРНИЦЬКИЙ","БОРИСПІЛЬСЬКА",xxx,null,null,Зареєстровано,"1245179580000",null,null,"ЗАДОВІЛЬНИЙ",null,2025-05-26
