2025-07-06T13:38:55.154+03:00  INFO 26324 --- [buildings] [main] c.vva.buildings.BuildingsApplicationKt   : Starting BuildingsApplicationKt using Java 21.0.7 with PID 26324 (C:\Users\volvo\OneDrive\ДКВ\Оприлюдлення\proj\buildings\build\classes\kotlin\main started by volvo in C:\Users\volvo\OneDrive\ДКВ\Оприлюдлення\proj\buildings)
2025-07-06T13:38:55.157+03:00  INFO 26324 --- [buildings] [main] c.vva.buildings.BuildingsApplicationKt   : No active profile set, falling back to 1 default profile: "default"
2025-07-06T13:38:56.335+03:00  INFO 26324 --- [buildings] [main] c.vva.buildings.BuildingsApplicationKt   : Started BuildingsApplicationKt in 1.571 seconds (process running for 2.03)
2025-07-06T13:39:02.704+03:00  INFO 26324 --- [buildings] [main] com.vva.buildings.Orenda                 : ID об'єкту порожній у рядку 2, idOrenda: 70613
2025-07-06T13:39:02.704+03:00  INFO 26324 --- [buildings] [main] com.vva.buildings.Orenda                 : ID об'єкту порожній у рядку 3, idOrenda: 70614
2025-07-06T13:39:02.704+03:00  INFO 26324 --- [buildings] [main] com.vva.buildings.Orenda                 : ID об'єкту порожній у рядку 4, idOrenda: 70615
2025-07-06T13:39:02.704+03:00  INFO 26324 --- [buildings] [main] com.vva.buildings.Orenda                 : ID об'єкту порожній у рядку 5, idOrenda: 70616
2025-07-06T13:39:02.704+03:00  INFO 26324 --- [buildings] [main] com.vva.buildings.Orenda                 : ID об'єкту порожній у рядку 6, idOrenda: 70617
2025-07-06T13:39:02.705+03:00  INFO 26324 --- [buildings] [main] com.vva.buildings.Orenda                 : ID об'єкту порожній у рядку 7, idOrenda: 70618
2025-07-06T13:39:02.705+03:00  INFO 26324 --- [buildings] [main] com.vva.buildings.Orenda                 : ID об'єкту порожній у рядку 8, idOrenda: 70619
2025-07-06T13:39:02.705+03:00  INFO 26324 --- [buildings] [main] com.vva.buildings.Orenda                 : ID об'єкту порожній у рядку 9, idOrenda: 70620
2025-07-06T13:39:02.705+03:00  INFO 26324 --- [buildings] [main] com.vva.buildings.Orenda                 : ID об'єкту порожній у рядку 10, idOrenda: 70621
2025-07-06T13:39:02.705+03:00  INFO 26324 --- [buildings] [main] com.vva.buildings.Orenda                 : ID об'єкту порожній у рядку 11, idOrenda: 70622
2025-07-06T13:39:02.705+03:00  INFO 26324 --- [buildings] [main] com.vva.buildings.Orenda                 : ID об'єкту порожній у рядку 12, idOrenda: 70623
2025-07-06T13:39:02.705+03:00  INFO 26324 --- [buildings] [main] com.vva.buildings.Orenda                 : ID об'єкту порожній у рядку 13, idOrenda: 70624
2025-07-06T13:39:02.705+03:00  INFO 26324 --- [buildings] [main] com.vva.buildings.Orenda                 : ID об'єкту порожній у рядку 14, idOrenda: 70625
2025-07-06T13:39:02.706+03:00  INFO 26324 --- [buildings] [main] com.vva.buildings.Orenda                 : ID об'єкту порожній у рядку 15, idOrenda: 70626
2025-07-06T13:39:02.706+03:00  INFO 26324 --- [buildings] [main] com.vva.buildings.Orenda                 : ID об'єкту порожній у рядку 16, idOrenda: 70627
2025-07-06T13:39:02.706+03:00  INFO 26324 --- [buildings] [main] com.vva.buildings.Orenda                 : ID об'єкту порожній у рядку 17, idOrenda: 70628
2025-07-06T13:39:02.706+03:00  INFO 26324 --- [buildings] [main] com.vva.buildings.Orenda                 : ID об'єкту порожній у рядку 18, idOrenda: 70629
2025-07-06T13:39:02.706+03:00  INFO 26324 --- [buildings] [main] com.vva.buildings.Orenda                 : ID об'єкту порожній у рядку 19, idOrenda: 70630
2025-07-06T13:39:02.706+03:00  INFO 26324 --- [buildings] [main] com.vva.buildings.Orenda                 : ID об'єкту порожній у рядку 20, idOrenda: 70631
2025-07-06T13:39:02.706+03:00  INFO 26324 --- [buildings] [main] com.vva.buildings.Orenda                 : ID об'єкту порожній у рядку 21, idOrenda: 70632
2025-07-06T13:39:02.706+03:00  INFO 26324 --- [buildings] [main] com.vva.buildings.Orenda                 : ID об'єкту порожній у рядку 22, idOrenda: 70633
2025-07-06T13:39:02.706+03:00  INFO 26324 --- [buildings] [main] com.vva.buildings.Orenda                 : ID об'єкту порожній у рядку 23, idOrenda: 70634
2025-07-06T13:39:02.707+03:00  INFO 26324 --- [buildings] [main] com.vva.buildings.Orenda                 : ID об'єкту порожній у рядку 24, idOrenda: 70635
2025-07-06T13:39:02.707+03:00  INFO 26324 --- [buildings] [main] com.vva.buildings.Orenda                 : ID об'єкту порожній у рядку 25, idOrenda: 70636
2025-07-06T13:39:02.707+03:00  INFO 26324 --- [buildings] [main] com.vva.buildings.Orenda                 : ID об'єкту порожній у рядку 26, idOrenda: 70637
2025-07-06T13:39:02.707+03:00  INFO 26324 --- [buildings] [main] com.vva.buildings.Orenda                 : ID об'єкту порожній у рядку 27, idOrenda: 70638
2025-07-06T13:39:02.707+03:00  INFO 26324 --- [buildings] [main] com.vva.buildings.Orenda                 : ID об'єкту порожній у рядку 28, idOrenda: 70639
2025-07-06T13:39:02.707+03:00  INFO 26324 --- [buildings] [main] com.vva.buildings.Orenda                 : ID об'єкту порожній у рядку 29, idOrenda: 70640
2025-07-06T13:39:02.707+03:00  INFO 26324 --- [buildings] [main] com.vva.buildings.Orenda                 : ID об'єкту порожній у рядку 30, idOrenda: 70641
2025-07-06T13:39:02.707+03:00  INFO 26324 --- [buildings] [main] com.vva.buildings.Orenda                 : ID об'єкту порожній у рядку 31, idOrenda: 70642
2025-07-06T13:39:02.708+03:00  INFO 26324 --- [buildings] [main] com.vva.buildings.Orenda                 : ID об'єкту порожній у рядку 32, idOrenda: 70643
2025-07-06T13:39:02.708+03:00  INFO 26324 --- [buildings] [main] com.vva.buildings.Orenda                 : ID об'єкту порожній у рядку 33, idOrenda: 70644
2025-07-06T13:39:02.708+03:00  INFO 26324 --- [buildings] [main] com.vva.buildings.Orenda                 : ID об'єкту порожній у рядку 34, idOrenda: 70645
2025-07-06T13:39:02.708+03:00  INFO 26324 --- [buildings] [main] com.vva.buildings.Orenda                 : ID об'єкту порожній у рядку 35, idOrenda: 70646
2025-07-06T13:39:02.708+03:00  INFO 26324 --- [buildings] [main] com.vva.buildings.Orenda                 : ID об'єкту порожній у рядку 36, idOrenda: 70647
2025-07-06T13:39:02.708+03:00  INFO 26324 --- [buildings] [main] com.vva.buildings.Orenda                 : ID об'єкту порожній у рядку 37, idOrenda: 70648
2025-07-06T13:39:02.708+03:00  INFO 26324 --- [buildings] [main] com.vva.buildings.Orenda                 : ID об'єкту порожній у рядку 38, idOrenda: 70649
2025-07-06T13:39:02.708+03:00  INFO 26324 --- [buildings] [main] com.vva.buildings.Orenda                 : ID об'єкту порожній у рядку 39, idOrenda: 70650
2025-07-06T13:39:02.709+03:00  INFO 26324 --- [buildings] [main] com.vva.buildings.Orenda                 : ID об'єкту порожній у рядку 40, idOrenda: 70651
2025-07-06T13:39:02.709+03:00  INFO 26324 --- [buildings] [main] com.vva.buildings.Orenda                 : ID об'єкту порожній у рядку 41, idOrenda: 70652
2025-07-06T13:39:02.709+03:00  INFO 26324 --- [buildings] [main] com.vva.buildings.Orenda                 : ID об'єкту порожній у рядку 42, idOrenda: 70653
2025-07-06T13:39:02.709+03:00  INFO 26324 --- [buildings] [main] com.vva.buildings.Orenda                 : ID об'єкту порожній у рядку 43, idOrenda: 70654
2025-07-06T13:39:02.709+03:00  INFO 26324 --- [buildings] [main] com.vva.buildings.Orenda                 : ID об'єкту порожній у рядку 44, idOrenda: 70655
2025-07-06T13:39:02.709+03:00  INFO 26324 --- [buildings] [main] com.vva.buildings.Orenda                 : ID об'єкту порожній у рядку 45, idOrenda: 70656
2025-07-06T13:39:02.709+03:00  INFO 26324 --- [buildings] [main] com.vva.buildings.Orenda                 : ID об'єкту порожній у рядку 46, idOrenda: 70657
2025-07-06T13:39:02.710+03:00  INFO 26324 --- [buildings] [main] com.vva.buildings.Orenda                 : ID об'єкту порожній у рядку 47, idOrenda: 70658
2025-07-06T13:39:02.710+03:00  INFO 26324 --- [buildings] [main] com.vva.buildings.Orenda                 : ID об'єкту порожній у рядку 48, idOrenda: 70659
2025-07-06T13:39:02.710+03:00  INFO 26324 --- [buildings] [main] com.vva.buildings.Orenda                 : ID об'єкту порожній у рядку 49, idOrenda: 70661
2025-07-06T13:39:02.710+03:00  INFO 26324 --- [buildings] [main] com.vva.buildings.Orenda                 : ID об'єкту порожній у рядку 50, idOrenda: 70662
2025-07-06T13:39:02.710+03:00  INFO 26324 --- [buildings] [main] com.vva.buildings.Orenda                 : ID об'єкту порожній у рядку 51, idOrenda: 70663
2025-07-06T13:39:02.710+03:00  INFO 26324 --- [buildings] [main] com.vva.buildings.Orenda                 : ID об'єкту порожній у рядку 52, idOrenda: 70664
2025-07-06T13:39:02.710+03:00  INFO 26324 --- [buildings] [main] com.vva.buildings.Orenda                 : ID об'єкту порожній у рядку 53, idOrenda: 70665
2025-07-06T13:39:02.710+03:00  INFO 26324 --- [buildings] [main] com.vva.buildings.Orenda                 : ID об'єкту порожній у рядку 54, idOrenda: 70666
2025-07-06T13:39:02.710+03:00  INFO 26324 --- [buildings] [main] com.vva.buildings.Orenda                 : ID об'єкту порожній у рядку 55, idOrenda: 70667
2025-07-06T13:39:02.710+03:00  INFO 26324 --- [buildings] [main] com.vva.buildings.Orenda                 : ID об'єкту порожній у рядку 56, idOrenda: 70668
2025-07-06T13:39:02.711+03:00  INFO 26324 --- [buildings] [main] com.vva.buildings.Orenda                 : ID об'єкту порожній у рядку 57, idOrenda: 70669
2025-07-06T13:39:02.711+03:00  INFO 26324 --- [buildings] [main] com.vva.buildings.Orenda                 : ID об'єкту порожній у рядку 58, idOrenda: 70670
2025-07-06T13:39:02.711+03:00  INFO 26324 --- [buildings] [main] com.vva.buildings.Orenda                 : ID об'єкту порожній у рядку 59, idOrenda: 70671
2025-07-06T13:39:02.711+03:00  INFO 26324 --- [buildings] [main] com.vva.buildings.Orenda                 : ID об'єкту порожній у рядку 60, idOrenda: 70673
2025-07-06T13:39:02.711+03:00  INFO 26324 --- [buildings] [main] com.vva.buildings.Orenda                 : ID об'єкту порожній у рядку 61, idOrenda: 70674
2025-07-06T13:39:02.711+03:00  INFO 26324 --- [buildings] [main] com.vva.buildings.Orenda                 : ID об'єкту порожній у рядку 62, idOrenda: 70675
2025-07-06T13:39:02.711+03:00  INFO 26324 --- [buildings] [main] com.vva.buildings.Orenda                 : ID об'єкту порожній у рядку 63, idOrenda: 70676
2025-07-06T13:39:02.711+03:00  INFO 26324 --- [buildings] [main] com.vva.buildings.Orenda                 : ID об'єкту порожній у рядку 64, idOrenda: 70677
2025-07-06T13:39:02.711+03:00  INFO 26324 --- [buildings] [main] com.vva.buildings.Orenda                 : ID об'єкту порожній у рядку 65, idOrenda: 70678
2025-07-06T13:39:02.712+03:00  INFO 26324 --- [buildings] [main] com.vva.buildings.Orenda                 : ID об'єкту порожній у рядку 66, idOrenda: 70679
2025-07-06T13:39:02.712+03:00  INFO 26324 --- [buildings] [main] com.vva.buildings.Orenda                 : ID об'єкту порожній у рядку 67, idOrenda: 70680
2025-07-06T13:39:02.712+03:00  INFO 26324 --- [buildings] [main] com.vva.buildings.Orenda                 : ID об'єкту порожній у рядку 68, idOrenda: 70681
2025-07-06T13:39:02.712+03:00  INFO 26324 --- [buildings] [main] com.vva.buildings.Orenda                 : ID об'єкту порожній у рядку 69, idOrenda: 70682
2025-07-06T13:39:02.712+03:00  INFO 26324 --- [buildings] [main] com.vva.buildings.Orenda                 : ID об'єкту порожній у рядку 70, idOrenda: 70683
2025-07-06T13:39:02.712+03:00  INFO 26324 --- [buildings] [main] com.vva.buildings.Orenda                 : ID об'єкту порожній у рядку 71, idOrenda: 70684
2025-07-06T13:39:02.712+03:00  INFO 26324 --- [buildings] [main] com.vva.buildings.Orenda                 : ID об'єкту порожній у рядку 72, idOrenda: 70685
2025-07-06T13:39:02.712+03:00  INFO 26324 --- [buildings] [main] com.vva.buildings.Orenda                 : ID об'єкту порожній у рядку 73, idOrenda: 70686
2025-07-06T13:39:02.712+03:00  INFO 26324 --- [buildings] [main] com.vva.buildings.Orenda                 : ID об'єкту порожній у рядку 74, idOrenda: 71372
2025-07-06T13:39:02.717+03:00  INFO 26324 --- [buildings] [main] com.vva.buildings.Orenda                 : ID об'єкту порожній у рядку 106, idOrenda: 63119
2025-07-06T13:39:02.717+03:00  INFO 26324 --- [buildings] [main] com.vva.buildings.Orenda                 : ID об'єкту порожній у рядку 107, idOrenda: 63120
2025-07-06T13:39:02.717+03:00  INFO 26324 --- [buildings] [main] com.vva.buildings.Orenda                 : ID об'єкту порожній у рядку 108, idOrenda: 62891
2025-07-06T13:39:02.717+03:00  INFO 26324 --- [buildings] [main] com.vva.buildings.Orenda                 : ID об'єкту порожній у рядку 109, idOrenda: 55301
2025-07-06T13:39:02.719+03:00  INFO 26324 --- [buildings] [main] com.vva.buildings.Orenda                 : ID об'єкту порожній у рядку 128, idOrenda: 66656
2025-07-06T13:39:02.719+03:00  INFO 26324 --- [buildings] [main] com.vva.buildings.Orenda                 : ID об'єкту порожній у рядку 129, idOrenda: 67975
2025-07-06T13:39:02.728+03:00  INFO 26324 --- [buildings] [main] com.vva.buildings.Orenda                 : Building with ID 0 not found in tabBuildings, idOrenda: 85272
2025-07-06T13:39:02.728+03:00  INFO 26324 --- [buildings] [main] com.vva.buildings.Orenda                 : Building with ID 0 not found in tabBuildings, idOrenda: 85299
2025-07-06T13:39:02.728+03:00  INFO 26324 --- [buildings] [main] com.vva.buildings.Orenda                 : ID об'єкту порожній у рядку 181, idOrenda: 31138
2025-07-06T13:39:02.732+03:00  INFO 26324 --- [buildings] [main] com.vva.buildings.Orenda                 : Building with ID 0 not found in tabBuildings, idOrenda: 69918
2025-07-06T13:39:02.734+03:00  INFO 26324 --- [buildings] [main] com.vva.buildings.Orenda                 : Building with ID 11893 not found in tabBuildings, idOrenda: 78131
2025-07-06T13:39:02.735+03:00  INFO 26324 --- [buildings] [main] com.vva.buildings.Orenda                 : Building with ID 12784 not found in tabBuildings, idOrenda: 79148
2025-07-06T13:39:02.735+03:00  INFO 26324 --- [buildings] [main] com.vva.buildings.Orenda                 : Building with ID 54756 not found in tabBuildings, idOrenda: 82563
2025-07-06T13:39:02.736+03:00  INFO 26324 --- [buildings] [main] com.vva.buildings.Orenda                 : Building with ID 11893 not found in tabBuildings, idOrenda: 84849
2025-07-06T13:39:02.736+03:00  INFO 26324 --- [buildings] [main] com.vva.buildings.Orenda                 : Building with ID 11893 not found in tabBuildings, idOrenda: 63939
2025-07-06T13:39:02.736+03:00  INFO 26324 --- [buildings] [main] com.vva.buildings.Orenda                 : Building with ID 11893 not found in tabBuildings, idOrenda: 80815
2025-07-06T13:39:02.736+03:00  INFO 26324 --- [buildings] [main] com.vva.buildings.Orenda                 : Building with ID 12792 not found in tabBuildings, idOrenda: 80208
2025-07-06T13:39:02.737+03:00  INFO 26324 --- [buildings] [main] com.vva.buildings.Orenda                 : Building with ID 12785 not found in tabBuildings, idOrenda: 80214
2025-07-06T13:39:02.737+03:00  INFO 26324 --- [buildings] [main] com.vva.buildings.Orenda                 : Building with ID 43115 not found in tabBuildings, idOrenda: 78483
2025-07-06T13:39:02.737+03:00  INFO 26324 --- [buildings] [main] com.vva.buildings.Orenda                 : Building with ID 43115 not found in tabBuildings, idOrenda: 78484
2025-07-06T13:39:02.738+03:00  INFO 26324 --- [buildings] [main] com.vva.buildings.Orenda                 : Building with ID 4105 not found in tabBuildings, idOrenda: 62835
2025-07-06T13:39:02.740+03:00  INFO 26324 --- [buildings] [main] com.vva.buildings.Orenda                 : ID об'єкту порожній у рядку 276, idOrenda: 52643
2025-07-06T13:39:02.741+03:00  INFO 26324 --- [buildings] [main] com.vva.buildings.Orenda                 : ID об'єкту порожній у рядку 277, idOrenda: 52645
2025-07-06T13:39:02.741+03:00  INFO 26324 --- [buildings] [main] com.vva.buildings.Orenda                 : Building with ID 1945 not found in tabBuildings, idOrenda: 79057
2025-07-06T13:39:02.741+03:00  INFO 26324 --- [buildings] [main] com.vva.buildings.Orenda                 : Building with ID 1945 not found in tabBuildings, idOrenda: 66548
2025-07-06T13:39:02.741+03:00  INFO 26324 --- [buildings] [main] com.vva.buildings.Orenda                 : Building with ID 0 not found in tabBuildings, idOrenda: 80883
2025-07-06T13:39:02.741+03:00  INFO 26324 --- [buildings] [main] com.vva.buildings.Orenda                 : Building with ID 1945 not found in tabBuildings, idOrenda: 78495
2025-07-06T13:39:02.744+03:00  INFO 26324 --- [buildings] [main] com.vva.buildings.Orenda                 : ID об'єкту порожній у рядку 307, idOrenda: 39008
2025-07-06T13:39:02.744+03:00  INFO 26324 --- [buildings] [main] com.vva.buildings.Orenda                 : ID об'єкту порожній у рядку 308, idOrenda: 63170
2025-07-06T13:39:02.744+03:00  INFO 26324 --- [buildings] [main] com.vva.buildings.Orenda                 : ID об'єкту порожній у рядку 309, idOrenda: 63171
2025-07-06T13:39:02.744+03:00  INFO 26324 --- [buildings] [main] com.vva.buildings.Orenda                 : Building with ID 16977 not found in tabBuildings, idOrenda: 79059
2025-07-06T13:39:02.744+03:00  INFO 26324 --- [buildings] [main] com.vva.buildings.Orenda                 : Building with ID 16977 not found in tabBuildings, idOrenda: 77067
2025-07-06T13:39:02.744+03:00  INFO 26324 --- [buildings] [main] com.vva.buildings.Orenda                 : Building with ID 16977 not found in tabBuildings, idOrenda: 79422
2025-07-06T13:39:02.744+03:00  INFO 26324 --- [buildings] [main] com.vva.buildings.Orenda                 : Building with ID 8028 not found in tabBuildings, idOrenda: 77739
2025-07-06T13:39:02.745+03:00  INFO 26324 --- [buildings] [main] com.vva.buildings.Orenda                 : Building with ID 6568 not found in tabBuildings, idOrenda: 84842
2025-07-06T13:39:02.745+03:00  INFO 26324 --- [buildings] [main] com.vva.buildings.Orenda                 : Building with ID 6570 not found in tabBuildings, idOrenda: 84840
2025-07-06T13:39:02.745+03:00  INFO 26324 --- [buildings] [main] com.vva.buildings.Orenda                 : Building with ID 6567 not found in tabBuildings, idOrenda: 85062
2025-07-06T13:39:02.745+03:00  INFO 26324 --- [buildings] [main] com.vva.buildings.Orenda                 : Building with ID 6667 not found in tabBuildings, idOrenda: 84684
2025-07-06T13:39:02.747+03:00  INFO 26324 --- [buildings] [main] com.vva.buildings.Orenda                 : Building with ID 0 not found in tabBuildings, idOrenda: 80903
2025-07-06T13:39:02.747+03:00  INFO 26324 --- [buildings] [main] com.vva.buildings.Orenda                 : Building with ID 0 not found in tabBuildings, idOrenda: 80904
2025-07-06T13:39:02.747+03:00  INFO 26324 --- [buildings] [main] com.vva.buildings.Orenda                 : ID об'єкту порожній у рядку 336, idOrenda: 76721
2025-07-06T13:39:02.748+03:00  INFO 26324 --- [buildings] [main] com.vva.buildings.Orenda                 : Building with ID 28785 not found in tabBuildings, idOrenda: 56203
2025-07-06T13:39:02.748+03:00  INFO 26324 --- [buildings] [main] com.vva.buildings.Orenda                 : Building with ID 28785 not found in tabBuildings, idOrenda: 75892
2025-07-06T13:39:02.748+03:00  INFO 26324 --- [buildings] [main] com.vva.buildings.Orenda                 : Building with ID 28785 not found in tabBuildings, idOrenda: 75893
2025-07-06T13:39:02.748+03:00  INFO 26324 --- [buildings] [main] com.vva.buildings.Orenda                 : Building with ID 8178 not found in tabBuildings, idOrenda: 81999
2025-07-06T13:39:02.748+03:00  INFO 26324 --- [buildings] [main] com.vva.buildings.Orenda                 : Building with ID 8178 not found in tabBuildings, idOrenda: 77515
2025-07-06T13:39:02.749+03:00  INFO 26324 --- [buildings] [main] com.vva.buildings.Orenda                 : Building with ID 8178 not found in tabBuildings, idOrenda: 70688
2025-07-06T13:39:02.749+03:00  INFO 26324 --- [buildings] [main] com.vva.buildings.Orenda                 : Building with ID 8178 not found in tabBuildings, idOrenda: 83432
2025-07-06T13:39:02.749+03:00  INFO 26324 --- [buildings] [main] com.vva.buildings.Orenda                 : Building with ID 8178 not found in tabBuildings, idOrenda: 71913
2025-07-06T13:39:02.749+03:00  INFO 26324 --- [buildings] [main] com.vva.buildings.Orenda                 : Building with ID 28873 not found in tabBuildings, idOrenda: 70543
2025-07-06T13:39:02.750+03:00  INFO 26324 --- [buildings] [main] com.vva.buildings.Orenda                 : Building with ID 28873 not found in tabBuildings, idOrenda: 70932
2025-07-06T13:39:02.750+03:00  INFO 26324 --- [buildings] [main] com.vva.buildings.Orenda                 : Building with ID 28873 not found in tabBuildings, idOrenda: 70933
2025-07-06T13:39:02.750+03:00  INFO 26324 --- [buildings] [main] com.vva.buildings.Orenda                 : Building with ID 8178 not found in tabBuildings, idOrenda: 70959
2025-07-06T13:39:02.751+03:00  INFO 26324 --- [buildings] [main] com.vva.buildings.Orenda                 : Building with ID 28873 not found in tabBuildings, idOrenda: 64274
2025-07-06T13:39:02.751+03:00  INFO 26324 --- [buildings] [main] com.vva.buildings.Orenda                 : Building with ID 8178 not found in tabBuildings, idOrenda: 64029
2025-07-06T13:39:02.751+03:00  INFO 26324 --- [buildings] [main] com.vva.buildings.Orenda                 : Building with ID 8178 not found in tabBuildings, idOrenda: 66543
2025-07-06T13:39:02.751+03:00  INFO 26324 --- [buildings] [main] com.vva.buildings.Orenda                 : Building with ID 28873 not found in tabBuildings, idOrenda: 73199
2025-07-06T13:39:02.755+03:00  INFO 26324 --- [buildings] [main] com.vva.buildings.Orenda                 : Building with ID 12721 not found in tabBuildings, idOrenda: 84658
2025-07-06T13:39:02.757+03:00  INFO 26324 --- [buildings] [main] com.vva.buildings.Orenda                 : ID об'єкту порожній у рядку 406, idOrenda: 63924
2025-07-06T13:39:02.757+03:00  INFO 26324 --- [buildings] [main] com.vva.buildings.Orenda                 : ID об'єкту порожній у рядку 407, idOrenda: 63882
2025-07-06T13:39:02.757+03:00  INFO 26324 --- [buildings] [main] com.vva.buildings.Orenda                 : ID об'єкту порожній у рядку 408, idOrenda: 55130
2025-07-06T13:39:02.757+03:00  INFO 26324 --- [buildings] [main] com.vva.buildings.Orenda                 : ID об'єкту порожній у рядку 409, idOrenda: 58936
2025-07-06T13:39:02.757+03:00  INFO 26324 --- [buildings] [main] com.vva.buildings.Orenda                 : ID об'єкту порожній у рядку 410, idOrenda: 38552
2025-07-06T13:39:02.757+03:00  INFO 26324 --- [buildings] [main] com.vva.buildings.Orenda                 : ID об'єкту порожній у рядку 411, idOrenda: 63083
2025-07-06T13:39:02.757+03:00  INFO 26324 --- [buildings] [main] com.vva.buildings.Orenda                 : ID об'єкту порожній у рядку 412, idOrenda: 63084
2025-07-06T13:39:02.757+03:00  INFO 26324 --- [buildings] [main] com.vva.buildings.Orenda                 : ID об'єкту порожній у рядку 413, idOrenda: 63085
2025-07-06T13:39:02.757+03:00  INFO 26324 --- [buildings] [main] com.vva.buildings.Orenda                 : ID об'єкту порожній у рядку 414, idOrenda: 63086
2025-07-06T13:39:02.757+03:00  INFO 26324 --- [buildings] [main] com.vva.buildings.Orenda                 : ID об'єкту порожній у рядку 416, idOrenda: 74741
2025-07-06T13:39:02.758+03:00  INFO 26324 --- [buildings] [main] com.vva.buildings.Orenda                 : Building with ID 12397 not found in tabBuildings, idOrenda: 82052
2025-07-06T13:39:02.758+03:00  INFO 26324 --- [buildings] [main] com.vva.buildings.Orenda                 : Building with ID 48179 not found in tabBuildings, idOrenda: 80916
2025-07-06T13:39:02.759+03:00  INFO 26324 --- [buildings] [main] com.vva.buildings.Orenda                 : Building with ID 48179 not found in tabBuildings, idOrenda: 63367
2025-07-06T13:39:02.759+03:00  INFO 26324 --- [buildings] [main] com.vva.buildings.Orenda                 : Building with ID 48179 not found in tabBuildings, idOrenda: 75076
2025-07-06T13:39:02.759+03:00  INFO 26324 --- [buildings] [main] com.vva.buildings.Orenda                 : Building with ID 48179 not found in tabBuildings, idOrenda: 78676
2025-07-06T13:39:02.759+03:00  INFO 26324 --- [buildings] [main] com.vva.buildings.Orenda                 : Building with ID 48179 not found in tabBuildings, idOrenda: 67702
2025-07-06T13:39:02.759+03:00  INFO 26324 --- [buildings] [main] com.vva.buildings.Orenda                 : Building with ID 48179 not found in tabBuildings, idOrenda: 67825
2025-07-06T13:39:02.759+03:00  INFO 26324 --- [buildings] [main] com.vva.buildings.Orenda                 : Building with ID 48179 not found in tabBuildings, idOrenda: 79087
2025-07-06T13:39:02.759+03:00  INFO 26324 --- [buildings] [main] com.vva.buildings.Orenda                 : Building with ID 1943 not found in tabBuildings, idOrenda: 82868
2025-07-06T13:39:02.759+03:00  INFO 26324 --- [buildings] [main] com.vva.buildings.Orenda                 : Building with ID 1943 not found in tabBuildings, idOrenda: 82027
2025-07-06T13:39:02.759+03:00  INFO 26324 --- [buildings] [main] com.vva.buildings.Orenda                 : Building with ID 1943 not found in tabBuildings, idOrenda: 82028
2025-07-06T13:39:02.759+03:00  INFO 26324 --- [buildings] [main] com.vva.buildings.Orenda                 : Building with ID 1943 not found in tabBuildings, idOrenda: 76135
2025-07-06T13:39:02.759+03:00  INFO 26324 --- [buildings] [main] com.vva.buildings.Orenda                 : Building with ID 1943 not found in tabBuildings, idOrenda: 77388
2025-07-06T13:39:02.759+03:00  INFO 26324 --- [buildings] [main] com.vva.buildings.Orenda                 : Building with ID 0 not found in tabBuildings, idOrenda: 85218
2025-07-06T13:39:02.759+03:00  INFO 26324 --- [buildings] [main] com.vva.buildings.Orenda                 : Building with ID 1943 not found in tabBuildings, idOrenda: 78328
2025-07-06T13:39:02.759+03:00  INFO 26324 --- [buildings] [main] com.vva.buildings.Orenda                 : Building with ID 1943 not found in tabBuildings, idOrenda: 77772
2025-07-06T13:39:02.759+03:00  INFO 26324 --- [buildings] [main] com.vva.buildings.Orenda                 : Building with ID 1943 not found in tabBuildings, idOrenda: 79399
2025-07-06T13:39:02.760+03:00  INFO 26324 --- [buildings] [main] com.vva.buildings.Orenda                 : Building with ID 0 not found in tabBuildings, idOrenda: 80482
2025-07-06T13:39:02.760+03:00  INFO 26324 --- [buildings] [main] com.vva.buildings.Orenda                 : Building with ID 0 not found in tabBuildings, idOrenda: 85065
2025-07-06T13:39:02.760+03:00  INFO 26324 --- [buildings] [main] com.vva.buildings.Orenda                 : Building with ID 11984 not found in tabBuildings, idOrenda: 9551
2025-07-06T13:39:02.760+03:00  INFO 26324 --- [buildings] [main] com.vva.buildings.Orenda                 : ID об'єкту порожній у рядку 452, idOrenda: 18354
2025-07-06T13:39:02.760+03:00  INFO 26324 --- [buildings] [main] com.vva.buildings.Orenda                 : ID об'єкту порожній у рядку 453, idOrenda: 68455
2025-07-06T13:39:02.761+03:00  INFO 26324 --- [buildings] [main] com.vva.buildings.Orenda                 : Building with ID 0 not found in tabBuildings, idOrenda: 81953
2025-07-06T13:39:02.761+03:00  INFO 26324 --- [buildings] [main] com.vva.buildings.Orenda                 : ID об'єкту порожній у рядку 459, idOrenda: 33387
2025-07-06T13:39:02.761+03:00  INFO 26324 --- [buildings] [main] com.vva.buildings.Orenda                 : Building with ID 0 not found in tabBuildings, idOrenda: 70587
2025-07-06T13:39:02.769+03:00  INFO 26324 --- [buildings] [main] com.vva.buildings.Orenda                 : Building with ID 0 not found in tabBuildings, idOrenda: 80756
2025-07-06T13:39:02.773+03:00  INFO 26324 --- [buildings] [main] com.vva.buildings.Orenda                 : Building with ID 70656 not found in tabBuildings, idOrenda: 85044
2025-07-06T13:39:02.774+03:00  INFO 26324 --- [buildings] [main] com.vva.buildings.Orenda                 : Building with ID 0 not found in tabBuildings, idOrenda: 81320
2025-07-06T13:39:02.775+03:00  INFO 26324 --- [buildings] [main] com.vva.buildings.Orenda                 : ID об'єкту порожній у рядку 604, idOrenda: 65948
2025-07-06T13:39:02.776+03:00  INFO 26324 --- [buildings] [main] com.vva.buildings.Orenda                 : ID об'єкту порожній у рядку 615, idOrenda: 62726
2025-07-06T13:39:02.776+03:00  INFO 26324 --- [buildings] [main] com.vva.buildings.Orenda                 : ID об'єкту порожній у рядку 616, idOrenda: 62727
2025-07-06T13:39:02.778+03:00  INFO 26324 --- [buildings] [main] com.vva.buildings.Orenda                 : ID об'єкту порожній у рядку 633, idOrenda: 62390
2025-07-06T13:39:02.778+03:00  INFO 26324 --- [buildings] [main] com.vva.buildings.Orenda                 : ID об'єкту порожній у рядку 634, idOrenda: 62393
2025-07-06T13:39:02.778+03:00  INFO 26324 --- [buildings] [main] com.vva.buildings.Orenda                 : ID об'єкту порожній у рядку 635, idOrenda: 62419
2025-07-06T13:39:02.778+03:00  INFO 26324 --- [buildings] [main] com.vva.buildings.Orenda                 : ID об'єкту порожній у рядку 636, idOrenda: 62424
2025-07-06T13:39:02.779+03:00  INFO 26324 --- [buildings] [main] com.vva.buildings.Orenda                 : ID об'єкту порожній у рядку 643, idOrenda: 45525
2025-07-06T13:39:02.779+03:00  INFO 26324 --- [buildings] [main] com.vva.buildings.Orenda                 : ID об'єкту порожній у рядку 644, idOrenda: 45612
2025-07-06T13:39:02.779+03:00  INFO 26324 --- [buildings] [main] com.vva.buildings.Orenda                 : ID об'єкту порожній у рядку 645, idOrenda: 57341
2025-07-06T13:39:02.779+03:00  INFO 26324 --- [buildings] [main] com.vva.buildings.Orenda                 : ID об'єкту порожній у рядку 646, idOrenda: 57343
2025-07-06T13:39:02.779+03:00  INFO 26324 --- [buildings] [main] com.vva.buildings.Orenda                 : ID об'єкту порожній у рядку 647, idOrenda: 57355
2025-07-06T13:39:02.779+03:00  INFO 26324 --- [buildings] [main] com.vva.buildings.Orenda                 : ID об'єкту порожній у рядку 648, idOrenda: 57379
2025-07-06T13:39:02.790+03:00  INFO 26324 --- [buildings] [main] com.vva.buildings.Orenda                 : ID об'єкту порожній у рядку 748, idOrenda: 63852
2025-07-06T13:39:02.790+03:00  INFO 26324 --- [buildings] [main] com.vva.buildings.Orenda                 : ID об'єкту порожній у рядку 749, idOrenda: 52240
2025-07-06T13:39:02.790+03:00  INFO 26324 --- [buildings] [main] com.vva.buildings.Orenda                 : ID об'єкту порожній у рядку 750, idOrenda: 72383
2025-07-06T13:39:02.791+03:00  INFO 26324 --- [buildings] [main] com.vva.buildings.Orenda                 : ID об'єкту порожній у рядку 759, idOrenda: 61224
2025-07-06T13:39:02.792+03:00  INFO 26324 --- [buildings] [main] com.vva.buildings.Orenda                 : ID об'єкту порожній у рядку 768, idOrenda: 62840
2025-07-06T13:39:02.792+03:00  INFO 26324 --- [buildings] [main] com.vva.buildings.Orenda                 : ID об'єкту порожній у рядку 769, idOrenda: 62852
2025-07-06T13:39:02.792+03:00  INFO 26324 --- [buildings] [main] com.vva.buildings.Orenda                 : ID об'єкту порожній у рядку 770, idOrenda: 62853
2025-07-06T13:39:02.793+03:00  INFO 26324 --- [buildings] [main] com.vva.buildings.Orenda                 : ID об'єкту порожній у рядку 772, idOrenda: 53418
2025-07-06T13:39:02.793+03:00  INFO 26324 --- [buildings] [main] com.vva.buildings.Orenda                 : ID об'єкту порожній у рядку 773, idOrenda: 53528
2025-07-06T13:39:02.793+03:00  INFO 26324 --- [buildings] [main] com.vva.buildings.Orenda                 : ID об'єкту порожній у рядку 774, idOrenda: 53529
2025-07-06T13:39:02.793+03:00  INFO 26324 --- [buildings] [main] com.vva.buildings.Orenda                 : ID об'єкту порожній у рядку 775, idOrenda: 51305
2025-07-06T13:39:02.793+03:00  INFO 26324 --- [buildings] [main] com.vva.buildings.Orenda                 : ID об'єкту порожній у рядку 776, idOrenda: 51309
2025-07-06T13:39:02.793+03:00  INFO 26324 --- [buildings] [main] com.vva.buildings.Orenda                 : ID об'єкту порожній у рядку 777, idOrenda: 51320
2025-07-06T13:39:02.793+03:00  INFO 26324 --- [buildings] [main] com.vva.buildings.Orenda                 : ID об'єкту порожній у рядку 778, idOrenda: 51833
2025-07-06T13:39:02.793+03:00  INFO 26324 --- [buildings] [main] com.vva.buildings.Orenda                 : ID об'єкту порожній у рядку 779, idOrenda: 51834
2025-07-06T13:39:02.793+03:00  INFO 26324 --- [buildings] [main] com.vva.buildings.Orenda                 : ID об'єкту порожній у рядку 780, idOrenda: 51845
2025-07-06T13:39:02.793+03:00  INFO 26324 --- [buildings] [main] com.vva.buildings.Orenda                 : ID об'єкту порожній у рядку 781, idOrenda: 51846
2025-07-06T13:39:02.793+03:00  INFO 26324 --- [buildings] [main] com.vva.buildings.Orenda                 : ID об'єкту порожній у рядку 782, idOrenda: 48801
2025-07-06T13:39:02.793+03:00  INFO 26324 --- [buildings] [main] com.vva.buildings.Orenda                 : ID об'єкту порожній у рядку 783, idOrenda: 48803
2025-07-06T13:39:02.793+03:00  INFO 26324 --- [buildings] [main] com.vva.buildings.Orenda                 : ID об'єкту порожній у рядку 784, idOrenda: 48808
2025-07-06T13:39:02.793+03:00  INFO 26324 --- [buildings] [main] com.vva.buildings.Orenda                 : ID об'єкту порожній у рядку 785, idOrenda: 48810
2025-07-06T13:39:02.793+03:00  INFO 26324 --- [buildings] [main] com.vva.buildings.Orenda                 : ID об'єкту порожній у рядку 787, idOrenda: 51578
2025-07-06T13:39:02.793+03:00  INFO 26324 --- [buildings] [main] com.vva.buildings.Orenda                 : ID об'єкту порожній у рядку 788, idOrenda: 54382
2025-07-06T13:39:02.794+03:00  INFO 26324 --- [buildings] [main] com.vva.buildings.Orenda                 : ID об'єкту порожній у рядку 791, idOrenda: 59323
2025-07-06T13:39:02.796+03:00  INFO 26324 --- [buildings] [main] com.vva.buildings.Orenda                 : ID об'єкту порожній у рядку 814, idOrenda: 62105
2025-07-06T13:39:02.796+03:00  INFO 26324 --- [buildings] [main] com.vva.buildings.Orenda                 : ID об'єкту порожній у рядку 815, idOrenda: 61640
2025-07-06T13:39:02.796+03:00  INFO 26324 --- [buildings] [main] com.vva.buildings.Orenda                 : ID об'єкту порожній у рядку 816, idOrenda: 61641
2025-07-06T13:39:02.796+03:00  INFO 26324 --- [buildings] [main] com.vva.buildings.Orenda                 : ID об'єкту порожній у рядку 817, idOrenda: 61652
2025-07-06T13:39:02.796+03:00  INFO 26324 --- [buildings] [main] com.vva.buildings.Orenda                 : ID об'єкту порожній у рядку 818, idOrenda: 61653
2025-07-06T13:39:02.796+03:00  INFO 26324 --- [buildings] [main] com.vva.buildings.Orenda                 : ID об'єкту порожній у рядку 819, idOrenda: 62020
2025-07-06T13:39:02.796+03:00  INFO 26324 --- [buildings] [main] com.vva.buildings.Orenda                 : ID об'єкту порожній у рядку 820, idOrenda: 62088
2025-07-06T13:39:02.797+03:00  INFO 26324 --- [buildings] [main] com.vva.buildings.Orenda                 : ID об'єкту порожній у рядку 821, idOrenda: 60399
2025-07-06T13:39:02.797+03:00  INFO 26324 --- [buildings] [main] com.vva.buildings.Orenda                 : ID об'єкту порожній у рядку 822, idOrenda: 60489
2025-07-06T13:39:02.797+03:00  INFO 26324 --- [buildings] [main] com.vva.buildings.Orenda                 : ID об'єкту порожній у рядку 823, idOrenda: 60491
2025-07-06T13:39:02.797+03:00  INFO 26324 --- [buildings] [main] com.vva.buildings.Orenda                 : ID об'єкту порожній у рядку 824, idOrenda: 60624
2025-07-06T13:39:02.797+03:00  INFO 26324 --- [buildings] [main] com.vva.buildings.Orenda                 : ID об'єкту порожній у рядку 825, idOrenda: 60647
2025-07-06T13:39:02.797+03:00  INFO 26324 --- [buildings] [main] com.vva.buildings.Orenda                 : ID об'єкту порожній у рядку 826, idOrenda: 60650
2025-07-06T13:39:02.797+03:00  INFO 26324 --- [buildings] [main] com.vva.buildings.Orenda                 : ID об'єкту порожній у рядку 827, idOrenda: 60656
2025-07-06T13:39:02.797+03:00  INFO 26324 --- [buildings] [main] com.vva.buildings.Orenda                 : ID об'єкту порожній у рядку 828, idOrenda: 60659
2025-07-06T13:39:02.797+03:00  INFO 26324 --- [buildings] [main] com.vva.buildings.Orenda                 : ID об'єкту порожній у рядку 829, idOrenda: 60662
2025-07-06T13:39:02.797+03:00  INFO 26324 --- [buildings] [main] com.vva.buildings.Orenda                 : ID об'єкту порожній у рядку 830, idOrenda: 60664
2025-07-06T13:39:02.798+03:00  INFO 26324 --- [buildings] [main] com.vva.buildings.Orenda                 : ID об'єкту порожній у рядку 838, idOrenda: 69207
2025-07-06T13:39:02.799+03:00  INFO 26324 --- [buildings] [main] com.vva.buildings.Orenda                 : Building with ID 0 not found in tabBuildings, idOrenda: 78333
2025-07-06T13:39:02.800+03:00  INFO 26324 --- [buildings] [main] com.vva.buildings.Orenda                 : Building with ID 0 not found in tabBuildings, idOrenda: 85210
2025-07-06T13:39:02.800+03:00  INFO 26324 --- [buildings] [main] com.vva.buildings.Orenda                 : Building with ID 0 not found in tabBuildings, idOrenda: 85169
2025-07-06T13:39:02.801+03:00  INFO 26324 --- [buildings] [main] com.vva.buildings.Orenda                 : Building with ID 0 not found in tabBuildings, idOrenda: 72225
2025-07-06T13:39:02.801+03:00  INFO 26324 --- [buildings] [main] com.vva.buildings.Orenda                 : Building with ID 48908 not found in tabBuildings, idOrenda: 80519
2025-07-06T13:39:02.803+03:00  INFO 26324 --- [buildings] [main] com.vva.buildings.Orenda                 : Building with ID 58492 not found in tabBuildings, idOrenda: 79780
2025-07-06T13:39:02.808+03:00  INFO 26324 --- [buildings] [main] com.vva.buildings.Orenda                 : ID об'єкту порожній у рядку 936, idOrenda: 65106
2025-07-06T13:39:02.809+03:00  INFO 26324 --- [buildings] [main] com.vva.buildings.Orenda                 : ID об'єкту порожній у рядку 943, idOrenda: 65889
2025-07-06T13:39:02.813+03:00  INFO 26324 --- [buildings] [main] com.vva.buildings.Orenda                 : Building with ID 45594 not found in tabBuildings, idOrenda: 80761
2025-07-06T13:39:02.814+03:00  INFO 26324 --- [buildings] [main] com.vva.buildings.Orenda                 : Building with ID 35655 not found in tabBuildings, idOrenda: 75254
2025-07-06T13:39:02.817+03:00  INFO 26324 --- [buildings] [main] com.vva.buildings.Orenda                 : ID об'єкту порожній у рядку 1016, idOrenda: 64961
2025-07-06T13:39:02.817+03:00  INFO 26324 --- [buildings] [main] com.vva.buildings.Orenda                 : ID об'єкту порожній у рядку 1019, idOrenda: 64966
2025-07-06T13:39:02.817+03:00  INFO 26324 --- [buildings] [main] com.vva.buildings.Orenda                 : ID об'єкту порожній у рядку 1020, idOrenda: 64969
2025-07-06T13:39:02.818+03:00  INFO 26324 --- [buildings] [main] com.vva.buildings.Orenda                 : ID об'єкту порожній у рядку 1024, idOrenda: 64998
2025-07-06T13:39:02.819+03:00  INFO 26324 --- [buildings] [main] com.vva.buildings.Orenda                 : ID об'єкту порожній у рядку 1033, idOrenda: 74327
2025-07-06T13:39:02.819+03:00  INFO 26324 --- [buildings] [main] com.vva.buildings.Orenda                 : Building with ID 46062 not found in tabBuildings, idOrenda: 51836
2025-07-06T13:39:02.819+03:00  INFO 26324 --- [buildings] [main] com.vva.buildings.Orenda                 : ID об'єкту порожній у рядку 1037, idOrenda: 70477
2025-07-06T13:39:02.822+03:00  INFO 26324 --- [buildings] [main] com.vva.buildings.Orenda                 : ID об'єкту порожній у рядку 1067, idOrenda: 66488
2025-07-06T13:39:02.822+03:00  INFO 26324 --- [buildings] [main] com.vva.buildings.Orenda                 : ID об'єкту порожній у рядку 1068, idOrenda: 66495
2025-07-06T13:39:02.823+03:00  INFO 26324 --- [buildings] [main] com.vva.buildings.Orenda                 : ID об'єкту порожній у рядку 1069, idOrenda: 66496
2025-07-06T13:39:02.823+03:00  INFO 26324 --- [buildings] [main] com.vva.buildings.Orenda                 : ID об'єкту порожній у рядку 1070, idOrenda: 66508
2025-07-06T13:39:02.823+03:00  INFO 26324 --- [buildings] [main] com.vva.buildings.Orenda                 : ID об'єкту порожній у рядку 1071, idOrenda: 66510
2025-07-06T13:39:02.830+03:00  INFO 26324 --- [buildings] [main] com.vva.buildings.Orenda                 : Building with ID 61960 not found in tabBuildings, idOrenda: 84841
2025-07-06T13:39:02.832+03:00  INFO 26324 --- [buildings] [main] com.vva.buildings.Orenda                 : ID об'єкту порожній у рядку 1150, idOrenda: 84999
2025-07-06T13:39:02.833+03:00  INFO 26324 --- [buildings] [main] com.vva.buildings.Orenda                 : ID об'єкту порожній у рядку 1166, idOrenda: 66211
2025-07-06T13:39:02.834+03:00  INFO 26324 --- [buildings] [main] com.vva.buildings.Orenda                 : ID об'єкту порожній у рядку 1167, idOrenda: 66212
2025-07-06T13:39:02.834+03:00  INFO 26324 --- [buildings] [main] com.vva.buildings.Orenda                 : ID об'єкту порожній у рядку 1168, idOrenda: 66214
2025-07-06T13:39:02.834+03:00  INFO 26324 --- [buildings] [main] com.vva.buildings.Orenda                 : ID об'єкту порожній у рядку 1169, idOrenda: 66215
2025-07-06T13:39:02.834+03:00  INFO 26324 --- [buildings] [main] com.vva.buildings.Orenda                 : ID об'єкту порожній у рядку 1170, idOrenda: 66222
2025-07-06T13:39:02.834+03:00  INFO 26324 --- [buildings] [main] com.vva.buildings.Orenda                 : ID об'єкту порожній у рядку 1171, idOrenda: 66224
2025-07-06T13:39:02.834+03:00  INFO 26324 --- [buildings] [main] com.vva.buildings.Orenda                 : ID об'єкту порожній у рядку 1172, idOrenda: 66230
2025-07-06T13:39:02.834+03:00  INFO 26324 --- [buildings] [main] com.vva.buildings.Orenda                 : ID об'єкту порожній у рядку 1173, idOrenda: 66271
2025-07-06T13:39:02.834+03:00  INFO 26324 --- [buildings] [main] com.vva.buildings.Orenda                 : ID об'єкту порожній у рядку 1174, idOrenda: 66326
2025-07-06T13:39:02.834+03:00  INFO 26324 --- [buildings] [main] com.vva.buildings.Orenda                 : ID об'єкту порожній у рядку 1175, idOrenda: 66398
2025-07-06T13:39:02.834+03:00  INFO 26324 --- [buildings] [main] com.vva.buildings.Orenda                 : ID об'єкту порожній у рядку 1176, idOrenda: 66399
2025-07-06T13:39:02.836+03:00  INFO 26324 --- [buildings] [main] com.vva.buildings.Orenda                 : Building with ID 58323 not found in tabBuildings, idOrenda: 79324
2025-07-06T13:39:02.840+03:00  INFO 26324 --- [buildings] [main] com.vva.buildings.Orenda                 : Building with ID 45964 not found in tabBuildings, idOrenda: 78259
2025-07-06T13:39:02.843+03:00  INFO 26324 --- [buildings] [main] com.vva.buildings.Orenda                 : ID об'єкту порожній у рядку 1258, idOrenda: 54437
2025-07-06T13:39:02.843+03:00  INFO 26324 --- [buildings] [main] com.vva.buildings.Orenda                 : ID об'єкту порожній у рядку 1259, idOrenda: 64851
2025-07-06T13:39:02.844+03:00  INFO 26324 --- [buildings] [main] com.vva.buildings.Orenda                 : ID об'єкту порожній у рядку 1262, idOrenda: 64891
2025-07-06T13:39:02.844+03:00  INFO 26324 --- [buildings] [main] com.vva.buildings.Orenda                 : ID об'єкту порожній у рядку 1269, idOrenda: 73800
2025-07-06T13:39:02.847+03:00  INFO 26324 --- [buildings] [main] com.vva.buildings.Orenda                 : Building with ID 46099 not found in tabBuildings, idOrenda: 82743
2025-07-06T13:39:02.850+03:00  INFO 26324 --- [buildings] [main] com.vva.buildings.Orenda                 : Building with ID 46006 not found in tabBuildings, idOrenda: 83601
2025-07-06T13:39:02.854+03:00  INFO 26324 --- [buildings] [main] com.vva.buildings.Orenda                 : ID об'єкту порожній у рядку 1349, idOrenda: 83136
2025-07-06T13:39:02.859+03:00  INFO 26324 --- [buildings] [main] com.vva.buildings.Orenda                 : ID об'єкту порожній у рядку 1393, idOrenda: 60743
2025-07-06T13:39:02.861+03:00  INFO 26324 --- [buildings] [main] com.vva.buildings.Orenda                 : Building with ID 1143 not found in tabBuildings, idOrenda: 82050
2025-07-06T13:39:02.872+03:00  INFO 26324 --- [buildings] [main] com.vva.buildings.Orenda                 : Building with ID 56266 not found in tabBuildings, idOrenda: 78668
2025-07-06T13:39:02.873+03:00  INFO 26324 --- [buildings] [main] com.vva.buildings.Orenda                 : ID об'єкту порожній у рядку 1522, idOrenda: 21726
2025-07-06T13:39:02.874+03:00  INFO 26324 --- [buildings] [main] com.vva.buildings.Orenda                 : ID об'єкту порожній у рядку 1531, idOrenda: 62029
2025-07-06T13:39:02.875+03:00  INFO 26324 --- [buildings] [main] com.vva.buildings.Orenda                 : ID об'єкту порожній у рядку 1534, idOrenda: 65928
2025-07-06T13:39:02.875+03:00  INFO 26324 --- [buildings] [main] com.vva.buildings.Orenda                 : ID об'єкту порожній у рядку 1535, idOrenda: 65929
2025-07-06T13:39:02.875+03:00  INFO 26324 --- [buildings] [main] com.vva.buildings.Orenda                 : ID об'єкту порожній у рядку 1536, idOrenda: 65931
2025-07-06T13:39:02.875+03:00  INFO 26324 --- [buildings] [main] com.vva.buildings.Orenda                 : ID об'єкту порожній у рядку 1537, idOrenda: 65949
2025-07-06T13:39:02.875+03:00  INFO 26324 --- [buildings] [main] com.vva.buildings.Orenda                 : ID об'єкту порожній у рядку 1541, idOrenda: 66184
2025-07-06T13:39:02.875+03:00  INFO 26324 --- [buildings] [main] com.vva.buildings.Orenda                 : ID об'єкту порожній у рядку 1542, idOrenda: 66191
2025-07-06T13:39:02.875+03:00  INFO 26324 --- [buildings] [main] com.vva.buildings.Orenda                 : ID об'єкту порожній у рядку 1543, idOrenda: 66192
2025-07-06T13:39:02.875+03:00  INFO 26324 --- [buildings] [main] com.vva.buildings.Orenda                 : ID об'єкту порожній у рядку 1544, idOrenda: 66193
2025-07-06T13:39:02.875+03:00  INFO 26324 --- [buildings] [main] com.vva.buildings.Orenda                 : ID об'єкту порожній у рядку 1545, idOrenda: 66206
2025-07-06T13:39:02.879+03:00  INFO 26324 --- [buildings] [main] com.vva.buildings.Orenda                 : ID об'єкту порожній у рядку 1573, idOrenda: 73419
2025-07-06T13:39:02.879+03:00  INFO 26324 --- [buildings] [main] com.vva.buildings.Orenda                 : ID об'єкту порожній у рядку 1574, idOrenda: 74638
2025-07-06T13:39:02.879+03:00  INFO 26324 --- [buildings] [main] com.vva.buildings.Orenda                 : ID об'єкту порожній у рядку 1575, idOrenda: 74639
2025-07-06T13:39:02.879+03:00  INFO 26324 --- [buildings] [main] com.vva.buildings.Orenda                 : ID об'єкту порожній у рядку 1576, idOrenda: 74641
2025-07-06T13:39:02.879+03:00  INFO 26324 --- [buildings] [main] com.vva.buildings.Orenda                 : ID об'єкту порожній у рядку 1577, idOrenda: 74642
2025-07-06T13:39:02.879+03:00  INFO 26324 --- [buildings] [main] com.vva.buildings.Orenda                 : ID об'єкту порожній у рядку 1578, idOrenda: 74643
2025-07-06T13:39:02.879+03:00  INFO 26324 --- [buildings] [main] com.vva.buildings.Orenda                 : ID об'єкту порожній у рядку 1579, idOrenda: 74645
2025-07-06T13:39:02.879+03:00  INFO 26324 --- [buildings] [main] com.vva.buildings.Orenda                 : ID об'єкту порожній у рядку 1580, idOrenda: 74646
2025-07-06T13:39:02.879+03:00  INFO 26324 --- [buildings] [main] com.vva.buildings.Orenda                 : ID об'єкту порожній у рядку 1581, idOrenda: 74647
2025-07-06T13:39:02.879+03:00  INFO 26324 --- [buildings] [main] com.vva.buildings.Orenda                 : ID об'єкту порожній у рядку 1582, idOrenda: 74649
2025-07-06T13:39:02.879+03:00  INFO 26324 --- [buildings] [main] com.vva.buildings.Orenda                 : ID об'єкту порожній у рядку 1583, idOrenda: 74650
2025-07-06T13:39:02.879+03:00  INFO 26324 --- [buildings] [main] com.vva.buildings.Orenda                 : ID об'єкту порожній у рядку 1584, idOrenda: 74652
2025-07-06T13:39:02.879+03:00  INFO 26324 --- [buildings] [main] com.vva.buildings.Orenda                 : ID об'єкту порожній у рядку 1585, idOrenda: 74654
2025-07-06T13:39:02.879+03:00  INFO 26324 --- [buildings] [main] com.vva.buildings.Orenda                 : ID об'єкту порожній у рядку 1586, idOrenda: 74509
2025-07-06T13:39:02.879+03:00  INFO 26324 --- [buildings] [main] com.vva.buildings.Orenda                 : ID об'єкту порожній у рядку 1587, idOrenda: 74510
2025-07-06T13:39:02.879+03:00  INFO 26324 --- [buildings] [main] com.vva.buildings.Orenda                 : ID об'єкту порожній у рядку 1588, idOrenda: 74511
2025-07-06T13:39:02.879+03:00  INFO 26324 --- [buildings] [main] com.vva.buildings.Orenda                 : ID об'єкту порожній у рядку 1589, idOrenda: 74512
2025-07-06T13:39:02.879+03:00  INFO 26324 --- [buildings] [main] com.vva.buildings.Orenda                 : ID об'єкту порожній у рядку 1590, idOrenda: 74513
2025-07-06T13:39:02.879+03:00  INFO 26324 --- [buildings] [main] com.vva.buildings.Orenda                 : ID об'єкту порожній у рядку 1591, idOrenda: 74514
2025-07-06T13:39:02.879+03:00  INFO 26324 --- [buildings] [main] com.vva.buildings.Orenda                 : ID об'єкту порожній у рядку 1592, idOrenda: 74515
2025-07-06T13:39:02.879+03:00  INFO 26324 --- [buildings] [main] com.vva.buildings.Orenda                 : ID об'єкту порожній у рядку 1593, idOrenda: 74516
2025-07-06T13:39:02.879+03:00  INFO 26324 --- [buildings] [main] com.vva.buildings.Orenda                 : ID об'єкту порожній у рядку 1594, idOrenda: 74517
2025-07-06T13:39:02.879+03:00  INFO 26324 --- [buildings] [main] com.vva.buildings.Orenda                 : ID об'єкту порожній у рядку 1595, idOrenda: 74518
2025-07-06T13:39:02.879+03:00  INFO 26324 --- [buildings] [main] com.vva.buildings.Orenda                 : ID об'єкту порожній у рядку 1596, idOrenda: 74519
2025-07-06T13:39:02.880+03:00  INFO 26324 --- [buildings] [main] com.vva.buildings.Orenda                 : ID об'єкту порожній у рядку 1597, idOrenda: 74520
2025-07-06T13:39:02.880+03:00  INFO 26324 --- [buildings] [main] com.vva.buildings.Orenda                 : ID об'єкту порожній у рядку 1598, idOrenda: 74521
2025-07-06T13:39:02.880+03:00  INFO 26324 --- [buildings] [main] com.vva.buildings.Orenda                 : ID об'єкту порожній у рядку 1599, idOrenda: 74522
2025-07-06T13:39:02.880+03:00  INFO 26324 --- [buildings] [main] com.vva.buildings.Orenda                 : ID об'єкту порожній у рядку 1600, idOrenda: 74523
2025-07-06T13:39:02.880+03:00  INFO 26324 --- [buildings] [main] com.vva.buildings.Orenda                 : ID об'єкту порожній у рядку 1601, idOrenda: 74524
2025-07-06T13:39:02.880+03:00  INFO 26324 --- [buildings] [main] com.vva.buildings.Orenda                 : ID об'єкту порожній у рядку 1602, idOrenda: 74525
2025-07-06T13:39:02.880+03:00  INFO 26324 --- [buildings] [main] com.vva.buildings.Orenda                 : ID об'єкту порожній у рядку 1603, idOrenda: 74526
2025-07-06T13:39:02.880+03:00  INFO 26324 --- [buildings] [main] com.vva.buildings.Orenda                 : ID об'єкту порожній у рядку 1604, idOrenda: 74527
2025-07-06T13:39:02.880+03:00  INFO 26324 --- [buildings] [main] com.vva.buildings.Orenda                 : ID об'єкту порожній у рядку 1605, idOrenda: 74528
2025-07-06T13:39:02.880+03:00  INFO 26324 --- [buildings] [main] com.vva.buildings.Orenda                 : ID об'єкту порожній у рядку 1606, idOrenda: 74529
2025-07-06T13:39:02.880+03:00  INFO 26324 --- [buildings] [main] com.vva.buildings.Orenda                 : ID об'єкту порожній у рядку 1607, idOrenda: 74532
2025-07-06T13:39:02.880+03:00  INFO 26324 --- [buildings] [main] com.vva.buildings.Orenda                 : ID об'єкту порожній у рядку 1608, idOrenda: 74533
2025-07-06T13:39:02.880+03:00  INFO 26324 --- [buildings] [main] com.vva.buildings.Orenda                 : ID об'єкту порожній у рядку 1609, idOrenda: 74534
2025-07-06T13:39:02.880+03:00  INFO 26324 --- [buildings] [main] com.vva.buildings.Orenda                 : ID об'єкту порожній у рядку 1610, idOrenda: 74535
2025-07-06T13:39:02.923+03:00  INFO 26324 --- [buildings] [main] com.vva.buildings.Orenda                 : ID об'єкту порожній у рядку 1611, idOrenda: 74536
2025-07-06T13:39:02.923+03:00  INFO 26324 --- [buildings] [main] com.vva.buildings.Orenda                 : ID об'єкту порожній у рядку 1612, idOrenda: 74537
2025-07-06T13:39:02.923+03:00  INFO 26324 --- [buildings] [main] com.vva.buildings.Orenda                 : ID об'єкту порожній у рядку 1613, idOrenda: 74538
2025-07-06T13:39:02.923+03:00  INFO 26324 --- [buildings] [main] com.vva.buildings.Orenda                 : ID об'єкту порожній у рядку 1614, idOrenda: 74539
2025-07-06T13:39:02.923+03:00  INFO 26324 --- [buildings] [main] com.vva.buildings.Orenda                 : ID об'єкту порожній у рядку 1615, idOrenda: 74540
2025-07-06T13:39:02.923+03:00  INFO 26324 --- [buildings] [main] com.vva.buildings.Orenda                 : ID об'єкту порожній у рядку 1616, idOrenda: 74541
2025-07-06T13:39:02.923+03:00  INFO 26324 --- [buildings] [main] com.vva.buildings.Orenda                 : ID об'єкту порожній у рядку 1617, idOrenda: 74542
2025-07-06T13:39:02.923+03:00  INFO 26324 --- [buildings] [main] com.vva.buildings.Orenda                 : ID об'єкту порожній у рядку 1618, idOrenda: 74543
2025-07-06T13:39:02.923+03:00  INFO 26324 --- [buildings] [main] com.vva.buildings.Orenda                 : ID об'єкту порожній у рядку 1619, idOrenda: 74545
2025-07-06T13:39:02.923+03:00  INFO 26324 --- [buildings] [main] com.vva.buildings.Orenda                 : ID об'єкту порожній у рядку 1620, idOrenda: 74547
2025-07-06T13:39:02.923+03:00  INFO 26324 --- [buildings] [main] com.vva.buildings.Orenda                 : ID об'єкту порожній у рядку 1621, idOrenda: 74548
2025-07-06T13:39:02.924+03:00  INFO 26324 --- [buildings] [main] com.vva.buildings.Orenda                 : ID об'єкту порожній у рядку 1622, idOrenda: 74498
2025-07-06T13:39:02.924+03:00  INFO 26324 --- [buildings] [main] com.vva.buildings.Orenda                 : ID об'єкту порожній у рядку 1623, idOrenda: 74499
2025-07-06T13:39:02.924+03:00  INFO 26324 --- [buildings] [main] com.vva.buildings.Orenda                 : ID об'єкту порожній у рядку 1624, idOrenda: 74500
2025-07-06T13:39:02.924+03:00  INFO 26324 --- [buildings] [main] com.vva.buildings.Orenda                 : ID об'єкту порожній у рядку 1625, idOrenda: 74501
2025-07-06T13:39:02.924+03:00  INFO 26324 --- [buildings] [main] com.vva.buildings.Orenda                 : ID об'єкту порожній у рядку 1626, idOrenda: 74502
2025-07-06T13:39:02.924+03:00  INFO 26324 --- [buildings] [main] com.vva.buildings.Orenda                 : ID об'єкту порожній у рядку 1627, idOrenda: 74503
2025-07-06T13:39:02.924+03:00  INFO 26324 --- [buildings] [main] com.vva.buildings.Orenda                 : ID об'єкту порожній у рядку 1628, idOrenda: 74504
2025-07-06T13:39:02.924+03:00  INFO 26324 --- [buildings] [main] com.vva.buildings.Orenda                 : ID об'єкту порожній у рядку 1629, idOrenda: 74506
2025-07-06T13:39:02.924+03:00  INFO 26324 --- [buildings] [main] com.vva.buildings.Orenda                 : ID об'єкту порожній у рядку 1630, idOrenda: 74507
2025-07-06T13:39:02.924+03:00  INFO 26324 --- [buildings] [main] com.vva.buildings.Orenda                 : ID об'єкту порожній у рядку 1631, idOrenda: 75143
2025-07-06T13:39:02.924+03:00  INFO 26324 --- [buildings] [main] com.vva.buildings.Orenda                 : ID об'єкту порожній у рядку 1632, idOrenda: 75144
2025-07-06T13:39:02.924+03:00  INFO 26324 --- [buildings] [main] com.vva.buildings.Orenda                 : ID об'єкту порожній у рядку 1633, idOrenda: 75145
2025-07-06T13:39:02.924+03:00  INFO 26324 --- [buildings] [main] com.vva.buildings.Orenda                 : ID об'єкту порожній у рядку 1634, idOrenda: 75146
2025-07-06T13:39:02.924+03:00  INFO 26324 --- [buildings] [main] com.vva.buildings.Orenda                 : ID об'єкту порожній у рядку 1635, idOrenda: 75147
2025-07-06T13:39:02.924+03:00  INFO 26324 --- [buildings] [main] com.vva.buildings.Orenda                 : ID об'єкту порожній у рядку 1636, idOrenda: 75148
2025-07-06T13:39:02.925+03:00  INFO 26324 --- [buildings] [main] com.vva.buildings.Orenda                 : ID об'єкту порожній у рядку 1642, idOrenda: 74224
2025-07-06T13:39:02.925+03:00  INFO 26324 --- [buildings] [main] com.vva.buildings.Orenda                 : ID об'єкту порожній у рядку 1643, idOrenda: 74227
2025-07-06T13:39:02.925+03:00  INFO 26324 --- [buildings] [main] com.vva.buildings.Orenda                 : ID об'єкту порожній у рядку 1644, idOrenda: 74228
2025-07-06T13:39:02.925+03:00  INFO 26324 --- [buildings] [main] com.vva.buildings.Orenda                 : ID об'єкту порожній у рядку 1645, idOrenda: 74229
2025-07-06T13:39:02.925+03:00  INFO 26324 --- [buildings] [main] com.vva.buildings.Orenda                 : ID об'єкту порожній у рядку 1646, idOrenda: 74230
2025-07-06T13:39:02.925+03:00  INFO 26324 --- [buildings] [main] com.vva.buildings.Orenda                 : ID об'єкту порожній у рядку 1647, idOrenda: 74231
2025-07-06T13:39:02.925+03:00  INFO 26324 --- [buildings] [main] com.vva.buildings.Orenda                 : ID об'єкту порожній у рядку 1648, idOrenda: 74215
2025-07-06T13:39:02.925+03:00  INFO 26324 --- [buildings] [main] com.vva.buildings.Orenda                 : ID об'єкту порожній у рядку 1649, idOrenda: 75404
2025-07-06T13:39:02.925+03:00  INFO 26324 --- [buildings] [main] com.vva.buildings.Orenda                 : ID об'єкту порожній у рядку 1650, idOrenda: 75405
2025-07-06T13:39:02.925+03:00  INFO 26324 --- [buildings] [main] com.vva.buildings.Orenda                 : ID об'єкту порожній у рядку 1651, idOrenda: 75406
2025-07-06T13:39:02.925+03:00  INFO 26324 --- [buildings] [main] com.vva.buildings.Orenda                 : ID об'єкту порожній у рядку 1652, idOrenda: 75407
2025-07-06T13:39:02.925+03:00  INFO 26324 --- [buildings] [main] com.vva.buildings.Orenda                 : ID об'єкту порожній у рядку 1653, idOrenda: 75408
2025-07-06T13:39:02.925+03:00  INFO 26324 --- [buildings] [main] com.vva.buildings.Orenda                 : ID об'єкту порожній у рядку 1654, idOrenda: 75409
2025-07-06T13:39:02.925+03:00  INFO 26324 --- [buildings] [main] com.vva.buildings.Orenda                 : ID об'єкту порожній у рядку 1655, idOrenda: 75410
2025-07-06T13:39:02.925+03:00  INFO 26324 --- [buildings] [main] com.vva.buildings.Orenda                 : ID об'єкту порожній у рядку 1656, idOrenda: 73983
2025-07-06T13:39:02.925+03:00  INFO 26324 --- [buildings] [main] com.vva.buildings.Orenda                 : ID об'єкту порожній у рядку 1657, idOrenda: 73985
2025-07-06T13:39:02.925+03:00  INFO 26324 --- [buildings] [main] com.vva.buildings.Orenda                 : ID об'єкту порожній у рядку 1658, idOrenda: 73987
2025-07-06T13:39:02.925+03:00  INFO 26324 --- [buildings] [main] com.vva.buildings.Orenda                 : ID об'єкту порожній у рядку 1659, idOrenda: 73988
2025-07-06T13:39:02.925+03:00  INFO 26324 --- [buildings] [main] com.vva.buildings.Orenda                 : ID об'єкту порожній у рядку 1660, idOrenda: 73989
2025-07-06T13:39:02.926+03:00  INFO 26324 --- [buildings] [main] com.vva.buildings.Orenda                 : ID об'єкту порожній у рядку 1661, idOrenda: 73990
2025-07-06T13:39:02.926+03:00  INFO 26324 --- [buildings] [main] com.vva.buildings.Orenda                 : ID об'єкту порожній у рядку 1662, idOrenda: 74061
2025-07-06T13:39:02.926+03:00  INFO 26324 --- [buildings] [main] com.vva.buildings.Orenda                 : ID об'єкту порожній у рядку 1663, idOrenda: 74072
2025-07-06T13:39:02.926+03:00  INFO 26324 --- [buildings] [main] com.vva.buildings.Orenda                 : Building with ID 45004 not found in tabBuildings, idOrenda: 72894
2025-07-06T13:39:02.926+03:00  INFO 26324 --- [buildings] [main] com.vva.buildings.Orenda                 : Building with ID 45004 not found in tabBuildings, idOrenda: 81601
2025-07-06T13:39:02.926+03:00  INFO 26324 --- [buildings] [main] com.vva.buildings.Orenda                 : Building with ID 45004 not found in tabBuildings, idOrenda: 71925
2025-07-06T13:39:02.926+03:00  INFO 26324 --- [buildings] [main] com.vva.buildings.Orenda                 : Building with ID 45004 not found in tabBuildings, idOrenda: 83599
2025-07-06T13:39:02.927+03:00  INFO 26324 --- [buildings] [main] com.vva.buildings.Orenda                 : Building with ID 0 not found in tabBuildings, idOrenda: 85244
2025-07-06T13:39:02.930+03:00  INFO 26324 --- [buildings] [main] com.vva.buildings.Orenda                 : Building with ID 0 not found in tabBuildings, idOrenda: 85254
2025-07-06T13:39:02.931+03:00  INFO 26324 --- [buildings] [main] com.vva.buildings.Orenda                 : Building with ID 9999 not found in tabBuildings, idOrenda: 82766
2025-07-06T13:39:02.931+03:00  INFO 26324 --- [buildings] [main] com.vva.buildings.Orenda                 : Building with ID 0 not found in tabBuildings, idOrenda: 84415
2025-07-06T13:39:02.933+03:00  INFO 26324 --- [buildings] [main] com.vva.buildings.Orenda                 : ID об'єкту порожній у рядку 1739, idOrenda: 63031
2025-07-06T13:39:02.933+03:00  INFO 26324 --- [buildings] [main] com.vva.buildings.Orenda                 : ID об'єкту порожній у рядку 1740, idOrenda: 66022
2025-07-06T13:39:02.933+03:00  INFO 26324 --- [buildings] [main] com.vva.buildings.Orenda                 : ID об'єкту порожній у рядку 1741, idOrenda: 66023
2025-07-06T13:39:02.933+03:00  INFO 26324 --- [buildings] [main] com.vva.buildings.Orenda                 : ID об'єкту порожній у рядку 1745, idOrenda: 69235
2025-07-06T13:39:02.933+03:00  INFO 26324 --- [buildings] [main] com.vva.buildings.Orenda                 : ID об'єкту порожній у рядку 1746, idOrenda: 72731
2025-07-06T13:39:02.933+03:00  INFO 26324 --- [buildings] [main] com.vva.buildings.Orenda                 : Building with ID 45679 not found in tabBuildings, idOrenda: 73949
2025-07-06T13:39:02.934+03:00  INFO 26324 --- [buildings] [main] com.vva.buildings.Orenda                 : Building with ID 45679 not found in tabBuildings, idOrenda: 77026
2025-07-06T13:39:02.934+03:00  INFO 26324 --- [buildings] [main] com.vva.buildings.Orenda                 : Building with ID 45679 not found in tabBuildings, idOrenda: 79430
2025-07-06T13:39:02.934+03:00  INFO 26324 --- [buildings] [main] com.vva.buildings.Orenda                 : Building with ID 45679 not found in tabBuildings, idOrenda: 72650
2025-07-06T13:39:02.934+03:00  INFO 26324 --- [buildings] [main] com.vva.buildings.Orenda                 : ID об'єкту порожній у рядку 1755, idOrenda: 73258
2025-07-06T13:39:02.934+03:00  INFO 26324 --- [buildings] [main] com.vva.buildings.Orenda                 : Building with ID 9965 not found in tabBuildings, idOrenda: 70958
2025-07-06T13:39:02.934+03:00  INFO 26324 --- [buildings] [main] com.vva.buildings.Orenda                 : Building with ID 9965 not found in tabBuildings, idOrenda: 80161
2025-07-06T13:39:02.935+03:00  INFO 26324 --- [buildings] [main] com.vva.buildings.Orenda                 : Building with ID 9965 not found in tabBuildings, idOrenda: 80897
2025-07-06T13:39:02.935+03:00  INFO 26324 --- [buildings] [main] com.vva.buildings.Orenda                 : Building with ID 9965 not found in tabBuildings, idOrenda: 80910
2025-07-06T13:39:02.935+03:00  INFO 26324 --- [buildings] [main] com.vva.buildings.Orenda                 : Building with ID 9965 not found in tabBuildings, idOrenda: 80912
2025-07-06T13:39:02.936+03:00  INFO 26324 --- [buildings] [main] com.vva.buildings.Orenda                 : Building with ID 47092 not found in tabBuildings, idOrenda: 73670
2025-07-06T13:39:02.936+03:00  INFO 26324 --- [buildings] [main] com.vva.buildings.Orenda                 : Building with ID 47092 not found in tabBuildings, idOrenda: 73672
2025-07-06T13:39:02.937+03:00  INFO 26324 --- [buildings] [main] com.vva.buildings.Orenda                 : ID об'єкту порожній у рядку 1783, idOrenda: 85274
2025-07-06T13:39:02.938+03:00  INFO 26324 --- [buildings] [main] com.vva.buildings.Orenda                 : Building with ID 0 not found in tabBuildings, idOrenda: 72833
2025-07-06T13:39:02.940+03:00  INFO 26324 --- [buildings] [main] com.vva.buildings.Orenda                 : Building with ID 7975 not found in tabBuildings, idOrenda: 79414
2025-07-06T13:39:02.940+03:00  INFO 26324 --- [buildings] [main] com.vva.buildings.Orenda                 : Building with ID 5894 not found in tabBuildings, idOrenda: 83678
2025-07-06T13:39:02.940+03:00  INFO 26324 --- [buildings] [main] com.vva.buildings.Orenda                 : Building with ID 5625 not found in tabBuildings, idOrenda: 83122
2025-07-06T13:39:02.941+03:00  INFO 26324 --- [buildings] [main] com.vva.buildings.Orenda                 : Building with ID 30311 not found in tabBuildings, idOrenda: 76339
2025-07-06T13:39:02.941+03:00  INFO 26324 --- [buildings] [main] com.vva.buildings.Orenda                 : Building with ID 30311 not found in tabBuildings, idOrenda: 57806
2025-07-06T13:39:02.944+03:00  INFO 26324 --- [buildings] [main] com.vva.buildings.Orenda                 : Building with ID 56242 not found in tabBuildings, idOrenda: 79286
2025-07-06T13:39:02.944+03:00  INFO 26324 --- [buildings] [main] com.vva.buildings.Orenda                 : Building with ID 0 not found in tabBuildings, idOrenda: 79508
2025-07-06T13:39:02.944+03:00  INFO 26324 --- [buildings] [main] com.vva.buildings.Orenda                 : ID об'єкту порожній у рядку 1857, idOrenda: 75788
2025-07-06T13:39:02.944+03:00  INFO 26324 --- [buildings] [main] com.vva.buildings.Orenda                 : ID об'єкту порожній у рядку 1858, idOrenda: 75954
2025-07-06T13:39:02.944+03:00  INFO 26324 --- [buildings] [main] com.vva.buildings.Orenda                 : ID об'єкту порожній у рядку 1859, idOrenda: 70910
2025-07-06T13:39:02.944+03:00  INFO 26324 --- [buildings] [main] com.vva.buildings.Orenda                 : ID об'єкту порожній у рядку 1860, idOrenda: 70911
2025-07-06T13:39:02.944+03:00  INFO 26324 --- [buildings] [main] com.vva.buildings.Orenda                 : ID об'єкту порожній у рядку 1861, idOrenda: 70914
2025-07-06T13:39:02.944+03:00  INFO 26324 --- [buildings] [main] com.vva.buildings.Orenda                 : ID об'єкту порожній у рядку 1862, idOrenda: 70915
2025-07-06T13:39:02.945+03:00  INFO 26324 --- [buildings] [main] com.vva.buildings.Orenda                 : ID об'єкту порожній у рядку 1871, idOrenda: 61211
2025-07-06T13:39:02.945+03:00  INFO 26324 --- [buildings] [main] com.vva.buildings.Orenda                 : ID об'єкту порожній у рядку 1872, idOrenda: 47930
2025-07-06T13:39:02.945+03:00  INFO 26324 --- [buildings] [main] com.vva.buildings.Orenda                 : ID об'єкту порожній у рядку 1873, idOrenda: 47932
2025-07-06T13:39:02.945+03:00  INFO 26324 --- [buildings] [main] com.vva.buildings.Orenda                 : ID об'єкту порожній у рядку 1874, idOrenda: 52621
2025-07-06T13:39:02.945+03:00  INFO 26324 --- [buildings] [main] com.vva.buildings.Orenda                 : ID об'єкту порожній у рядку 1875, idOrenda: 63918
2025-07-06T13:39:02.945+03:00  INFO 26324 --- [buildings] [main] com.vva.buildings.Orenda                 : ID об'єкту порожній у рядку 1876, idOrenda: 63161
2025-07-06T13:39:02.945+03:00  INFO 26324 --- [buildings] [main] com.vva.buildings.Orenda                 : ID об'єкту порожній у рядку 1877, idOrenda: 63162
2025-07-06T13:39:02.945+03:00  INFO 26324 --- [buildings] [main] com.vva.buildings.Orenda                 : ID об'єкту порожній у рядку 1878, idOrenda: 63198
2025-07-06T13:39:02.945+03:00  INFO 26324 --- [buildings] [main] com.vva.buildings.Orenda                 : ID об'єкту порожній у рядку 1879, idOrenda: 62129
2025-07-06T13:39:02.945+03:00  INFO 26324 --- [buildings] [main] com.vva.buildings.Orenda                 : ID об'єкту порожній у рядку 1880, idOrenda: 36261
2025-07-06T13:39:02.945+03:00  INFO 26324 --- [buildings] [main] com.vva.buildings.Orenda                 : ID об'єкту порожній у рядку 1881, idOrenda: 37319
2025-07-06T13:39:02.945+03:00  INFO 26324 --- [buildings] [main] com.vva.buildings.Orenda                 : ID об'єкту порожній у рядку 1882, idOrenda: 64763
2025-07-06T13:39:02.946+03:00  INFO 26324 --- [buildings] [main] com.vva.buildings.Orenda                 : ID об'єкту порожній у рядку 1883, idOrenda: 51413
2025-07-06T13:39:02.946+03:00  INFO 26324 --- [buildings] [main] com.vva.buildings.Orenda                 : ID об'єкту порожній у рядку 1884, idOrenda: 38835
2025-07-06T13:39:02.949+03:00  INFO 26324 --- [buildings] [main] com.vva.buildings.Orenda                 : Building with ID 2114 not found in tabBuildings, idOrenda: 60938
2025-07-06T13:39:02.949+03:00  INFO 26324 --- [buildings] [main] com.vva.buildings.Orenda                 : Building with ID 2114 not found in tabBuildings, idOrenda: 75666
2025-07-06T13:39:02.949+03:00  INFO 26324 --- [buildings] [main] com.vva.buildings.Orenda                 : Building with ID 2114 not found in tabBuildings, idOrenda: 71327
2025-07-06T13:39:02.949+03:00  INFO 26324 --- [buildings] [main] com.vva.buildings.Orenda                 : ID об'єкту порожній у рядку 1918, idOrenda: 71328
2025-07-06T13:39:02.949+03:00  INFO 26324 --- [buildings] [main] com.vva.buildings.Orenda                 : ID об'єкту порожній у рядку 1919, idOrenda: 76964
2025-07-06T13:39:02.949+03:00  INFO 26324 --- [buildings] [main] com.vva.buildings.Orenda                 : Building with ID 33850 not found in tabBuildings, idOrenda: 62098
2025-07-06T13:39:02.949+03:00  INFO 26324 --- [buildings] [main] com.vva.buildings.Orenda                 : Building with ID 1534 not found in tabBuildings, idOrenda: 71964
2025-07-06T13:39:02.949+03:00  INFO 26324 --- [buildings] [main] com.vva.buildings.Orenda                 : ID об'єкту порожній у рядку 1923, idOrenda: 72734
2025-07-06T13:39:02.949+03:00  INFO 26324 --- [buildings] [main] com.vva.buildings.Orenda                 : ID об'єкту порожній у рядку 1924, idOrenda: 56387
2025-07-06T13:39:02.949+03:00  INFO 26324 --- [buildings] [main] com.vva.buildings.Orenda                 : ID об'єкту порожній у рядку 1925, idOrenda: 56389
2025-07-06T13:39:02.949+03:00  INFO 26324 --- [buildings] [main] com.vva.buildings.Orenda                 : ID об'єкту порожній у рядку 1926, idOrenda: 61121
2025-07-06T13:39:02.949+03:00  INFO 26324 --- [buildings] [main] com.vva.buildings.Orenda                 : ID об'єкту порожній у рядку 1927, idOrenda: 48661
2025-07-06T13:39:02.951+03:00  INFO 26324 --- [buildings] [main] com.vva.buildings.Orenda                 : Building with ID 0 not found in tabBuildings, idOrenda: 85407
2025-07-06T13:39:02.951+03:00  INFO 26324 --- [buildings] [main] com.vva.buildings.Orenda                 : ID об'єкту порожній у рядку 1950, idOrenda: 52188
2025-07-06T13:39:02.951+03:00  INFO 26324 --- [buildings] [main] com.vva.buildings.Orenda                 : ID об'єкту порожній у рядку 1951, idOrenda: 63168
2025-07-06T13:39:02.951+03:00  INFO 26324 --- [buildings] [main] com.vva.buildings.Orenda                 : ID об'єкту порожній у рядку 1952, idOrenda: 60599
2025-07-06T13:39:02.951+03:00  INFO 26324 --- [buildings] [main] com.vva.buildings.Orenda                 : ID об'єкту порожній у рядку 1953, idOrenda: 56281
2025-07-06T13:39:02.952+03:00  INFO 26324 --- [buildings] [main] com.vva.buildings.Orenda                 : ID об'єкту порожній у рядку 1954, idOrenda: 56282
2025-07-06T13:39:02.952+03:00  INFO 26324 --- [buildings] [main] com.vva.buildings.Orenda                 : ID об'єкту порожній у рядку 1955, idOrenda: 56283
2025-07-06T13:39:02.952+03:00  INFO 26324 --- [buildings] [main] com.vva.buildings.Orenda                 : Building with ID 0 not found in tabBuildings, idOrenda: 81966
2025-07-06T13:39:02.952+03:00  INFO 26324 --- [buildings] [main] com.vva.buildings.Orenda                 : ID об'єкту порожній у рядку 1965, idOrenda: 73965
2025-07-06T13:39:02.953+03:00  INFO 26324 --- [buildings] [main] com.vva.buildings.Orenda                 : ID об'єкту порожній у рядку 1970, idOrenda: 75956
2025-07-06T13:39:02.953+03:00  INFO 26324 --- [buildings] [main] com.vva.buildings.Orenda                 : ID об'єкту порожній у рядку 1971, idOrenda: 75957
2025-07-06T13:39:02.953+03:00  INFO 26324 --- [buildings] [main] com.vva.buildings.Orenda                 : ID об'єкту порожній у рядку 1974, idOrenda: 77630
2025-07-06T13:39:02.953+03:00  INFO 26324 --- [buildings] [main] com.vva.buildings.Orenda                 : ID об'єкту порожній у рядку 1976, idOrenda: 72184
2025-07-06T13:39:02.953+03:00  INFO 26324 --- [buildings] [main] com.vva.buildings.Orenda                 : ID об'єкту порожній у рядку 1977, idOrenda: 72185
2025-07-06T13:39:02.959+03:00  INFO 26324 --- [buildings] [main] com.vva.buildings.Orenda                 : Building with ID 0 not found in tabBuildings, idOrenda: 34965
2025-07-06T13:39:02.960+03:00  INFO 26324 --- [buildings] [main] com.vva.buildings.Orenda                 : ID об'єкту порожній у рядку 2038, idOrenda: 63912
2025-07-06T13:39:02.961+03:00  INFO 26324 --- [buildings] [main] com.vva.buildings.Orenda                 : Building with ID 44574 not found in tabBuildings, idOrenda: 75238
2025-07-06T13:39:02.961+03:00  INFO 26324 --- [buildings] [main] com.vva.buildings.Orenda                 : Building with ID 44574 not found in tabBuildings, idOrenda: 75239
2025-07-06T13:39:02.972+03:00  INFO 26324 --- [buildings] [main] com.vva.buildings.Orenda                 : ID об'єкту порожній у рядку 2168, idOrenda: 62839
2025-07-06T13:39:02.977+03:00  INFO 26324 --- [buildings] [main] com.vva.buildings.Orenda                 : Building with ID 103121001 not found in tabBuildings, idOrenda: 78378
2025-07-06T13:39:02.977+03:00  INFO 26324 --- [buildings] [main] com.vva.buildings.Orenda                 : Building with ID 103121001 not found in tabBuildings, idOrenda: 78379
2025-07-06T13:39:02.977+03:00  INFO 26324 --- [buildings] [main] com.vva.buildings.Orenda                 : Building with ID 103121001 not found in tabBuildings, idOrenda: 78380
2025-07-06T13:39:02.977+03:00  INFO 26324 --- [buildings] [main] com.vva.buildings.Orenda                 : Building with ID 103121001 not found in tabBuildings, idOrenda: 78381
2025-07-06T13:39:02.977+03:00  INFO 26324 --- [buildings] [main] com.vva.buildings.Orenda                 : Building with ID 103121001 not found in tabBuildings, idOrenda: 78382
2025-07-06T13:39:02.977+03:00  INFO 26324 --- [buildings] [main] com.vva.buildings.Orenda                 : Building with ID 103121001 not found in tabBuildings, idOrenda: 74720
2025-07-06T13:39:02.978+03:00  INFO 26324 --- [buildings] [main] com.vva.buildings.Orenda                 : Building with ID 103121001 not found in tabBuildings, idOrenda: 82592
2025-07-06T13:39:02.978+03:00  INFO 26324 --- [buildings] [main] com.vva.buildings.Orenda                 : Building with ID 103121001 not found in tabBuildings, idOrenda: 82593
2025-07-06T13:39:02.979+03:00  INFO 26324 --- [buildings] [main] com.vva.buildings.Orenda                 : Building with ID 45093 not found in tabBuildings, idOrenda: 68445
2025-07-06T13:39:02.979+03:00  INFO 26324 --- [buildings] [main] com.vva.buildings.Orenda                 : Building with ID 45093 not found in tabBuildings, idOrenda: 68448
2025-07-06T13:39:02.979+03:00  INFO 26324 --- [buildings] [main] com.vva.buildings.Orenda                 : Building with ID 45093 not found in tabBuildings, idOrenda: 68449
2025-07-06T13:39:02.979+03:00  INFO 26324 --- [buildings] [main] com.vva.buildings.Orenda                 : Building with ID 45093 not found in tabBuildings, idOrenda: 68450
2025-07-06T13:39:02.982+03:00  INFO 26324 --- [buildings] [main] com.vva.buildings.Orenda                 : Building with ID 0 not found in tabBuildings, idOrenda: 85256
2025-07-06T13:39:02.982+03:00  INFO 26324 --- [buildings] [main] com.vva.buildings.Orenda                 : Building with ID 0 not found in tabBuildings, idOrenda: 85257
2025-07-06T13:39:02.984+03:00  INFO 26324 --- [buildings] [main] com.vva.buildings.Orenda                 : Building with ID 0 not found in tabBuildings, idOrenda: 85417
2025-07-06T13:39:02.985+03:00  INFO 26324 --- [buildings] [main] com.vva.buildings.Orenda                 : Building with ID 7813 not found in tabBuildings, idOrenda: 76960
2025-07-06T13:39:02.985+03:00  INFO 26324 --- [buildings] [main] com.vva.buildings.Orenda                 : Building with ID 7813 not found in tabBuildings, idOrenda: 78945
2025-07-06T13:39:02.986+03:00  INFO 26324 --- [buildings] [main] com.vva.buildings.Orenda                 : Building with ID 7813 not found in tabBuildings, idOrenda: 80495
2025-07-06T13:39:02.986+03:00  INFO 26324 --- [buildings] [main] com.vva.buildings.Orenda                 : Building with ID 34783 not found in tabBuildings, idOrenda: 80479
2025-07-06T13:39:02.986+03:00  INFO 26324 --- [buildings] [main] com.vva.buildings.Orenda                 : Building with ID 7813 not found in tabBuildings, idOrenda: 79635
2025-07-06T13:39:02.986+03:00  INFO 26324 --- [buildings] [main] com.vva.buildings.Orenda                 : Building with ID 7813 not found in tabBuildings, idOrenda: 79636
2025-07-06T13:39:02.986+03:00  INFO 26324 --- [buildings] [main] com.vva.buildings.Orenda                 : Building with ID 7813 not found in tabBuildings, idOrenda: 79959
2025-07-06T13:39:02.986+03:00  INFO 26324 --- [buildings] [main] com.vva.buildings.Orenda                 : Building with ID 7813 not found in tabBuildings, idOrenda: 79960
2025-07-06T13:39:02.986+03:00  INFO 26324 --- [buildings] [main] com.vva.buildings.Orenda                 : Building with ID 7813 not found in tabBuildings, idOrenda: 79957
2025-07-06T13:39:02.986+03:00  INFO 26324 --- [buildings] [main] com.vva.buildings.Orenda                 : Building with ID 34783 not found in tabBuildings, idOrenda: 83440
2025-07-06T13:39:02.987+03:00  INFO 26324 --- [buildings] [main] com.vva.buildings.Orenda                 : Building with ID 7813 not found in tabBuildings, idOrenda: 83441
2025-07-06T13:39:02.987+03:00  INFO 26324 --- [buildings] [main] com.vva.buildings.Orenda                 : Building with ID 7813 not found in tabBuildings, idOrenda: 83442
2025-07-06T13:39:02.987+03:00  INFO 26324 --- [buildings] [main] com.vva.buildings.Orenda                 : Building with ID 34783 not found in tabBuildings, idOrenda: 84157
2025-07-06T13:39:02.987+03:00  INFO 26324 --- [buildings] [main] com.vva.buildings.Orenda                 : Building with ID 58975 not found in tabBuildings, idOrenda: 82360
2025-07-06T13:39:02.988+03:00  INFO 26324 --- [buildings] [main] com.vva.buildings.Orenda                 : Building with ID 31327 not found in tabBuildings, idOrenda: 83439
2025-07-06T13:39:02.988+03:00  INFO 26324 --- [buildings] [main] com.vva.buildings.Orenda                 : Building with ID 31327 not found in tabBuildings, idOrenda: 83130
2025-07-06T13:39:02.988+03:00  INFO 26324 --- [buildings] [main] com.vva.buildings.Orenda                 : ID об'єкту порожній у рядку 2312, idOrenda: 73521
2025-07-06T13:39:02.988+03:00  INFO 26324 --- [buildings] [main] com.vva.buildings.Orenda                 : ID об'єкту порожній у рядку 2313, idOrenda: 72632
2025-07-06T13:39:02.988+03:00  INFO 26324 --- [buildings] [main] com.vva.buildings.Orenda                 : ID об'єкту порожній у рядку 2314, idOrenda: 72633
2025-07-06T13:39:02.988+03:00  INFO 26324 --- [buildings] [main] com.vva.buildings.Orenda                 : ID об'єкту порожній у рядку 2315, idOrenda: 68035
2025-07-06T13:39:02.988+03:00  INFO 26324 --- [buildings] [main] com.vva.buildings.Orenda                 : ID об'єкту порожній у рядку 2316, idOrenda: 68069
2025-07-06T13:39:02.990+03:00  INFO 26324 --- [buildings] [main] com.vva.buildings.Orenda                 : ID об'єкту порожній у рядку 2337, idOrenda: 70081
2025-07-06T13:39:02.993+03:00  INFO 26324 --- [buildings] [main] com.vva.buildings.Orenda                 : Building with ID 1792 not found in tabBuildings, idOrenda: 61677
2025-07-06T13:39:02.993+03:00  INFO 26324 --- [buildings] [main] com.vva.buildings.Orenda                 : Building with ID 1792 not found in tabBuildings, idOrenda: 68466
2025-07-06T13:39:02.993+03:00  INFO 26324 --- [buildings] [main] com.vva.buildings.Orenda                 : Building with ID 1792 not found in tabBuildings, idOrenda: 61424
2025-07-06T13:39:02.993+03:00  INFO 26324 --- [buildings] [main] com.vva.buildings.Orenda                 : ID об'єкту порожній у рядку 2365, idOrenda: 85000
2025-07-06T13:39:02.993+03:00  INFO 26324 --- [buildings] [main] com.vva.buildings.Orenda                 : ID об'єкту порожній у рядку 2366, idOrenda: 85001
2025-07-06T13:39:02.993+03:00  INFO 26324 --- [buildings] [main] com.vva.buildings.Orenda                 : Building with ID 0 not found in tabBuildings, idOrenda: 77744
2025-07-06T13:39:02.993+03:00  INFO 26324 --- [buildings] [main] com.vva.buildings.Orenda                 : Building with ID 0 not found in tabBuildings, idOrenda: 84932
2025-07-06T13:39:02.994+03:00  INFO 26324 --- [buildings] [main] com.vva.buildings.Orenda                 : ID об'єкту порожній у рядку 2373, idOrenda: 48024
2025-07-06T13:39:02.994+03:00  INFO 26324 --- [buildings] [main] com.vva.buildings.Orenda                 : ID об'єкту порожній у рядку 2374, idOrenda: 63317
2025-07-06T13:39:02.994+03:00  INFO 26324 --- [buildings] [main] com.vva.buildings.Orenda                 : Building with ID 5766 not found in tabBuildings, idOrenda: 63318
2025-07-06T13:39:02.994+03:00  INFO 26324 --- [buildings] [main] com.vva.buildings.Orenda                 : Building with ID 44639 not found in tabBuildings, idOrenda: 63319
2025-07-06T13:39:02.994+03:00  INFO 26324 --- [buildings] [main] com.vva.buildings.Orenda                 : Building with ID 44639 not found in tabBuildings, idOrenda: 63320
2025-07-06T13:39:02.994+03:00  INFO 26324 --- [buildings] [main] com.vva.buildings.Orenda                 : Building with ID 5766 not found in tabBuildings, idOrenda: 56218
2025-07-06T13:39:02.994+03:00  INFO 26324 --- [buildings] [main] com.vva.buildings.Orenda                 : Building with ID 5766 not found in tabBuildings, idOrenda: 56222
2025-07-06T13:39:02.994+03:00  INFO 26324 --- [buildings] [main] com.vva.buildings.Orenda                 : Building with ID 44639 not found in tabBuildings, idOrenda: 56223
2025-07-06T13:39:02.994+03:00  INFO 26324 --- [buildings] [main] com.vva.buildings.Orenda                 : Building with ID 44639 not found in tabBuildings, idOrenda: 56225
2025-07-06T13:39:02.994+03:00  INFO 26324 --- [buildings] [main] com.vva.buildings.Orenda                 : Building with ID 44639 not found in tabBuildings, idOrenda: 56226
2025-07-06T13:39:02.994+03:00  INFO 26324 --- [buildings] [main] com.vva.buildings.Orenda                 : Building with ID 4035 not found in tabBuildings, idOrenda: 81402
2025-07-06T13:39:02.994+03:00  INFO 26324 --- [buildings] [main] com.vva.buildings.Orenda                 : Building with ID 4024 not found in tabBuildings, idOrenda: 69270
2025-07-06T13:39:02.994+03:00  INFO 26324 --- [buildings] [main] com.vva.buildings.Orenda                 : Building with ID 0 not found in tabBuildings, idOrenda: 85290
2025-07-06T13:39:02.994+03:00  INFO 26324 --- [buildings] [main] com.vva.buildings.Orenda                 : Building with ID 4025 not found in tabBuildings, idOrenda: 85293
2025-07-06T13:39:02.994+03:00  INFO 26324 --- [buildings] [main] com.vva.buildings.Orenda                 : Building with ID 4025 not found in tabBuildings, idOrenda: 84311
2025-07-06T13:39:02.997+03:00  INFO 26324 --- [buildings] [main] com.vva.buildings.Orenda                 : Building with ID 0 not found in tabBuildings, idOrenda: 85350
2025-07-06T13:39:02.997+03:00  INFO 26324 --- [buildings] [main] com.vva.buildings.Orenda                 : Building with ID 0 not found in tabBuildings, idOrenda: 85351
2025-07-06T13:39:02.997+03:00  INFO 26324 --- [buildings] [main] com.vva.buildings.Orenda                 : Building with ID 0 not found in tabBuildings, idOrenda: 85352
2025-07-06T13:39:02.997+03:00  INFO 26324 --- [buildings] [main] com.vva.buildings.Orenda                 : Building with ID 0 not found in tabBuildings, idOrenda: 85353
2025-07-06T13:39:02.997+03:00  INFO 26324 --- [buildings] [main] com.vva.buildings.Orenda                 : Building with ID 0 not found in tabBuildings, idOrenda: 85317
2025-07-06T13:39:03.002+03:00  INFO 26324 --- [buildings] [main] com.vva.buildings.Orenda                 : ID об'єкту порожній у рядку 2463, idOrenda: 56838
2025-07-06T13:39:03.002+03:00  INFO 26324 --- [buildings] [main] com.vva.buildings.Orenda                 : ID об'єкту порожній у рядку 2464, idOrenda: 16269
2025-07-06T13:39:03.002+03:00  INFO 26324 --- [buildings] [main] com.vva.buildings.Orenda                 : ID об'єкту порожній у рядку 2465, idOrenda: 63275
2025-07-06T13:39:03.002+03:00  INFO 26324 --- [buildings] [main] com.vva.buildings.Orenda                 : ID об'єкту порожній у рядку 2466, idOrenda: 47923
2025-07-06T13:39:03.002+03:00  INFO 26324 --- [buildings] [main] com.vva.buildings.Orenda                 : ID об'єкту порожній у рядку 2467, idOrenda: 47924
2025-07-06T13:39:03.002+03:00  INFO 26324 --- [buildings] [main] com.vva.buildings.Orenda                 : ID об'єкту порожній у рядку 2468, idOrenda: 62152
2025-07-06T13:39:03.002+03:00  INFO 26324 --- [buildings] [main] com.vva.buildings.Orenda                 : ID об'єкту порожній у рядку 2470, idOrenda: 75790
2025-07-06T13:39:03.002+03:00  INFO 26324 --- [buildings] [main] com.vva.buildings.Orenda                 : Building with ID 44067 not found in tabBuildings, idOrenda: 76574
2025-07-06T13:39:03.002+03:00  INFO 26324 --- [buildings] [main] com.vva.buildings.Orenda                 : Building with ID 44067 not found in tabBuildings, idOrenda: 76569
2025-07-06T13:39:03.002+03:00  INFO 26324 --- [buildings] [main] com.vva.buildings.Orenda                 : Building with ID 44067 not found in tabBuildings, idOrenda: 83431
2025-07-06T13:39:03.002+03:00  INFO 26324 --- [buildings] [main] com.vva.buildings.Orenda                 : Building with ID 44067 not found in tabBuildings, idOrenda: 83295
2025-07-06T13:39:03.002+03:00  INFO 26324 --- [buildings] [main] com.vva.buildings.Orenda                 : Building with ID 44067 not found in tabBuildings, idOrenda: 83296
2025-07-06T13:39:03.002+03:00  INFO 26324 --- [buildings] [main] com.vva.buildings.Orenda                 : Building with ID 44067 not found in tabBuildings, idOrenda: 82869
2025-07-06T13:39:03.003+03:00  INFO 26324 --- [buildings] [main] com.vva.buildings.Orenda                 : Building with ID 44067 not found in tabBuildings, idOrenda: 83971
2025-07-06T13:39:03.003+03:00  INFO 26324 --- [buildings] [main] com.vva.buildings.Orenda                 : Building with ID 44067 not found in tabBuildings, idOrenda: 82098
2025-07-06T13:39:03.003+03:00  INFO 26324 --- [buildings] [main] com.vva.buildings.Orenda                 : ID об'єкту порожній у рядку 2479, idOrenda: 52145
2025-07-06T13:39:03.003+03:00  INFO 26324 --- [buildings] [main] com.vva.buildings.Orenda                 : ID об'єкту порожній у рядку 2480, idOrenda: 47786
2025-07-06T13:39:03.003+03:00  INFO 26324 --- [buildings] [main] com.vva.buildings.Orenda                 : ID об'єкту порожній у рядку 2481, idOrenda: 47788
2025-07-06T13:39:03.003+03:00  INFO 26324 --- [buildings] [main] com.vva.buildings.Orenda                 : ID об'єкту порожній у рядку 2482, idOrenda: 55212
2025-07-06T13:39:03.003+03:00  INFO 26324 --- [buildings] [main] com.vva.buildings.Orenda                 : ID об'єкту порожній у рядку 2483, idOrenda: 55213
2025-07-06T13:39:03.003+03:00  INFO 26324 --- [buildings] [main] com.vva.buildings.Orenda                 : ID об'єкту порожній у рядку 2484, idOrenda: 63915
2025-07-06T13:39:03.003+03:00  INFO 26324 --- [buildings] [main] com.vva.buildings.Orenda                 : ID об'єкту порожній у рядку 2485, idOrenda: 63916
2025-07-06T13:39:03.003+03:00  INFO 26324 --- [buildings] [main] com.vva.buildings.Orenda                 : ID об'єкту порожній у рядку 2486, idOrenda: 57475
2025-07-06T13:39:03.003+03:00  INFO 26324 --- [buildings] [main] com.vva.buildings.Orenda                 : ID об'єкту порожній у рядку 2487, idOrenda: 57825
2025-07-06T13:39:03.003+03:00  INFO 26324 --- [buildings] [main] com.vva.buildings.Orenda                 : ID об'єкту порожній у рядку 2488, idOrenda: 57878
2025-07-06T13:39:03.003+03:00  INFO 26324 --- [buildings] [main] com.vva.buildings.Orenda                 : ID об'єкту порожній у рядку 2489, idOrenda: 57879
2025-07-06T13:39:03.003+03:00  INFO 26324 --- [buildings] [main] com.vva.buildings.Orenda                 : Building with ID 0 not found in tabBuildings, idOrenda: 63156
2025-07-06T13:39:03.003+03:00  INFO 26324 --- [buildings] [main] com.vva.buildings.Orenda                 : ID об'єкту порожній у рядку 2491, idOrenda: 63157
2025-07-06T13:39:03.003+03:00  INFO 26324 --- [buildings] [main] com.vva.buildings.Orenda                 : ID об'єкту порожній у рядку 2492, idOrenda: 63158
2025-07-06T13:39:03.003+03:00  INFO 26324 --- [buildings] [main] com.vva.buildings.Orenda                 : ID об'єкту порожній у рядку 2493, idOrenda: 63159
2025-07-06T13:39:03.003+03:00  INFO 26324 --- [buildings] [main] com.vva.buildings.Orenda                 : ID об'єкту порожній у рядку 2494, idOrenda: 60409
2025-07-06T13:39:03.003+03:00  INFO 26324 --- [buildings] [main] com.vva.buildings.Orenda                 : ID об'єкту порожній у рядку 2495, idOrenda: 60415
2025-07-06T13:39:03.003+03:00  INFO 26324 --- [buildings] [main] com.vva.buildings.Orenda                 : ID об'єкту порожній у рядку 2496, idOrenda: 2949
2025-07-06T13:39:03.005+03:00  INFO 26324 --- [buildings] [main] com.vva.buildings.Orenda                 : ID об'єкту порожній у рядку 2508, idOrenda: 62131
2025-07-06T13:39:03.005+03:00  INFO 26324 --- [buildings] [main] com.vva.buildings.Orenda                 : ID об'єкту порожній у рядку 2509, idOrenda: 63155
2025-07-06T13:39:03.005+03:00  INFO 26324 --- [buildings] [main] com.vva.buildings.Orenda                 : ID об'єкту порожній у рядку 2510, idOrenda: 63199
2025-07-06T13:39:03.005+03:00  INFO 26324 --- [buildings] [main] com.vva.buildings.Orenda                 : ID об'єкту порожній у рядку 2511, idOrenda: 56193
2025-07-06T13:39:03.005+03:00  INFO 26324 --- [buildings] [main] com.vva.buildings.Orenda                 : ID об'єкту порожній у рядку 2512, idOrenda: 56194
2025-07-06T13:39:03.005+03:00  INFO 26324 --- [buildings] [main] com.vva.buildings.Orenda                 : ID об'єкту порожній у рядку 2513, idOrenda: 56195
2025-07-06T13:39:03.005+03:00  INFO 26324 --- [buildings] [main] com.vva.buildings.Orenda                 : ID об'єкту порожній у рядку 2514, idOrenda: 56198
2025-07-06T13:39:03.005+03:00  INFO 26324 --- [buildings] [main] com.vva.buildings.Orenda                 : ID об'єкту порожній у рядку 2515, idOrenda: 56199
2025-07-06T13:39:03.005+03:00  INFO 26324 --- [buildings] [main] com.vva.buildings.Orenda                 : ID об'єкту порожній у рядку 2516, idOrenda: 56200
2025-07-06T13:39:03.005+03:00  INFO 26324 --- [buildings] [main] com.vva.buildings.Orenda                 : ID об'єкту порожній у рядку 2517, idOrenda: 63783
2025-07-06T13:39:03.005+03:00  INFO 26324 --- [buildings] [main] com.vva.buildings.Orenda                 : ID об'єкту порожній у рядку 2518, idOrenda: 61266
2025-07-06T13:39:03.005+03:00  INFO 26324 --- [buildings] [main] com.vva.buildings.Orenda                 : ID об'єкту порожній у рядку 2519, idOrenda: 52623
2025-07-06T13:39:03.005+03:00  INFO 26324 --- [buildings] [main] com.vva.buildings.Orenda                 : ID об'єкту порожній у рядку 2520, idOrenda: 70558
2025-07-06T13:39:03.006+03:00  INFO 26324 --- [buildings] [main] com.vva.buildings.Orenda                 : ID об'єкту порожній у рядку 2521, idOrenda: 68899
2025-07-06T13:39:03.006+03:00  INFO 26324 --- [buildings] [main] com.vva.buildings.Orenda                 : ID об'єкту порожній у рядку 2522, idOrenda: 73632
2025-07-06T13:39:03.006+03:00  INFO 26324 --- [buildings] [main] com.vva.buildings.Orenda                 : ID об'єкту порожній у рядку 2523, idOrenda: 72154
2025-07-06T13:39:03.006+03:00  INFO 26324 --- [buildings] [main] com.vva.buildings.Orenda                 : ID об'єкту порожній у рядку 2524, idOrenda: 72166
2025-07-06T13:39:03.006+03:00  INFO 26324 --- [buildings] [main] com.vva.buildings.Orenda                 : ID об'єкту порожній у рядку 2525, idOrenda: 63972
2025-07-06T13:39:03.006+03:00  INFO 26324 --- [buildings] [main] com.vva.buildings.Orenda                 : ID об'єкту порожній у рядку 2526, idOrenda: 63973
2025-07-06T13:39:03.006+03:00  INFO 26324 --- [buildings] [main] com.vva.buildings.Orenda                 : ID об'єкту порожній у рядку 2527, idOrenda: 62104
2025-07-06T13:39:03.006+03:00  INFO 26324 --- [buildings] [main] com.vva.buildings.Orenda                 : Building with ID 5774 not found in tabBuildings, idOrenda: 81393
2025-07-06T13:39:03.006+03:00  INFO 26324 --- [buildings] [main] com.vva.buildings.Orenda                 : Building with ID 5774 not found in tabBuildings, idOrenda: 83107
2025-07-06T13:39:03.006+03:00  INFO 26324 --- [buildings] [main] com.vva.buildings.Orenda                 : Building with ID 5774 not found in tabBuildings, idOrenda: 83275
2025-07-06T13:39:03.006+03:00  INFO 26324 --- [buildings] [main] com.vva.buildings.Orenda                 : Building with ID 5774 not found in tabBuildings, idOrenda: 83685
2025-07-06T13:39:03.006+03:00  INFO 26324 --- [buildings] [main] com.vva.buildings.Orenda                 : Building with ID 5774 not found in tabBuildings, idOrenda: 83686
2025-07-06T13:39:03.006+03:00  INFO 26324 --- [buildings] [main] com.vva.buildings.Orenda                 : Building with ID 5774 not found in tabBuildings, idOrenda: 82984
2025-07-06T13:39:03.006+03:00  INFO 26324 --- [buildings] [main] com.vva.buildings.Orenda                 : Building with ID 5774 not found in tabBuildings, idOrenda: 82985
2025-07-06T13:39:03.006+03:00  INFO 26324 --- [buildings] [main] com.vva.buildings.Orenda                 : Building with ID 5774 not found in tabBuildings, idOrenda: 82986
2025-07-06T13:39:03.006+03:00  INFO 26324 --- [buildings] [main] com.vva.buildings.Orenda                 : Building with ID 5774 not found in tabBuildings, idOrenda: 83951
2025-07-06T13:39:03.008+03:00  INFO 26324 --- [buildings] [main] com.vva.buildings.Orenda                 : ID об'єкту порожній у рядку 2547, idOrenda: 49052
2025-07-06T13:39:03.008+03:00  INFO 26324 --- [buildings] [main] com.vva.buildings.Orenda                 : ID об'єкту порожній у рядку 2548, idOrenda: 61303
2025-07-06T13:39:03.008+03:00  INFO 26324 --- [buildings] [main] com.vva.buildings.Orenda                 : ID об'єкту порожній у рядку 2549, idOrenda: 65348
2025-07-06T13:39:03.008+03:00  INFO 26324 --- [buildings] [main] com.vva.buildings.Orenda                 : ID об'єкту порожній у рядку 2550, idOrenda: 65349
2025-07-06T13:39:03.008+03:00  INFO 26324 --- [buildings] [main] com.vva.buildings.Orenda                 : ID об'єкту порожній у рядку 2551, idOrenda: 65350
2025-07-06T13:39:03.011+03:00  INFO 26324 --- [buildings] [main] com.vva.buildings.Orenda                 : ID об'єкту порожній у рядку 2574, idOrenda: 65345
2025-07-06T13:39:03.012+03:00  INFO 26324 --- [buildings] [main] com.vva.buildings.Orenda                 : ID об'єкту порожній у рядку 2575, idOrenda: 65346
2025-07-06T13:39:03.012+03:00  INFO 26324 --- [buildings] [main] com.vva.buildings.Orenda                 : ID об'єкту порожній у рядку 2576, idOrenda: 65347
2025-07-06T13:39:03.012+03:00  INFO 26324 --- [buildings] [main] com.vva.buildings.Orenda                 : ID об'єкту порожній у рядку 2577, idOrenda: 63169
2025-07-06T13:39:03.012+03:00  INFO 26324 --- [buildings] [main] com.vva.buildings.Orenda                 : ID об'єкту порожній у рядку 2579, idOrenda: 65317
2025-07-06T13:39:03.012+03:00  INFO 26324 --- [buildings] [main] com.vva.buildings.Orenda                 : ID об'єкту порожній у рядку 2580, idOrenda: 56398
2025-07-06T13:39:03.012+03:00  INFO 26324 --- [buildings] [main] com.vva.buildings.Orenda                 : ID об'єкту порожній у рядку 2581, idOrenda: 56401
2025-07-06T13:39:03.012+03:00  INFO 26324 --- [buildings] [main] com.vva.buildings.Orenda                 : ID об'єкту порожній у рядку 2582, idOrenda: 62981
2025-07-06T13:39:03.012+03:00  INFO 26324 --- [buildings] [main] com.vva.buildings.Orenda                 : Building with ID 47012 not found in tabBuildings, idOrenda: 79876
2025-07-06T13:39:03.016+03:00  INFO 26324 --- [buildings] [main] com.vva.buildings.Orenda                 : Building with ID 0 not found in tabBuildings, idOrenda: 85359
2025-07-06T13:39:03.017+03:00  INFO 26324 --- [buildings] [main] com.vva.buildings.Orenda                 : ID об'єкту порожній у рядку 2630, idOrenda: 63937
2025-07-06T13:39:03.017+03:00  INFO 26324 --- [buildings] [main] com.vva.buildings.Orenda                 : ID об'єкту порожній у рядку 2631, idOrenda: 63897
2025-07-06T13:39:03.017+03:00  INFO 26324 --- [buildings] [main] com.vva.buildings.Orenda                 : ID об'єкту порожній у рядку 2632, idOrenda: 65342
2025-07-06T13:39:03.019+03:00  INFO 26324 --- [buildings] [main] com.vva.buildings.Orenda                 : ID об'єкту порожній у рядку 2648, idOrenda: 64847
2025-07-06T13:39:03.019+03:00  INFO 26324 --- [buildings] [main] com.vva.buildings.Orenda                 : ID об'єкту порожній у рядку 2649, idOrenda: 67742
2025-07-06T13:39:03.024+03:00  INFO 26324 --- [buildings] [main] com.vva.buildings.Orenda                 : ID об'єкту порожній у рядку 2685, idOrenda: 84170
2025-07-06T13:39:03.024+03:00  INFO 26324 --- [buildings] [main] com.vva.buildings.Orenda                 : ID об'єкту порожній у рядку 2687, idOrenda: 63200
2025-07-06T13:39:03.024+03:00  INFO 26324 --- [buildings] [main] com.vva.buildings.Orenda                 : ID об'єкту порожній у рядку 2688, idOrenda: 61114
2025-07-06T13:39:03.024+03:00  INFO 26324 --- [buildings] [main] com.vva.buildings.Orenda                 : ID об'єкту порожній у рядку 2689, idOrenda: 61115
2025-07-06T13:39:03.024+03:00  INFO 26324 --- [buildings] [main] com.vva.buildings.Orenda                 : ID об'єкту порожній у рядку 2690, idOrenda: 61117
2025-07-06T13:39:03.024+03:00  INFO 26324 --- [buildings] [main] com.vva.buildings.Orenda                 : ID об'єкту порожній у рядку 2691, idOrenda: 61118
2025-07-06T13:39:03.024+03:00  INFO 26324 --- [buildings] [main] com.vva.buildings.Orenda                 : ID об'єкту порожній у рядку 2692, idOrenda: 61119
2025-07-06T13:39:03.024+03:00  INFO 26324 --- [buildings] [main] com.vva.buildings.Orenda                 : ID об'єкту порожній у рядку 2693, idOrenda: 63919
2025-07-06T13:39:03.024+03:00  INFO 26324 --- [buildings] [main] com.vva.buildings.Orenda                 : ID об'єкту порожній у рядку 2694, idOrenda: 63920
2025-07-06T13:39:03.024+03:00  INFO 26324 --- [buildings] [main] com.vva.buildings.Orenda                 : ID об'єкту порожній у рядку 2695, idOrenda: 63921
2025-07-06T13:39:03.024+03:00  INFO 26324 --- [buildings] [main] com.vva.buildings.Orenda                 : ID об'єкту порожній у рядку 2696, idOrenda: 63922
2025-07-06T13:39:03.024+03:00  INFO 26324 --- [buildings] [main] com.vva.buildings.Orenda                 : ID об'єкту порожній у рядку 2697, idOrenda: 63923
2025-07-06T13:39:03.025+03:00  INFO 26324 --- [buildings] [main] com.vva.buildings.Orenda                 : ID об'єкту порожній у рядку 2701, idOrenda: 50801
2025-07-06T13:39:03.025+03:00  INFO 26324 --- [buildings] [main] com.vva.buildings.Orenda                 : ID об'єкту порожній у рядку 2702, idOrenda: 63054
2025-07-06T13:39:03.025+03:00  INFO 26324 --- [buildings] [main] com.vva.buildings.Orenda                 : ID об'єкту порожній у рядку 2703, idOrenda: 63055
2025-07-06T13:39:03.025+03:00  INFO 26324 --- [buildings] [main] com.vva.buildings.Orenda                 : ID об'єкту порожній у рядку 2704, idOrenda: 63056
2025-07-06T13:39:03.025+03:00  INFO 26324 --- [buildings] [main] com.vva.buildings.Orenda                 : ID об'єкту порожній у рядку 2705, idOrenda: 63057
2025-07-06T13:39:03.025+03:00  INFO 26324 --- [buildings] [main] com.vva.buildings.Orenda                 : ID об'єкту порожній у рядку 2706, idOrenda: 63058
2025-07-06T13:39:03.025+03:00  INFO 26324 --- [buildings] [main] com.vva.buildings.Orenda                 : ID об'єкту порожній у рядку 2707, idOrenda: 63059
2025-07-06T13:39:03.025+03:00  INFO 26324 --- [buildings] [main] com.vva.buildings.Orenda                 : ID об'єкту порожній у рядку 2708, idOrenda: 64036
2025-07-06T13:39:03.025+03:00  INFO 26324 --- [buildings] [main] com.vva.buildings.Orenda                 : ID об'єкту порожній у рядку 2709, idOrenda: 55700
2025-07-06T13:39:03.025+03:00  INFO 26324 --- [buildings] [main] com.vva.buildings.Orenda                 : ID об'єкту порожній у рядку 2710, idOrenda: 55701
2025-07-06T13:39:03.025+03:00  INFO 26324 --- [buildings] [main] com.vva.buildings.Orenda                 : ID об'єкту порожній у рядку 2711, idOrenda: 55702
2025-07-06T13:39:03.025+03:00  INFO 26324 --- [buildings] [main] com.vva.buildings.Orenda                 : ID об'єкту порожній у рядку 2712, idOrenda: 38193
2025-07-06T13:39:03.025+03:00  INFO 26324 --- [buildings] [main] com.vva.buildings.Orenda                 : ID об'єкту порожній у рядку 2714, idOrenda: 63896
2025-07-06T13:39:03.026+03:00  INFO 26324 --- [buildings] [main] com.vva.buildings.Orenda                 : ID об'єкту порожній у рядку 2721, idOrenda: 56236
2025-07-06T13:39:03.026+03:00  INFO 26324 --- [buildings] [main] com.vva.buildings.Orenda                 : ID об'єкту порожній у рядку 2722, idOrenda: 60776
2025-07-06T13:39:03.026+03:00  INFO 26324 --- [buildings] [main] com.vva.buildings.Orenda                 : ID об'єкту порожній у рядку 2723, idOrenda: 63269
2025-07-06T13:39:03.026+03:00  INFO 26324 --- [buildings] [main] com.vva.buildings.Orenda                 : ID об'єкту порожній у рядку 2724, idOrenda: 63270
2025-07-06T13:39:03.026+03:00  INFO 26324 --- [buildings] [main] com.vva.buildings.Orenda                 : ID об'єкту порожній у рядку 2725, idOrenda: 63271
2025-07-06T13:39:03.026+03:00  INFO 26324 --- [buildings] [main] com.vva.buildings.Orenda                 : ID об'єкту порожній у рядку 2726, idOrenda: 63272
2025-07-06T13:39:03.026+03:00  INFO 26324 --- [buildings] [main] com.vva.buildings.Orenda                 : ID об'єкту порожній у рядку 2727, idOrenda: 63901
2025-07-06T13:39:03.026+03:00  INFO 26324 --- [buildings] [main] com.vva.buildings.Orenda                 : Building with ID 17467 not found in tabBuildings, idOrenda: 84551
2025-07-06T13:39:03.026+03:00  INFO 26324 --- [buildings] [main] com.vva.buildings.Orenda                 : Building with ID 4106 not found in tabBuildings, idOrenda: 78943
2025-07-06T13:39:03.026+03:00  INFO 26324 --- [buildings] [main] com.vva.buildings.Orenda                 : Building with ID 4106 not found in tabBuildings, idOrenda: 78944
2025-07-06T13:39:03.026+03:00  INFO 26324 --- [buildings] [main] com.vva.buildings.Orenda                 : Building with ID 4105 not found in tabBuildings, idOrenda: 73617
2025-07-06T13:39:03.026+03:00  INFO 26324 --- [buildings] [main] com.vva.buildings.Orenda                 : Building with ID 4106 not found in tabBuildings, idOrenda: 77025
2025-07-06T13:39:03.026+03:00  INFO 26324 --- [buildings] [main] com.vva.buildings.Orenda                 : Building with ID 4106 not found in tabBuildings, idOrenda: 77532
2025-07-06T13:39:03.026+03:00  INFO 26324 --- [buildings] [main] com.vva.buildings.Orenda                 : Building with ID 4106 not found in tabBuildings, idOrenda: 75865
2025-07-06T13:39:03.026+03:00  INFO 26324 --- [buildings] [main] com.vva.buildings.Orenda                 : Building with ID 4106 not found in tabBuildings, idOrenda: 75867
2025-07-06T13:39:03.026+03:00  INFO 26324 --- [buildings] [main] com.vva.buildings.Orenda                 : Building with ID 0 not found in tabBuildings, idOrenda: 82448
2025-07-06T13:39:03.027+03:00  INFO 26324 --- [buildings] [main] com.vva.buildings.Orenda                 : Building with ID 0 not found in tabBuildings, idOrenda: 82449
2025-07-06T13:39:03.028+03:00  INFO 26324 --- [buildings] [main] com.vva.buildings.Orenda                 : Building with ID 0 not found in tabBuildings, idOrenda: 85183
2025-07-06T13:39:03.028+03:00  INFO 26324 --- [buildings] [main] com.vva.buildings.Orenda                 : Building with ID 0 not found in tabBuildings, idOrenda: 85184
2025-07-06T13:39:03.031+03:00  INFO 26324 --- [buildings] [main] com.vva.buildings.Orenda                 : Building with ID 59353 not found in tabBuildings, idOrenda: 34703
2025-07-06T13:39:03.031+03:00  INFO 26324 --- [buildings] [main] com.vva.buildings.Orenda                 : Building with ID 26948 not found in tabBuildings, idOrenda: 34771
2025-07-06T13:39:03.031+03:00  INFO 26324 --- [buildings] [main] com.vva.buildings.Orenda                 : Building with ID 2594 not found in tabBuildings, idOrenda: 84624
2025-07-06T13:39:03.031+03:00  INFO 26324 --- [buildings] [main] com.vva.buildings.Orenda                 : Building with ID 16173 not found in tabBuildings, idOrenda: 50453
2025-07-06T13:39:03.031+03:00  INFO 26324 --- [buildings] [main] com.vva.buildings.Orenda                 : Building with ID 26927 not found in tabBuildings, idOrenda: 31237
2025-07-06T13:39:03.031+03:00  INFO 26324 --- [buildings] [main] com.vva.buildings.Orenda                 : Building with ID 16174 not found in tabBuildings, idOrenda: 78330
2025-07-06T13:39:03.031+03:00  INFO 26324 --- [buildings] [main] com.vva.buildings.Orenda                 : ID об'єкту порожній у рядку 2787, idOrenda: 71365
2025-07-06T13:39:03.031+03:00  INFO 26324 --- [buildings] [main] com.vva.buildings.Orenda                 : Building with ID 16173 not found in tabBuildings, idOrenda: 5549
2025-07-06T13:39:03.031+03:00  INFO 26324 --- [buildings] [main] com.vva.buildings.Orenda                 : Building with ID 1938 not found in tabBuildings, idOrenda: 79392
2025-07-06T13:39:03.031+03:00  INFO 26324 --- [buildings] [main] com.vva.buildings.Orenda                 : Building with ID 1938 not found in tabBuildings, idOrenda: 70182
2025-07-06T13:39:03.031+03:00  INFO 26324 --- [buildings] [main] com.vva.buildings.Orenda                 : ID об'єкту порожній у рядку 2791, idOrenda: 68818
2025-07-06T13:39:03.031+03:00  INFO 26324 --- [buildings] [main] com.vva.buildings.Orenda                 : ID об'єкту порожній у рядку 2792, idOrenda: 68836
2025-07-06T13:39:03.031+03:00  INFO 26324 --- [buildings] [main] com.vva.buildings.Orenda                 : Building with ID 2444 not found in tabBuildings, idOrenda: 74328
2025-07-06T13:39:03.031+03:00  INFO 26324 --- [buildings] [main] com.vva.buildings.Orenda                 : Building with ID 59351 not found in tabBuildings, idOrenda: 78547
2025-07-06T13:39:03.031+03:00  INFO 26324 --- [buildings] [main] com.vva.buildings.Orenda                 : Building with ID 16164 not found in tabBuildings, idOrenda: 83186
2025-07-06T13:39:03.031+03:00  INFO 26324 --- [buildings] [main] com.vva.buildings.Orenda                 : Building with ID 16173 not found in tabBuildings, idOrenda: 83019
2025-07-06T13:39:03.031+03:00  INFO 26324 --- [buildings] [main] com.vva.buildings.Orenda                 : Building with ID 2083 not found in tabBuildings, idOrenda: 83020
2025-07-06T13:39:03.031+03:00  INFO 26324 --- [buildings] [main] com.vva.buildings.Orenda                 : Building with ID 59351 not found in tabBuildings, idOrenda: 83022
2025-07-06T13:39:03.031+03:00  INFO 26324 --- [buildings] [main] com.vva.buildings.Orenda                 : Building with ID 21520 not found in tabBuildings, idOrenda: 83023
2025-07-06T13:39:03.031+03:00  INFO 26324 --- [buildings] [main] com.vva.buildings.Orenda                 : Building with ID 1923 not found in tabBuildings, idOrenda: 83030
2025-07-06T13:39:03.031+03:00  INFO 26324 --- [buildings] [main] com.vva.buildings.Orenda                 : Building with ID 59353 not found in tabBuildings, idOrenda: 83031
2025-07-06T13:39:03.032+03:00  INFO 26324 --- [buildings] [main] com.vva.buildings.Orenda                 : Building with ID 16173 not found in tabBuildings, idOrenda: 83032
2025-07-06T13:39:03.032+03:00  INFO 26324 --- [buildings] [main] com.vva.buildings.Orenda                 : Building with ID 16164 not found in tabBuildings, idOrenda: 73970
2025-07-06T13:39:03.032+03:00  INFO 26324 --- [buildings] [main] com.vva.buildings.Orenda                 : Building with ID 2376 not found in tabBuildings, idOrenda: 83859
2025-07-06T13:39:03.032+03:00  INFO 26324 --- [buildings] [main] com.vva.buildings.Orenda                 : Building with ID 59353 not found in tabBuildings, idOrenda: 79110
2025-07-06T13:39:03.032+03:00  INFO 26324 --- [buildings] [main] com.vva.buildings.Orenda                 : Building with ID 2311 not found in tabBuildings, idOrenda: 82275
2025-07-06T13:39:03.032+03:00  INFO 26324 --- [buildings] [main] com.vva.buildings.Orenda                 : Building with ID 1948 not found in tabBuildings, idOrenda: 82298
2025-07-06T13:39:03.032+03:00  INFO 26324 --- [buildings] [main] com.vva.buildings.Orenda                 : Building with ID 59351 not found in tabBuildings, idOrenda: 82299
2025-07-06T13:39:03.032+03:00  INFO 26324 --- [buildings] [main] com.vva.buildings.Orenda                 : Building with ID 16179 not found in tabBuildings, idOrenda: 82300
2025-07-06T13:39:03.032+03:00  INFO 26324 --- [buildings] [main] com.vva.buildings.Orenda                 : Building with ID 26948 not found in tabBuildings, idOrenda: 82301
2025-07-06T13:39:03.032+03:00  INFO 26324 --- [buildings] [main] com.vva.buildings.Orenda                 : Building with ID 16173 not found in tabBuildings, idOrenda: 82302
2025-07-06T13:39:03.032+03:00  INFO 26324 --- [buildings] [main] com.vva.buildings.Orenda                 : Building with ID 59353 not found in tabBuildings, idOrenda: 82304
2025-07-06T13:39:03.032+03:00  INFO 26324 --- [buildings] [main] com.vva.buildings.Orenda                 : Building with ID 1974 not found in tabBuildings, idOrenda: 82035
2025-07-06T13:39:03.032+03:00  INFO 26324 --- [buildings] [main] com.vva.buildings.Orenda                 : Building with ID 59351 not found in tabBuildings, idOrenda: 81901
2025-07-06T13:39:03.032+03:00  INFO 26324 --- [buildings] [main] com.vva.buildings.Orenda                 : Building with ID 59353 not found in tabBuildings, idOrenda: 81075
2025-07-06T13:39:03.032+03:00  INFO 26324 --- [buildings] [main] com.vva.buildings.Orenda                 : Building with ID 1795 not found in tabBuildings, idOrenda: 81076
2025-07-06T13:39:03.032+03:00  INFO 26324 --- [buildings] [main] com.vva.buildings.Orenda                 : Building with ID 59351 not found in tabBuildings, idOrenda: 81081
2025-07-06T13:39:03.032+03:00  INFO 26324 --- [buildings] [main] com.vva.buildings.Orenda                 : Building with ID 26927 not found in tabBuildings, idOrenda: 78066
2025-07-06T13:39:03.032+03:00  INFO 26324 --- [buildings] [main] com.vva.buildings.Orenda                 : Building with ID 59351 not found in tabBuildings, idOrenda: 68984
2025-07-06T13:39:03.032+03:00  INFO 26324 --- [buildings] [main] com.vva.buildings.Orenda                 : ID об'єкту порожній у рядку 2820, idOrenda: 68985
2025-07-06T13:39:03.032+03:00  INFO 26324 --- [buildings] [main] com.vva.buildings.Orenda                 : ID об'єкту порожній у рядку 2821, idOrenda: 68987
2025-07-06T13:39:03.032+03:00  INFO 26324 --- [buildings] [main] com.vva.buildings.Orenda                 : Building with ID 59351 not found in tabBuildings, idOrenda: 68997
2025-07-06T13:39:03.032+03:00  INFO 26324 --- [buildings] [main] com.vva.buildings.Orenda                 : Building with ID 2444 not found in tabBuildings, idOrenda: 69014
2025-07-06T13:39:03.032+03:00  INFO 26324 --- [buildings] [main] com.vva.buildings.Orenda                 : ID об'єкту порожній у рядку 2824, idOrenda: 69029
2025-07-06T13:39:03.032+03:00  INFO 26324 --- [buildings] [main] com.vva.buildings.Orenda                 : Building with ID 59947 not found in tabBuildings, idOrenda: 83817
2025-07-06T13:39:03.032+03:00  INFO 26324 --- [buildings] [main] com.vva.buildings.Orenda                 : Building with ID 59947 not found in tabBuildings, idOrenda: 83062
2025-07-06T13:39:03.032+03:00  INFO 26324 --- [buildings] [main] com.vva.buildings.Orenda                 : Building with ID 59947 not found in tabBuildings, idOrenda: 83066
2025-07-06T13:39:03.032+03:00  INFO 26324 --- [buildings] [main] com.vva.buildings.Orenda                 : Building with ID 59947 not found in tabBuildings, idOrenda: 82776
2025-07-06T13:39:03.033+03:00  INFO 26324 --- [buildings] [main] com.vva.buildings.Orenda                 : ID об'єкту порожній у рядку 2832, idOrenda: 75785
2025-07-06T13:39:03.033+03:00  INFO 26324 --- [buildings] [main] com.vva.buildings.Orenda                 : ID об'єкту порожній у рядку 2833, idOrenda: 75759
2025-07-06T13:39:03.033+03:00  INFO 26324 --- [buildings] [main] com.vva.buildings.Orenda                 : ID об'єкту порожній у рядку 2834, idOrenda: 75761
2025-07-06T13:39:03.033+03:00  INFO 26324 --- [buildings] [main] com.vva.buildings.Orenda                 : ID об'єкту порожній у рядку 2835, idOrenda: 75762
2025-07-06T13:39:03.033+03:00  INFO 26324 --- [buildings] [main] com.vva.buildings.Orenda                 : ID об'єкту порожній у рядку 2836, idOrenda: 75763
2025-07-06T13:39:03.033+03:00  INFO 26324 --- [buildings] [main] com.vva.buildings.Orenda                 : ID об'єкту порожній у рядку 2837, idOrenda: 75764
2025-07-06T13:39:03.033+03:00  INFO 26324 --- [buildings] [main] com.vva.buildings.Orenda                 : ID об'єкту порожній у рядку 2838, idOrenda: 75766
2025-07-06T13:39:03.033+03:00  INFO 26324 --- [buildings] [main] com.vva.buildings.Orenda                 : ID об'єкту порожній у рядку 2839, idOrenda: 75767
2025-07-06T13:39:03.033+03:00  INFO 26324 --- [buildings] [main] com.vva.buildings.Orenda                 : ID об'єкту порожній у рядку 2840, idOrenda: 75768
2025-07-06T13:39:03.033+03:00  INFO 26324 --- [buildings] [main] com.vva.buildings.Orenda                 : ID об'єкту порожній у рядку 2841, idOrenda: 75769
2025-07-06T13:39:03.033+03:00  INFO 26324 --- [buildings] [main] com.vva.buildings.Orenda                 : ID об'єкту порожній у рядку 2842, idOrenda: 75770
2025-07-06T13:39:03.033+03:00  INFO 26324 --- [buildings] [main] com.vva.buildings.Orenda                 : Building with ID 0 not found in tabBuildings, idOrenda: 68454
2025-07-06T13:39:03.034+03:00  INFO 26324 --- [buildings] [main] com.vva.buildings.Orenda                 : ID об'єкту порожній у рядку 2848, idOrenda: 47053
2025-07-06T13:39:03.035+03:00  INFO 26324 --- [buildings] [main] com.vva.buildings.Orenda                 : ID об'єкту порожній у рядку 2862, idOrenda: 65374
2025-07-06T13:39:03.035+03:00  INFO 26324 --- [buildings] [main] com.vva.buildings.Orenda                 : ID об'єкту порожній у рядку 2863, idOrenda: 76481
2025-07-06T13:39:03.035+03:00  INFO 26324 --- [buildings] [main] com.vva.buildings.Orenda                 : ID об'єкту порожній у рядку 2864, idOrenda: 76484
2025-07-06T13:39:03.037+03:00  INFO 26324 --- [buildings] [main] com.vva.buildings.Orenda                 : ID об'єкту порожній у рядку 2882, idOrenda: 71538
2025-07-06T13:39:03.037+03:00  INFO 26324 --- [buildings] [main] com.vva.buildings.Orenda                 : ID об'єкту порожній у рядку 2883, idOrenda: 71584
2025-07-06T13:39:03.037+03:00  INFO 26324 --- [buildings] [main] com.vva.buildings.Orenda                 : Building with ID 5616 not found in tabBuildings, idOrenda: 75514
2025-07-06T13:39:03.037+03:00  INFO 26324 --- [buildings] [main] com.vva.buildings.Orenda                 : Building with ID 5616 not found in tabBuildings, idOrenda: 75516
2025-07-06T13:39:03.038+03:00  INFO 26324 --- [buildings] [main] com.vva.buildings.Orenda                 : ID об'єкту порожній у рядку 2891, idOrenda: 61096
2025-07-06T13:39:03.038+03:00  INFO 26324 --- [buildings] [main] com.vva.buildings.Orenda                 : ID об'єкту порожній у рядку 2897, idOrenda: 61551
2025-07-06T13:39:03.038+03:00  INFO 26324 --- [buildings] [main] com.vva.buildings.Orenda                 : Building with ID 0 not found in tabBuildings, idOrenda: 66527
2025-07-06T13:39:03.038+03:00  INFO 26324 --- [buildings] [main] com.vva.buildings.Orenda                 : ID об'єкту порожній у рядку 2899, idOrenda: 70927
2025-07-06T13:39:03.038+03:00  INFO 26324 --- [buildings] [main] com.vva.buildings.Orenda                 : ID об'єкту порожній у рядку 2900, idOrenda: 70845
2025-07-06T13:39:03.038+03:00  INFO 26324 --- [buildings] [main] com.vva.buildings.Orenda                 : ID об'єкту порожній у рядку 2901, idOrenda: 70984
2025-07-06T13:39:03.038+03:00  INFO 26324 --- [buildings] [main] com.vva.buildings.Orenda                 : ID об'єкту порожній у рядку 2903, idOrenda: 70988
2025-07-06T13:39:03.039+03:00  INFO 26324 --- [buildings] [main] com.vva.buildings.Orenda                 : Building with ID 0 not found in tabBuildings, idOrenda: 85400
2025-07-06T13:39:03.039+03:00  INFO 26324 --- [buildings] [main] com.vva.buildings.Orenda                 : ID об'єкту порожній у рядку 2909, idOrenda: 74396
2025-07-06T13:39:03.039+03:00  INFO 26324 --- [buildings] [main] com.vva.buildings.Orenda                 : Building with ID 54967 not found in tabBuildings, idOrenda: 74508
2025-07-06T13:39:03.039+03:00  INFO 26324 --- [buildings] [main] com.vva.buildings.Orenda                 : ID об'єкту порожній у рядку 2911, idOrenda: 84095
2025-07-06T13:39:03.041+03:00  INFO 26324 --- [buildings] [main] com.vva.buildings.Orenda                 : ID об'єкту порожній у рядку 2929, idOrenda: 72045
2025-07-06T13:39:03.041+03:00  INFO 26324 --- [buildings] [main] com.vva.buildings.Orenda                 : ID об'єкту порожній у рядку 2931, idOrenda: 72048
2025-07-06T13:39:03.041+03:00  INFO 26324 --- [buildings] [main] com.vva.buildings.Orenda                 : Building with ID 0 not found in tabBuildings, idOrenda: 80875
2025-07-06T13:39:03.043+03:00  INFO 26324 --- [buildings] [main] com.vva.buildings.Orenda                 : Building with ID 49055 not found in tabBuildings, idOrenda: 80058
2025-07-06T13:39:03.046+03:00  INFO 26324 --- [buildings] [main] com.vva.buildings.Orenda                 : Building with ID 49145 not found in tabBuildings, idOrenda: 77840
2025-07-06T13:39:03.049+03:00  INFO 26324 --- [buildings] [main] com.vva.buildings.Orenda                 : ID об'єкту порожній у рядку 3011, idOrenda: 84968
2025-07-06T13:39:03.053+03:00  INFO 26324 --- [buildings] [main] com.vva.buildings.Orenda                 : ID об'єкту порожній у рядку 3046, idOrenda: 56489
2025-07-06T13:39:03.057+03:00  INFO 26324 --- [buildings] [main] com.vva.buildings.Orenda                 : Building with ID 49796 not found in tabBuildings, idOrenda: 46974
2025-07-06T13:39:03.061+03:00  INFO 26324 --- [buildings] [main] com.vva.buildings.Orenda                 : ID об'єкту порожній у рядку 3128, idOrenda: 63107
2025-07-06T13:39:03.062+03:00  INFO 26324 --- [buildings] [main] com.vva.buildings.Orenda                 : ID об'єкту порожній у рядку 3129, idOrenda: 46872
2025-07-06T13:39:03.062+03:00  INFO 26324 --- [buildings] [main] com.vva.buildings.Orenda                 : ID об'єкту порожній у рядку 3130, idOrenda: 54209
2025-07-06T13:39:03.062+03:00  INFO 26324 --- [buildings] [main] com.vva.buildings.Orenda                 : Building with ID 3166 not found in tabBuildings, idOrenda: 80545
2025-07-06T13:39:03.062+03:00  INFO 26324 --- [buildings] [main] com.vva.buildings.Orenda                 : ID об'єкту порожній у рядку 3137, idOrenda: 72785
2025-07-06T13:39:03.062+03:00  INFO 26324 --- [buildings] [main] com.vva.buildings.Orenda                 : ID об'єкту порожній у рядку 3138, idOrenda: 72803
2025-07-06T13:39:03.062+03:00  INFO 26324 --- [buildings] [main] com.vva.buildings.Orenda                 : ID об'єкту порожній у рядку 3139, idOrenda: 72769
2025-07-06T13:39:03.062+03:00  INFO 26324 --- [buildings] [main] com.vva.buildings.Orenda                 : ID об'єкту порожній у рядку 3140, idOrenda: 72772
2025-07-06T13:39:03.062+03:00  INFO 26324 --- [buildings] [main] com.vva.buildings.Orenda                 : ID об'єкту порожній у рядку 3141, idOrenda: 72765
2025-07-06T13:39:03.062+03:00  INFO 26324 --- [buildings] [main] com.vva.buildings.Orenda                 : ID об'єкту порожній у рядку 3142, idOrenda: 65996
2025-07-06T13:39:03.062+03:00  INFO 26324 --- [buildings] [main] com.vva.buildings.Orenda                 : ID об'єкту порожній у рядку 3143, idOrenda: 46668
2025-07-06T13:39:03.062+03:00  INFO 26324 --- [buildings] [main] com.vva.buildings.Orenda                 : ID об'єкту порожній у рядку 3144, idOrenda: 69213
2025-07-06T13:39:03.062+03:00  INFO 26324 --- [buildings] [main] com.vva.buildings.Orenda                 : ID об'єкту порожній у рядку 3145, idOrenda: 69215
2025-07-06T13:39:03.062+03:00  INFO 26324 --- [buildings] [main] com.vva.buildings.Orenda                 : ID об'єкту порожній у рядку 3146, idOrenda: 72773
2025-07-06T13:39:03.063+03:00  INFO 26324 --- [buildings] [main] com.vva.buildings.Orenda                 : ID об'єкту порожній у рядку 3147, idOrenda: 72780
2025-07-06T13:39:03.063+03:00  INFO 26324 --- [buildings] [main] com.vva.buildings.Orenda                 : ID об'єкту порожній у рядку 3153, idOrenda: 73877
2025-07-06T13:39:03.063+03:00  INFO 26324 --- [buildings] [main] com.vva.buildings.Orenda                 : ID об'єкту порожній у рядку 3154, idOrenda: 65328
2025-07-06T13:39:03.063+03:00  INFO 26324 --- [buildings] [main] com.vva.buildings.Orenda                 : ID об'єкту порожній у рядку 3155, idOrenda: 65329
2025-07-06T13:39:03.063+03:00  INFO 26324 --- [buildings] [main] com.vva.buildings.Orenda                 : ID об'єкту порожній у рядку 3156, idOrenda: 63207
2025-07-06T13:39:03.063+03:00  INFO 26324 --- [buildings] [main] com.vva.buildings.Orenda                 : ID об'єкту порожній у рядку 3157, idOrenda: 55148
2025-07-06T13:39:03.063+03:00  INFO 26324 --- [buildings] [main] com.vva.buildings.Orenda                 : ID об'єкту порожній у рядку 3158, idOrenda: 63670
2025-07-06T13:39:03.063+03:00  INFO 26324 --- [buildings] [main] com.vva.buildings.Orenda                 : ID об'єкту порожній у рядку 3159, idOrenda: 63690
2025-07-06T13:39:03.063+03:00  INFO 26324 --- [buildings] [main] com.vva.buildings.Orenda                 : ID об'єкту порожній у рядку 3160, idOrenda: 63691
2025-07-06T13:39:03.063+03:00  INFO 26324 --- [buildings] [main] com.vva.buildings.Orenda                 : ID об'єкту порожній у рядку 3161, idOrenda: 61100
2025-07-06T13:39:03.063+03:00  INFO 26324 --- [buildings] [main] com.vva.buildings.Orenda                 : ID об'єкту порожній у рядку 3162, idOrenda: 63982
2025-07-06T13:39:03.063+03:00  INFO 26324 --- [buildings] [main] com.vva.buildings.Orenda                 : ID об'єкту порожній у рядку 3163, idOrenda: 63983
2025-07-06T13:39:03.063+03:00  INFO 26324 --- [buildings] [main] com.vva.buildings.Orenda                 : ID об'єкту порожній у рядку 3164, idOrenda: 63204
2025-07-06T13:39:03.064+03:00  INFO 26324 --- [buildings] [main] com.vva.buildings.Orenda                 : ID об'єкту порожній у рядку 3166, idOrenda: 74191
2025-07-06T13:39:03.064+03:00  INFO 26324 --- [buildings] [main] com.vva.buildings.Orenda                 : ID об'єкту порожній у рядку 3167, idOrenda: 74192
2025-07-06T13:39:03.064+03:00  INFO 26324 --- [buildings] [main] com.vva.buildings.Orenda                 : ID об'єкту порожній у рядку 3168, idOrenda: 74193
2025-07-06T13:39:03.064+03:00  INFO 26324 --- [buildings] [main] com.vva.buildings.Orenda                 : Building with ID 0 not found in tabBuildings, idOrenda: 85295
2025-07-06T13:39:03.064+03:00  INFO 26324 --- [buildings] [main] com.vva.buildings.Orenda                 : ID об'єкту порожній у рядку 3175, idOrenda: 61645
2025-07-06T13:39:03.065+03:00  INFO 26324 --- [buildings] [main] com.vva.buildings.Orenda                 : Building with ID 0 not found in tabBuildings, idOrenda: 83841
2025-07-06T13:39:03.065+03:00  INFO 26324 --- [buildings] [main] com.vva.buildings.Orenda                 : Building with ID 0 not found in tabBuildings, idOrenda: 82750
2025-07-06T13:39:03.066+03:00  INFO 26324 --- [buildings] [main] com.vva.buildings.Orenda                 : Building with ID 0 not found in tabBuildings, idOrenda: 83494
2025-07-06T13:39:03.067+03:00  INFO 26324 --- [buildings] [main] com.vva.buildings.Orenda                 : Building with ID 14633 not found in tabBuildings, idOrenda: 77120
2025-07-06T13:39:03.068+03:00  INFO 26324 --- [buildings] [main] com.vva.buildings.Orenda                 : ID об'єкту порожній у рядку 3217, idOrenda: 43199
2025-07-06T13:39:03.070+03:00  INFO 26324 --- [buildings] [main] com.vva.buildings.Orenda                 : ID об'єкту порожній у рядку 3231, idOrenda: 77210
2025-07-06T13:39:03.082+03:00  INFO 26324 --- [buildings] [main] com.vva.buildings.Orenda                 : Building with ID 16080 not found in tabBuildings, idOrenda: 74172
2025-07-06T13:39:03.083+03:00  INFO 26324 --- [buildings] [main] com.vva.buildings.Orenda                 : Building with ID 16131 not found in tabBuildings, idOrenda: 53692
2025-07-06T13:39:03.089+03:00  INFO 26324 --- [buildings] [main] com.vva.buildings.Orenda                 : Building with ID 0 not found in tabBuildings, idOrenda: 80460
2025-07-06T13:39:03.089+03:00  INFO 26324 --- [buildings] [main] com.vva.buildings.Orenda                 : Building with ID 0 not found in tabBuildings, idOrenda: 80461
2025-07-06T13:39:03.089+03:00  INFO 26324 --- [buildings] [main] com.vva.buildings.Orenda                 : ID об'єкту порожній у рядку 3422, idOrenda: 79058
2025-07-06T13:39:03.090+03:00  INFO 26324 --- [buildings] [main] com.vva.buildings.Orenda                 : ID об'єкту порожній у рядку 3429, idOrenda: 77187
2025-07-06T13:39:03.090+03:00  INFO 26324 --- [buildings] [main] com.vva.buildings.Orenda                 : ID об'єкту порожній у рядку 3430, idOrenda: 79589
2025-07-06T13:39:03.090+03:00  INFO 26324 --- [buildings] [main] com.vva.buildings.Orenda                 : ID об'єкту порожній у рядку 3431, idOrenda: 79590
2025-07-06T13:39:03.090+03:00  INFO 26324 --- [buildings] [main] com.vva.buildings.Orenda                 : ID об'єкту порожній у рядку 3432, idOrenda: 79591
2025-07-06T13:39:03.090+03:00  INFO 26324 --- [buildings] [main] com.vva.buildings.Orenda                 : Building with ID 0 not found in tabBuildings, idOrenda: 70540
2025-07-06T13:39:03.090+03:00  INFO 26324 --- [buildings] [main] com.vva.buildings.Orenda                 : ID об'єкту порожній у рядку 3434, idOrenda: 78412
2025-07-06T13:39:03.090+03:00  INFO 26324 --- [buildings] [main] com.vva.buildings.Orenda                 : Building with ID 0 not found in tabBuildings, idOrenda: 69351
2025-07-06T13:39:03.090+03:00  INFO 26324 --- [buildings] [main] com.vva.buildings.Orenda                 : ID об'єкту порожній у рядку 3436, idOrenda: 69352
2025-07-06T13:39:03.090+03:00  INFO 26324 --- [buildings] [main] com.vva.buildings.Orenda                 : Building with ID 0 not found in tabBuildings, idOrenda: 69347
2025-07-06T13:39:03.090+03:00  INFO 26324 --- [buildings] [main] com.vva.buildings.Orenda                 : Building with ID 0 not found in tabBuildings, idOrenda: 62407
2025-07-06T13:39:03.091+03:00  INFO 26324 --- [buildings] [main] com.vva.buildings.Orenda                 : ID об'єкту порожній у рядку 3442, idOrenda: 69359
2025-07-06T13:39:03.091+03:00  INFO 26324 --- [buildings] [main] com.vva.buildings.Orenda                 : ID об'єкту порожній у рядку 3443, idOrenda: 69360
2025-07-06T13:39:03.091+03:00  INFO 26324 --- [buildings] [main] com.vva.buildings.Orenda                 : ID об'єкту порожній у рядку 3444, idOrenda: 69361
2025-07-06T13:39:03.091+03:00  INFO 26324 --- [buildings] [main] com.vva.buildings.Orenda                 : ID об'єкту порожній у рядку 3445, idOrenda: 62015
2025-07-06T13:39:03.093+03:00  INFO 26324 --- [buildings] [main] com.vva.buildings.Orenda                 : Building with ID 48236 not found in tabBuildings, idOrenda: 67476
2025-07-06T13:39:03.125+03:00  INFO 26324 --- [buildings] [main] com.vva.buildings.Orenda                 : Building with ID 48012 not found in tabBuildings, idOrenda: 80652
2025-07-06T13:39:03.128+03:00  INFO 26324 --- [buildings] [main] com.vva.buildings.Orenda                 : ID об'єкту порожній у рядку 3793, idOrenda: 72135
2025-07-06T13:39:03.128+03:00  INFO 26324 --- [buildings] [main] com.vva.buildings.Orenda                 : ID об'єкту порожній у рядку 3800, idOrenda: 75241
2025-07-06T13:39:03.145+03:00  INFO 26324 --- [buildings] [main] com.vva.buildings.Orenda                 : ID об'єкту порожній у рядку 3961, idOrenda: 79336
2025-07-06T13:39:03.149+03:00  INFO 26324 --- [buildings] [main] com.vva.buildings.Orenda                 : Building with ID 0 not found in tabBuildings, idOrenda: 85357
2025-07-06T13:39:03.150+03:00  INFO 26324 --- [buildings] [main] com.vva.buildings.Orenda                 : Building with ID 0 not found in tabBuildings, idOrenda: 85052
2025-07-06T13:39:03.150+03:00  INFO 26324 --- [buildings] [main] com.vva.buildings.Orenda                 : Building with ID 0 not found in tabBuildings, idOrenda: 73185
2025-07-06T13:39:03.151+03:00  INFO 26324 --- [buildings] [main] com.vva.buildings.Orenda                 : ID об'єкту порожній у рядку 4017, idOrenda: 47554
2025-07-06T13:39:03.151+03:00  INFO 26324 --- [buildings] [main] com.vva.buildings.Orenda                 : Building with ID 20248 not found in tabBuildings, idOrenda: 79098
2025-07-06T13:39:03.164+03:00  INFO 26324 --- [buildings] [main] com.vva.buildings.Orenda                 : Building with ID 18074 not found in tabBuildings, idOrenda: 81458
2025-07-06T13:39:03.168+03:00  INFO 26324 --- [buildings] [main] com.vva.buildings.Orenda                 : Building with ID 0 not found in tabBuildings, idOrenda: 73415
2025-07-06T13:39:03.172+03:00  INFO 26324 --- [buildings] [main] com.vva.buildings.Orenda                 : ID об'єкту порожній у рядку 4193, idOrenda: 72920
2025-07-06T13:39:03.172+03:00  INFO 26324 --- [buildings] [main] com.vva.buildings.Orenda                 : ID об'єкту порожній у рядку 4194, idOrenda: 72921
2025-07-06T13:39:03.172+03:00  INFO 26324 --- [buildings] [main] com.vva.buildings.Orenda                 : ID об'єкту порожній у рядку 4195, idOrenda: 72922
2025-07-06T13:39:03.172+03:00  INFO 26324 --- [buildings] [main] com.vva.buildings.Orenda                 : ID об'єкту порожній у рядку 4196, idOrenda: 69896
2025-07-06T13:39:03.172+03:00  INFO 26324 --- [buildings] [main] com.vva.buildings.Orenda                 : ID об'єкту порожній у рядку 4197, idOrenda: 69794
2025-07-06T13:39:03.172+03:00  INFO 26324 --- [buildings] [main] com.vva.buildings.Orenda                 : ID об'єкту порожній у рядку 4198, idOrenda: 69805
2025-07-06T13:39:03.172+03:00  INFO 26324 --- [buildings] [main] com.vva.buildings.Orenda                 : ID об'єкту порожній у рядку 4199, idOrenda: 65566
2025-07-06T13:39:03.172+03:00  INFO 26324 --- [buildings] [main] com.vva.buildings.Orenda                 : ID об'єкту порожній у рядку 4200, idOrenda: 65574
2025-07-06T13:39:03.172+03:00  INFO 26324 --- [buildings] [main] com.vva.buildings.Orenda                 : ID об'єкту порожній у рядку 4201, idOrenda: 65592
2025-07-06T13:39:03.172+03:00  INFO 26324 --- [buildings] [main] com.vva.buildings.Orenda                 : ID об'єкту порожній у рядку 4202, idOrenda: 65596
2025-07-06T13:39:03.172+03:00  INFO 26324 --- [buildings] [main] com.vva.buildings.Orenda                 : ID об'єкту порожній у рядку 4203, idOrenda: 65598
2025-07-06T13:39:03.172+03:00  INFO 26324 --- [buildings] [main] com.vva.buildings.Orenda                 : ID об'єкту порожній у рядку 4204, idOrenda: 65599
2025-07-06T13:39:03.172+03:00  INFO 26324 --- [buildings] [main] com.vva.buildings.Orenda                 : ID об'єкту порожній у рядку 4205, idOrenda: 65600
2025-07-06T13:39:03.172+03:00  INFO 26324 --- [buildings] [main] com.vva.buildings.Orenda                 : ID об'єкту порожній у рядку 4206, idOrenda: 65602
2025-07-06T13:39:03.172+03:00  INFO 26324 --- [buildings] [main] com.vva.buildings.Orenda                 : ID об'єкту порожній у рядку 4207, idOrenda: 65603
2025-07-06T13:39:03.172+03:00  INFO 26324 --- [buildings] [main] com.vva.buildings.Orenda                 : ID об'єкту порожній у рядку 4208, idOrenda: 65611
2025-07-06T13:39:03.172+03:00  INFO 26324 --- [buildings] [main] com.vva.buildings.Orenda                 : ID об'єкту порожній у рядку 4209, idOrenda: 65617
2025-07-06T13:39:03.172+03:00  INFO 26324 --- [buildings] [main] com.vva.buildings.Orenda                 : ID об'єкту порожній у рядку 4210, idOrenda: 65623
2025-07-06T13:39:03.172+03:00  INFO 26324 --- [buildings] [main] com.vva.buildings.Orenda                 : ID об'єкту порожній у рядку 4211, idOrenda: 65626
2025-07-06T13:39:03.172+03:00  INFO 26324 --- [buildings] [main] com.vva.buildings.Orenda                 : ID об'єкту порожній у рядку 4212, idOrenda: 65636
2025-07-06T13:39:03.172+03:00  INFO 26324 --- [buildings] [main] com.vva.buildings.Orenda                 : ID об'єкту порожній у рядку 4213, idOrenda: 65637
2025-07-06T13:39:03.172+03:00  INFO 26324 --- [buildings] [main] com.vva.buildings.Orenda                 : ID об'єкту порожній у рядку 4214, idOrenda: 65638
2025-07-06T13:39:03.173+03:00  INFO 26324 --- [buildings] [main] com.vva.buildings.Orenda                 : ID об'єкту порожній у рядку 4215, idOrenda: 65639
2025-07-06T13:39:03.173+03:00  INFO 26324 --- [buildings] [main] com.vva.buildings.Orenda                 : ID об'єкту порожній у рядку 4216, idOrenda: 65644
2025-07-06T13:39:03.173+03:00  INFO 26324 --- [buildings] [main] com.vva.buildings.Orenda                 : ID об'єкту порожній у рядку 4217, idOrenda: 65645
2025-07-06T13:39:03.173+03:00  INFO 26324 --- [buildings] [main] com.vva.buildings.Orenda                 : ID об'єкту порожній у рядку 4218, idOrenda: 65649
2025-07-06T13:39:03.173+03:00  INFO 26324 --- [buildings] [main] com.vva.buildings.Orenda                 : ID об'єкту порожній у рядку 4219, idOrenda: 65650
2025-07-06T13:39:03.173+03:00  INFO 26324 --- [buildings] [main] com.vva.buildings.Orenda                 : ID об'єкту порожній у рядку 4220, idOrenda: 65651
2025-07-06T13:39:03.173+03:00  INFO 26324 --- [buildings] [main] com.vva.buildings.Orenda                 : ID об'єкту порожній у рядку 4221, idOrenda: 65652
2025-07-06T13:39:03.173+03:00  INFO 26324 --- [buildings] [main] com.vva.buildings.Orenda                 : ID об'єкту порожній у рядку 4222, idOrenda: 65653
2025-07-06T13:39:03.173+03:00  INFO 26324 --- [buildings] [main] com.vva.buildings.Orenda                 : ID об'єкту порожній у рядку 4223, idOrenda: 63422
2025-07-06T13:39:03.173+03:00  INFO 26324 --- [buildings] [main] com.vva.buildings.Orenda                 : ID об'єкту порожній у рядку 4224, idOrenda: 63424
2025-07-06T13:39:03.173+03:00  INFO 26324 --- [buildings] [main] com.vva.buildings.Orenda                 : ID об'єкту порожній у рядку 4225, idOrenda: 69599
2025-07-06T13:39:03.173+03:00  INFO 26324 --- [buildings] [main] com.vva.buildings.Orenda                 : ID об'єкту порожній у рядку 4226, idOrenda: 69600
2025-07-06T13:39:03.173+03:00  INFO 26324 --- [buildings] [main] com.vva.buildings.Orenda                 : Building with ID 44562 not found in tabBuildings, idOrenda: 82666
2025-07-06T13:39:03.173+03:00  INFO 26324 --- [buildings] [main] com.vva.buildings.Orenda                 : Building with ID 44562 not found in tabBuildings, idOrenda: 77642
2025-07-06T13:39:03.173+03:00  INFO 26324 --- [buildings] [main] com.vva.buildings.Orenda                 : Building with ID 44562 not found in tabBuildings, idOrenda: 72140
2025-07-06T13:39:03.176+03:00  INFO 26324 --- [buildings] [main] com.vva.buildings.Orenda                 : Building with ID 0 not found in tabBuildings, idOrenda: 85392
2025-07-06T13:39:03.181+03:00  INFO 26324 --- [buildings] [main] com.vva.buildings.Orenda                 : Building with ID 0 not found in tabBuildings, idOrenda: 77752
2025-07-06T13:39:03.182+03:00  INFO 26324 --- [buildings] [main] com.vva.buildings.Orenda                 : Building with ID 14600 not found in tabBuildings, idOrenda: 78329
2025-07-06T13:39:03.183+03:00  INFO 26324 --- [buildings] [main] com.vva.buildings.Orenda                 : Building with ID 14600 not found in tabBuildings, idOrenda: 73350
2025-07-06T13:39:03.183+03:00  INFO 26324 --- [buildings] [main] com.vva.buildings.Orenda                 : Building with ID 14600 not found in tabBuildings, idOrenda: 73352
2025-07-06T13:39:03.184+03:00  INFO 26324 --- [buildings] [main] com.vva.buildings.Orenda                 : Building with ID 61486 not found in tabBuildings, idOrenda: 84763
2025-07-06T13:39:03.185+03:00  INFO 26324 --- [buildings] [main] com.vva.buildings.Orenda                 : Building with ID 49848 not found in tabBuildings, idOrenda: 78886
2025-07-06T13:39:03.186+03:00  INFO 26324 --- [buildings] [main] com.vva.buildings.Orenda                 : ID об'єкту порожній у рядку 4370, idOrenda: 84250
2025-07-06T13:39:03.186+03:00  INFO 26324 --- [buildings] [main] com.vva.buildings.Orenda                 : ID об'єкту порожній у рядку 4371, idOrenda: 84251
2025-07-06T13:39:03.186+03:00  INFO 26324 --- [buildings] [main] com.vva.buildings.Orenda                 : ID об'єкту порожній у рядку 4372, idOrenda: 84252
2025-07-06T13:39:03.186+03:00  INFO 26324 --- [buildings] [main] com.vva.buildings.Orenda                 : ID об'єкту порожній у рядку 4373, idOrenda: 84253
2025-07-06T13:39:03.186+03:00  INFO 26324 --- [buildings] [main] com.vva.buildings.Orenda                 : ID об'єкту порожній у рядку 4374, idOrenda: 84254
2025-07-06T13:39:03.186+03:00  INFO 26324 --- [buildings] [main] com.vva.buildings.Orenda                 : Building with ID 14600 not found in tabBuildings, idOrenda: 84259
2025-07-06T13:39:03.193+03:00  INFO 26324 --- [buildings] [main] com.vva.buildings.Orenda                 : Building with ID 49846 not found in tabBuildings, idOrenda: 81142
2025-07-06T13:39:03.193+03:00  INFO 26324 --- [buildings] [main] com.vva.buildings.Orenda                 : Building with ID 49846 not found in tabBuildings, idOrenda: 82290
2025-07-06T13:39:03.193+03:00  INFO 26324 --- [buildings] [main] com.vva.buildings.Orenda                 : Building with ID 49846 not found in tabBuildings, idOrenda: 82314
2025-07-06T13:39:03.194+03:00  INFO 26324 --- [buildings] [main] com.vva.buildings.Orenda                 : Building with ID 49846 not found in tabBuildings, idOrenda: 81888
2025-07-06T13:39:03.194+03:00  INFO 26324 --- [buildings] [main] com.vva.buildings.Orenda                 : Building with ID 49846 not found in tabBuildings, idOrenda: 84047
2025-07-06T13:39:03.195+03:00  INFO 26324 --- [buildings] [main] com.vva.buildings.Orenda                 : Building with ID 3152 not found in tabBuildings, idOrenda: 83894
2025-07-06T13:39:03.195+03:00  INFO 26324 --- [buildings] [main] com.vva.buildings.Orenda                 : Building with ID 49846 not found in tabBuildings, idOrenda: 83243
2025-07-06T13:39:03.195+03:00  INFO 26324 --- [buildings] [main] com.vva.buildings.Orenda                 : Building with ID 49846 not found in tabBuildings, idOrenda: 83244
2025-07-06T13:39:03.196+03:00  INFO 26324 --- [buildings] [main] com.vva.buildings.Orenda                 : Building with ID 49846 not found in tabBuildings, idOrenda: 83545
2025-07-06T13:39:03.196+03:00  INFO 26324 --- [buildings] [main] com.vva.buildings.Orenda                 : Building with ID 49846 not found in tabBuildings, idOrenda: 83024
2025-07-06T13:39:03.196+03:00  INFO 26324 --- [buildings] [main] com.vva.buildings.Orenda                 : Building with ID 49846 not found in tabBuildings, idOrenda: 83025
2025-07-06T13:39:03.196+03:00  INFO 26324 --- [buildings] [main] com.vva.buildings.Orenda                 : Building with ID 49846 not found in tabBuildings, idOrenda: 82809
2025-07-06T13:39:03.199+03:00  INFO 26324 --- [buildings] [main] com.vva.buildings.Orenda                 : ID об'єкту порожній у рядку 4502, idOrenda: 73876
2025-07-06T13:39:03.211+03:00  INFO 26324 --- [buildings] [main] com.vva.buildings.Orenda                 : ID об'єкту порожній у рядку 4615, idOrenda: 84262
2025-07-06T13:39:03.211+03:00  INFO 26324 --- [buildings] [main] com.vva.buildings.Orenda                 : ID об'єкту порожній у рядку 4616, idOrenda: 84243
2025-07-06T13:39:03.231+03:00  INFO 26324 --- [buildings] [main] com.vva.buildings.Orenda                 : ID об'єкту порожній у рядку 4795, idOrenda: 84258
2025-07-06T13:39:03.231+03:00  INFO 26324 --- [buildings] [main] com.vva.buildings.Orenda                 : ID об'єкту порожній у рядку 4796, idOrenda: 84255
2025-07-06T13:39:03.231+03:00  INFO 26324 --- [buildings] [main] com.vva.buildings.Orenda                 : ID об'єкту порожній у рядку 4797, idOrenda: 84246
2025-07-06T13:39:03.231+03:00  INFO 26324 --- [buildings] [main] com.vva.buildings.Orenda                 : ID об'єкту порожній у рядку 4798, idOrenda: 84273
2025-07-06T13:39:03.252+03:00  INFO 26324 --- [buildings] [main] com.vva.buildings.Orenda                 : ID об'єкту порожній у рядку 4997, idOrenda: 84232
2025-07-06T13:39:03.264+03:00  INFO 26324 --- [buildings] [main] com.vva.buildings.Orenda                 : Building with ID 0 not found in tabBuildings, idOrenda: 82583
2025-07-06T13:39:03.271+03:00  INFO 26324 --- [buildings] [main] com.vva.buildings.Orenda                 : Building with ID 25678 not found in tabBuildings, idOrenda: 71264
2025-07-06T13:39:03.277+03:00  INFO 26324 --- [buildings] [main] com.vva.buildings.Orenda                 : Building with ID 0 not found in tabBuildings, idOrenda: 84965
2025-07-06T13:39:03.278+03:00  INFO 26324 --- [buildings] [main] com.vva.buildings.Orenda                 : Building with ID 0 not found in tabBuildings, idOrenda: 85402
2025-07-06T13:39:03.288+03:00  INFO 26324 --- [buildings] [main] com.vva.buildings.Orenda                 : Building with ID 453370 not found in tabBuildings, idOrenda: 83616
2025-07-06T13:39:03.310+03:00  INFO 26324 --- [buildings] [main] com.vva.buildings.Orenda                 : Building with ID 0 not found in tabBuildings, idOrenda: 85258
2025-07-06T13:39:03.310+03:00  INFO 26324 --- [buildings] [main] com.vva.buildings.Orenda                 : Building with ID 0 not found in tabBuildings, idOrenda: 85259
2025-07-06T13:39:03.319+03:00  INFO 26324 --- [buildings] [main] com.vva.buildings.Orenda                 : Building with ID 47635 not found in tabBuildings, idOrenda: 78216
2025-07-06T13:39:03.330+03:00  INFO 26324 --- [buildings] [main] com.vva.buildings.Orenda                 : Building with ID 51302 not found in tabBuildings, idOrenda: 83581
2025-07-06T13:39:03.336+03:00  INFO 26324 --- [buildings] [main] com.vva.buildings.Orenda                 : ID об'єкту порожній у рядку 5796, idOrenda: 79076
2025-07-06T13:39:03.336+03:00  INFO 26324 --- [buildings] [main] com.vva.buildings.Orenda                 : Building with ID 51288 not found in tabBuildings, idOrenda: 81321
2025-07-06T13:39:03.338+03:00  INFO 26324 --- [buildings] [main] com.vva.buildings.Orenda                 : Building with ID 0 not found in tabBuildings, idOrenda: 81959
2025-07-06T13:39:03.346+03:00  INFO 26324 --- [buildings] [main] com.vva.buildings.Orenda                 : Building with ID 0 not found in tabBuildings, idOrenda: 74452
2025-07-06T13:39:03.349+03:00  INFO 26324 --- [buildings] [main] com.vva.buildings.Orenda                 : Building with ID 51250 not found in tabBuildings, idOrenda: 71070
2025-07-06T13:39:03.354+03:00  INFO 26324 --- [buildings] [main] com.vva.buildings.Orenda                 : Building with ID 51410 not found in tabBuildings, idOrenda: 71241
2025-07-06T13:39:03.354+03:00  INFO 26324 --- [buildings] [main] com.vva.buildings.Orenda                 : Building with ID 0 not found in tabBuildings, idOrenda: 75661
2025-07-06T13:39:03.362+03:00  INFO 26324 --- [buildings] [main] com.vva.buildings.Orenda                 : Building with ID 0 not found in tabBuildings, idOrenda: 85030
2025-07-06T13:39:03.366+03:00  INFO 26324 --- [buildings] [main] com.vva.buildings.Orenda                 : Building with ID 0 not found in tabBuildings, idOrenda: 84442
2025-07-06T13:39:03.377+03:00  INFO 26324 --- [buildings] [main] com.vva.buildings.Orenda                 : Building with ID 18001 not found in tabBuildings, idOrenda: 85331
2025-07-06T13:39:03.380+03:00  INFO 26324 --- [buildings] [main] com.vva.buildings.Orenda                 : Building with ID 51006 not found in tabBuildings, idOrenda: 79642
2025-07-06T13:39:03.381+03:00  INFO 26324 --- [buildings] [main] com.vva.buildings.Orenda                 : Building with ID 51006 not found in tabBuildings, idOrenda: 80024
2025-07-06T13:39:03.382+03:00  INFO 26324 --- [buildings] [main] com.vva.buildings.Orenda                 : Building with ID 51006 not found in tabBuildings, idOrenda: 81730
2025-07-06T13:39:03.390+03:00  INFO 26324 --- [buildings] [main] com.vva.buildings.Orenda                 : Building with ID 51006 not found in tabBuildings, idOrenda: 79033
2025-07-06T13:39:03.390+03:00  INFO 26324 --- [buildings] [main] com.vva.buildings.Orenda                 : Building with ID 51006 not found in tabBuildings, idOrenda: 84029
2025-07-06T13:39:03.393+03:00  INFO 26324 --- [buildings] [main] com.vva.buildings.Orenda                 : Building with ID 51006 not found in tabBuildings, idOrenda: 83519
2025-07-06T13:39:03.396+03:00  INFO 26324 --- [buildings] [main] com.vva.buildings.Orenda                 : Building with ID 51006 not found in tabBuildings, idOrenda: 83063
2025-07-06T13:39:03.398+03:00  INFO 26324 --- [buildings] [main] com.vva.buildings.Orenda                 : Building with ID 51006 not found in tabBuildings, idOrenda: 82591
2025-07-06T13:39:03.402+03:00  INFO 26324 --- [buildings] [main] com.vva.buildings.Orenda                 : Building with ID 53273 not found in tabBuildings, idOrenda: 83625
2025-07-06T13:39:03.407+03:00  INFO 26324 --- [buildings] [main] com.vva.buildings.Orenda                 : Building with ID 53841 not found in tabBuildings, idOrenda: 81550
2025-07-06T13:39:03.408+03:00  INFO 26324 --- [buildings] [main] com.vva.buildings.Orenda                 : Building with ID 58530 not found in tabBuildings, idOrenda: 81566
2025-07-06T13:39:03.409+03:00  INFO 26324 --- [buildings] [main] com.vva.buildings.Orenda                 : Building with ID 53028 not found in tabBuildings, idOrenda: 81527
2025-07-06T13:39:03.411+03:00  INFO 26324 --- [buildings] [main] com.vva.buildings.Orenda                 : Building with ID 53991 not found in tabBuildings, idOrenda: 81294
2025-07-06T13:39:03.417+03:00  INFO 26324 --- [buildings] [main] com.vva.buildings.Orenda                 : Building with ID 53871 not found in tabBuildings, idOrenda: 81641
2025-07-06T13:39:03.418+03:00  INFO 26324 --- [buildings] [main] com.vva.buildings.Orenda                 : Building with ID 53055 not found in tabBuildings, idOrenda: 81745
2025-07-06T13:39:03.419+03:00  INFO 26324 --- [buildings] [main] com.vva.buildings.Orenda                 : Building with ID 58540 not found in tabBuildings, idOrenda: 81987
2025-07-06T13:39:03.420+03:00  INFO 26324 --- [buildings] [main] com.vva.buildings.Orenda                 : Building with ID 53396 not found in tabBuildings, idOrenda: 82006
2025-07-06T13:39:03.420+03:00  INFO 26324 --- [buildings] [main] com.vva.buildings.Orenda                 : Building with ID 52831 not found in tabBuildings, idOrenda: 82000
2025-07-06T13:39:03.424+03:00  INFO 26324 --- [buildings] [main] com.vva.buildings.Orenda                 : Building with ID 53554 not found in tabBuildings, idOrenda: 68955
2025-07-06T13:39:03.425+03:00  INFO 26324 --- [buildings] [main] com.vva.buildings.Orenda                 : Building with ID 53240 not found in tabBuildings, idOrenda: 69049
2025-07-06T13:39:03.425+03:00  INFO 26324 --- [buildings] [main] com.vva.buildings.Orenda                 : Building with ID 53240 not found in tabBuildings, idOrenda: 69050
2025-07-06T13:39:03.425+03:00  INFO 26324 --- [buildings] [main] com.vva.buildings.Orenda                 : Building with ID 54034 not found in tabBuildings, idOrenda: 69060
2025-07-06T13:39:03.429+03:00  INFO 26324 --- [buildings] [main] com.vva.buildings.Orenda                 : Building with ID 0 not found in tabBuildings, idOrenda: 80894
2025-07-06T13:39:03.429+03:00  INFO 26324 --- [buildings] [main] com.vva.buildings.Orenda                 : Building with ID 54034 not found in tabBuildings, idOrenda: 77807
2025-07-06T13:39:03.430+03:00  INFO 26324 --- [buildings] [main] com.vva.buildings.Orenda                 : Building with ID 52977 not found in tabBuildings, idOrenda: 78468
2025-07-06T13:39:03.431+03:00  INFO 26324 --- [buildings] [main] com.vva.buildings.Orenda                 : Building with ID 0 not found in tabBuildings, idOrenda: 78569
2025-07-06T13:39:03.432+03:00  INFO 26324 --- [buildings] [main] com.vva.buildings.Orenda                 : Building with ID 53959 not found in tabBuildings, idOrenda: 68849
2025-07-06T13:39:03.433+03:00  INFO 26324 --- [buildings] [main] com.vva.buildings.Orenda                 : Building with ID 53431 not found in tabBuildings, idOrenda: 68904
2025-07-06T13:39:03.435+03:00  INFO 26324 --- [buildings] [main] com.vva.buildings.Orenda                 : Building with ID 53240 not found in tabBuildings, idOrenda: 69678
2025-07-06T13:39:03.440+03:00  INFO 26324 --- [buildings] [main] com.vva.buildings.Orenda                 : Building with ID 0 not found in tabBuildings, idOrenda: 85288
2025-07-06T13:39:03.440+03:00  INFO 26324 --- [buildings] [main] com.vva.buildings.Orenda                 : Building with ID 0 not found in tabBuildings, idOrenda: 85304
2025-07-06T13:39:03.440+03:00  INFO 26324 --- [buildings] [main] com.vva.buildings.Orenda                 : Building with ID 0 not found in tabBuildings, idOrenda: 85305
2025-07-06T13:39:03.440+03:00  INFO 26324 --- [buildings] [main] com.vva.buildings.Orenda                 : Building with ID 0 not found in tabBuildings, idOrenda: 85306
2025-07-06T13:39:03.440+03:00  INFO 26324 --- [buildings] [main] com.vva.buildings.Orenda                 : Building with ID 0 not found in tabBuildings, idOrenda: 85308
2025-07-06T13:39:03.440+03:00  INFO 26324 --- [buildings] [main] com.vva.buildings.Orenda                 : Building with ID 0 not found in tabBuildings, idOrenda: 85309
2025-07-06T13:39:03.440+03:00  INFO 26324 --- [buildings] [main] com.vva.buildings.Orenda                 : Building with ID 0 not found in tabBuildings, idOrenda: 85311
2025-07-06T13:39:03.440+03:00  INFO 26324 --- [buildings] [main] com.vva.buildings.Orenda                 : Building with ID 0 not found in tabBuildings, idOrenda: 85315
2025-07-06T13:39:03.440+03:00  INFO 26324 --- [buildings] [main] com.vva.buildings.Orenda                 : Building with ID 0 not found in tabBuildings, idOrenda: 85230
2025-07-06T13:39:03.440+03:00  INFO 26324 --- [buildings] [main] com.vva.buildings.Orenda                 : Building with ID 0 not found in tabBuildings, idOrenda: 85231
2025-07-06T13:39:03.441+03:00  INFO 26324 --- [buildings] [main] com.vva.buildings.Orenda                 : ID об'єкту порожній у рядку 6811, idOrenda: 85232
2025-07-06T13:39:03.441+03:00  INFO 26324 --- [buildings] [main] com.vva.buildings.Orenda                 : ID об'єкту порожній у рядку 6812, idOrenda: 85223
2025-07-06T13:39:03.441+03:00  INFO 26324 --- [buildings] [main] com.vva.buildings.Orenda                 : Building with ID 0 not found in tabBuildings, idOrenda: 85234
2025-07-06T13:39:03.441+03:00  INFO 26324 --- [buildings] [main] com.vva.buildings.Orenda                 : Building with ID 0 not found in tabBuildings, idOrenda: 85235
2025-07-06T13:39:03.441+03:00  INFO 26324 --- [buildings] [main] com.vva.buildings.Orenda                 : Building with ID 0 not found in tabBuildings, idOrenda: 85236
2025-07-06T13:39:03.441+03:00  INFO 26324 --- [buildings] [main] com.vva.buildings.Orenda                 : Building with ID 0 not found in tabBuildings, idOrenda: 85237
2025-07-06T13:39:03.441+03:00  INFO 26324 --- [buildings] [main] com.vva.buildings.Orenda                 : Building with ID 0 not found in tabBuildings, idOrenda: 85238
2025-07-06T13:39:03.441+03:00  INFO 26324 --- [buildings] [main] com.vva.buildings.Orenda                 : Building with ID 0 not found in tabBuildings, idOrenda: 85239
2025-07-06T13:39:03.441+03:00  INFO 26324 --- [buildings] [main] com.vva.buildings.Orenda                 : Building with ID 0 not found in tabBuildings, idOrenda: 85240
2025-07-06T13:39:03.441+03:00  INFO 26324 --- [buildings] [main] com.vva.buildings.Orenda                 : ID об'єкту порожній у рядку 6820, idOrenda: 85241
2025-07-06T13:39:03.441+03:00  INFO 26324 --- [buildings] [main] com.vva.buildings.Orenda                 : Building with ID 0 not found in tabBuildings, idOrenda: 85242
2025-07-06T13:39:03.441+03:00  INFO 26324 --- [buildings] [main] com.vva.buildings.Orenda                 : Building with ID 0 not found in tabBuildings, idOrenda: 85243
2025-07-06T13:39:03.441+03:00  INFO 26324 --- [buildings] [main] com.vva.buildings.Orenda                 : ID об'єкту порожній у рядку 6823, idOrenda: 85245
2025-07-06T13:39:03.441+03:00  INFO 26324 --- [buildings] [main] com.vva.buildings.Orenda                 : Building with ID 0 not found in tabBuildings, idOrenda: 85246
2025-07-06T13:39:03.441+03:00  INFO 26324 --- [buildings] [main] com.vva.buildings.Orenda                 : Building with ID 0 not found in tabBuildings, idOrenda: 85247
2025-07-06T13:39:03.441+03:00  INFO 26324 --- [buildings] [main] com.vva.buildings.Orenda                 : Building with ID 0 not found in tabBuildings, idOrenda: 85249
2025-07-06T13:39:03.441+03:00  INFO 26324 --- [buildings] [main] com.vva.buildings.Orenda                 : Building with ID 0 not found in tabBuildings, idOrenda: 85251
2025-07-06T13:39:03.441+03:00  INFO 26324 --- [buildings] [main] com.vva.buildings.Orenda                 : Building with ID 0 not found in tabBuildings, idOrenda: 85252
2025-07-06T13:39:03.441+03:00  INFO 26324 --- [buildings] [main] com.vva.buildings.Orenda                 : Building with ID 0 not found in tabBuildings, idOrenda: 85139
2025-07-06T13:39:03.441+03:00  INFO 26324 --- [buildings] [main] com.vva.buildings.Orenda                 : Building with ID 0 not found in tabBuildings, idOrenda: 85161
2025-07-06T13:39:03.441+03:00  INFO 26324 --- [buildings] [main] com.vva.buildings.Orenda                 : Building with ID 0 not found in tabBuildings, idOrenda: 85162
2025-07-06T13:39:03.441+03:00  INFO 26324 --- [buildings] [main] com.vva.buildings.Orenda                 : Building with ID 0 not found in tabBuildings, idOrenda: 85154
2025-07-06T13:39:03.441+03:00  INFO 26324 --- [buildings] [main] com.vva.buildings.Orenda                 : Building with ID 0 not found in tabBuildings, idOrenda: 85166
2025-07-06T13:39:03.441+03:00  INFO 26324 --- [buildings] [main] com.vva.buildings.Orenda                 : Building with ID 0 not found in tabBuildings, idOrenda: 85167
2025-07-06T13:39:03.441+03:00  INFO 26324 --- [buildings] [main] com.vva.buildings.Orenda                 : Building with ID 0 not found in tabBuildings, idOrenda: 85159
2025-07-06T13:39:03.441+03:00  INFO 26324 --- [buildings] [main] com.vva.buildings.Orenda                 : Building with ID 0 not found in tabBuildings, idOrenda: 85170
2025-07-06T13:39:03.441+03:00  INFO 26324 --- [buildings] [main] com.vva.buildings.Orenda                 : Building with ID 0 not found in tabBuildings, idOrenda: 85175
2025-07-06T13:39:03.441+03:00  INFO 26324 --- [buildings] [main] com.vva.buildings.Orenda                 : Building with ID 0 not found in tabBuildings, idOrenda: 85176
2025-07-06T13:39:03.441+03:00  INFO 26324 --- [buildings] [main] com.vva.buildings.Orenda                 : Building with ID 0 not found in tabBuildings, idOrenda: 85177
2025-07-06T13:39:03.442+03:00  INFO 26324 --- [buildings] [main] com.vva.buildings.Orenda                 : Building with ID 0 not found in tabBuildings, idOrenda: 85172
2025-07-06T13:39:03.442+03:00  INFO 26324 --- [buildings] [main] com.vva.buildings.Orenda                 : Building with ID 0 not found in tabBuildings, idOrenda: 85173
2025-07-06T13:39:03.442+03:00  INFO 26324 --- [buildings] [main] com.vva.buildings.Orenda                 : Building with ID 0 not found in tabBuildings, idOrenda: 85179
2025-07-06T13:39:03.442+03:00  INFO 26324 --- [buildings] [main] com.vva.buildings.Orenda                 : Building with ID 0 not found in tabBuildings, idOrenda: 85180
2025-07-06T13:39:03.442+03:00  INFO 26324 --- [buildings] [main] com.vva.buildings.Orenda                 : Building with ID 0 not found in tabBuildings, idOrenda: 85031
2025-07-06T13:39:03.442+03:00  INFO 26324 --- [buildings] [main] com.vva.buildings.Orenda                 : Building with ID 0 not found in tabBuildings, idOrenda: 84949
2025-07-06T13:39:03.442+03:00  INFO 26324 --- [buildings] [main] com.vva.buildings.Orenda                 : Building with ID 0 not found in tabBuildings, idOrenda: 84943
2025-07-06T13:39:03.442+03:00  INFO 26324 --- [buildings] [main] com.vva.buildings.Orenda                 : Building with ID 0 not found in tabBuildings, idOrenda: 84944
2025-07-06T13:39:03.442+03:00  INFO 26324 --- [buildings] [main] com.vva.buildings.Orenda                 : Building with ID 0 not found in tabBuildings, idOrenda: 84945
2025-07-06T13:39:03.442+03:00  INFO 26324 --- [buildings] [main] com.vva.buildings.Orenda                 : ID об'єкту порожній у рядку 6851, idOrenda: 84231
2025-07-06T13:39:03.442+03:00  INFO 26324 --- [buildings] [main] com.vva.buildings.Orenda                 : Building with ID 0 not found in tabBuildings, idOrenda: 84219
2025-07-06T13:39:03.443+03:00  INFO 26324 --- [buildings] [main] com.vva.buildings.Orenda                 : Building with ID 0 not found in tabBuildings, idOrenda: 84365
2025-07-06T13:39:03.443+03:00  INFO 26324 --- [buildings] [main] com.vva.buildings.Orenda                 : ID об'єкту порожній у рядку 6860, idOrenda: 84614
2025-07-06T13:39:03.443+03:00  INFO 26324 --- [buildings] [main] com.vva.buildings.Orenda                 : Building with ID 0 not found in tabBuildings, idOrenda: 84615
2025-07-06T13:39:03.443+03:00  INFO 26324 --- [buildings] [main] com.vva.buildings.Orenda                 : Building with ID 0 not found in tabBuildings, idOrenda: 84618
2025-07-06T13:39:03.444+03:00  INFO 26324 --- [buildings] [main] com.vva.buildings.Orenda                 : Building with ID 58330 not found in tabBuildings, idOrenda: 79194
2025-07-06T13:39:03.444+03:00  INFO 26324 --- [buildings] [main] com.vva.buildings.Orenda                 : Building with ID 53051 not found in tabBuildings, idOrenda: 67607
2025-07-06T13:39:03.444+03:00  INFO 26324 --- [buildings] [main] com.vva.buildings.Orenda                 : Building with ID 58534 not found in tabBuildings, idOrenda: 67564
2025-07-06T13:39:03.444+03:00  INFO 26324 --- [buildings] [main] com.vva.buildings.Orenda                 : Building with ID 58545 not found in tabBuildings, idOrenda: 67566
2025-07-06T13:39:03.476+03:00  INFO 26324 --- [buildings] [main] com.vva.buildings.Orenda                 : Building with ID 40000 not found in tabBuildings, idOrenda: 82348
2025-07-06T13:39:03.480+03:00  INFO 26324 --- [buildings] [main] com.vva.buildings.Orenda                 : Building with ID 40000 not found in tabBuildings, idOrenda: 70195
2025-07-06T13:39:03.482+03:00  INFO 26324 --- [buildings] [main] com.vva.buildings.Orenda                 : Building with ID 40000 not found in tabBuildings, idOrenda: 70218
2025-07-06T13:39:03.486+03:00  INFO 26324 --- [buildings] [main] com.vva.buildings.Orenda                 : Building with ID 0 not found in tabBuildings, idOrenda: 85399
2025-07-06T13:39:03.486+03:00  INFO 26324 --- [buildings] [main] com.vva.buildings.Orenda                 : Building with ID 0 not found in tabBuildings, idOrenda: 85301
2025-07-06T13:39:03.486+03:00  INFO 26324 --- [buildings] [main] com.vva.buildings.Orenda                 : ID об'єкту порожній у рядку 7293, idOrenda: 85302
2025-07-06T13:39:03.486+03:00  INFO 26324 --- [buildings] [main] com.vva.buildings.Orenda                 : Building with ID 0 not found in tabBuildings, idOrenda: 85334
2025-07-06T13:39:03.495+03:00  INFO 26324 --- [buildings] [main] com.vva.buildings.Orenda                 : ID об'єкту порожній у рядку 7373, idOrenda: 85408
2025-07-06T13:39:03.495+03:00  INFO 26324 --- [buildings] [main] com.vva.buildings.Orenda                 : Building with ID 0 not found in tabBuildings, idOrenda: 85380
2025-07-06T13:39:03.503+03:00  INFO 26324 --- [buildings] [main] com.vva.buildings.Orenda                 : ID об'єкту порожній у рядку 7447, idOrenda: 68713
2025-07-06T13:39:03.506+03:00  INFO 26324 --- [buildings] [main] com.vva.buildings.Orenda                 : Building with ID 52373 not found in tabBuildings, idOrenda: 72496
2025-07-06T13:39:03.560+03:00  INFO 26324 --- [buildings] [main] com.vva.buildings.Orenda                 : ID об'єкту порожній у рядку 7744, idOrenda: 84230
2025-07-06T13:39:03.561+03:00  INFO 26324 --- [buildings] [main] com.vva.buildings.Orenda                 : Building with ID 0 not found in tabBuildings, idOrenda: 85208
2025-07-06T13:39:03.562+03:00  INFO 26324 --- [buildings] [main] com.vva.buildings.Orenda                 : Building with ID 52723 not found in tabBuildings, idOrenda: 78261
2025-07-06T13:39:03.562+03:00  INFO 26324 --- [buildings] [main] com.vva.buildings.Orenda                 : Building with ID 52723 not found in tabBuildings, idOrenda: 76230
2025-07-06T13:39:03.562+03:00  INFO 26324 --- [buildings] [main] com.vva.buildings.Orenda                 : Building with ID 52723 not found in tabBuildings, idOrenda: 76582
2025-07-06T13:39:03.562+03:00  INFO 26324 --- [buildings] [main] com.vva.buildings.Orenda                 : Building with ID 52705 not found in tabBuildings, idOrenda: 80600
2025-07-06T13:39:03.562+03:00  INFO 26324 --- [buildings] [main] com.vva.buildings.Orenda                 : Building with ID 52723 not found in tabBuildings, idOrenda: 75567
2025-07-06T13:39:03.562+03:00  INFO 26324 --- [buildings] [main] com.vva.buildings.Orenda                 : Building with ID 52723 not found in tabBuildings, idOrenda: 78604
2025-07-06T13:39:03.562+03:00  INFO 26324 --- [buildings] [main] com.vva.buildings.Orenda                 : Building with ID 52705 not found in tabBuildings, idOrenda: 76580
2025-07-06T13:39:03.562+03:00  INFO 26324 --- [buildings] [main] com.vva.buildings.Orenda                 : Building with ID 52705 not found in tabBuildings, idOrenda: 75871
2025-07-06T13:39:03.574+03:00  INFO 26324 --- [buildings] [main] com.vva.buildings.Orenda                 : ID об'єкту порожній у рядку 7886, idOrenda: 76710
2025-07-06T13:39:03.574+03:00  INFO 26324 --- [buildings] [main] com.vva.buildings.Orenda                 : ID об'єкту порожній у рядку 7887, idOrenda: 76735
2025-07-06T13:39:03.574+03:00  INFO 26324 --- [buildings] [main] com.vva.buildings.Orenda                 : ID об'єкту порожній у рядку 7888, idOrenda: 76736
2025-07-06T13:39:03.574+03:00  INFO 26324 --- [buildings] [main] com.vva.buildings.Orenda                 : ID об'єкту порожній у рядку 7889, idOrenda: 76737
2025-07-06T13:39:03.574+03:00  INFO 26324 --- [buildings] [main] com.vva.buildings.Orenda                 : ID об'єкту порожній у рядку 7890, idOrenda: 76948
2025-07-06T13:39:03.575+03:00  INFO 26324 --- [buildings] [main] com.vva.buildings.Orenda                 : Building with ID 4024 not found in tabBuildings, idOrenda: 61613
2025-07-06T13:39:03.576+03:00  INFO 26324 --- [buildings] [main] com.vva.buildings.Orenda                 : ID об'єкту порожній у рядку 7907, idOrenda: 79550
2025-07-06T13:39:03.576+03:00  INFO 26324 --- [buildings] [main] com.vva.buildings.Orenda                 : ID об'єкту порожній у рядку 7908, idOrenda: 80241
2025-07-06T13:39:03.576+03:00  INFO 26324 --- [buildings] [main] com.vva.buildings.Orenda                 : ID об'єкту порожній у рядку 7909, idOrenda: 80242
2025-07-06T13:39:03.576+03:00  INFO 26324 --- [buildings] [main] com.vva.buildings.Orenda                 : ID об'єкту порожній у рядку 7910, idOrenda: 80352
2025-07-06T13:39:03.576+03:00  INFO 26324 --- [buildings] [main] com.vva.buildings.Orenda                 : ID об'єкту порожній у рядку 7911, idOrenda: 80431
2025-07-06T13:39:03.578+03:00  INFO 26324 --- [buildings] [main] com.vva.buildings.Orenda                 : ID об'єкту порожній у рядку 7924, idOrenda: 80351
2025-07-06T13:39:03.579+03:00  INFO 26324 --- [buildings] [main] com.vva.buildings.Orenda                 : Building with ID 0 not found in tabBuildings, idOrenda: 81128
2025-07-06T13:39:03.579+03:00  INFO 26324 --- [buildings] [main] com.vva.buildings.Orenda                 : Building with ID 0 not found in tabBuildings, idOrenda: 84898
2025-07-06T13:39:03.579+03:00  INFO 26324 --- [buildings] [main] com.vva.buildings.Orenda                 : Building with ID 0 not found in tabBuildings, idOrenda: 85319
2025-07-06T13:39:03.580+03:00  INFO 26324 --- [buildings] [main] com.vva.buildings.Orenda                 : Building with ID 52722 not found in tabBuildings, idOrenda: 82522
2025-07-06T13:39:03.581+03:00  INFO 26324 --- [buildings] [main] com.vva.buildings.Orenda                 : Building with ID 992740 not found in tabBuildings, idOrenda: 84085
2025-07-06T13:39:03.581+03:00  INFO 26324 --- [buildings] [main] com.vva.buildings.Orenda                 : Building with ID 4105 not found in tabBuildings, idOrenda: 84120
2025-07-06T13:39:03.581+03:00  INFO 26324 --- [buildings] [main] com.vva.buildings.Orenda                 : Building with ID 0 not found in tabBuildings, idOrenda: 84604
2025-07-06T13:39:03.581+03:00  INFO 26324 --- [buildings] [main] com.vva.buildings.Orenda                 : Building with ID 1943 not found in tabBuildings, idOrenda: 84532
2025-07-06T13:39:03.582+03:00  INFO 26324 --- [buildings] [main] com.vva.buildings.Orenda                 : Building with ID 65223 not found in tabBuildings, idOrenda: 84729
2025-07-06T13:39:03.582+03:00  INFO 26324 --- [buildings] [main] com.vva.buildings.Orenda                 : Building with ID 0 not found in tabBuildings, idOrenda: 85182
2025-07-06T13:39:03.582+03:00  INFO 26324 --- [buildings] [main] com.vva.buildings.Orenda                 : Building with ID 6857 not found in tabBuildings, idOrenda: 85174
2025-07-06T13:39:03.582+03:00  INFO 26324 --- [buildings] [main] com.vva.buildings.Orenda                 : Building with ID 0 not found in tabBuildings, idOrenda: 85253
2025-07-06T13:39:03.582+03:00  INFO 26324 --- [buildings] [main] com.vva.buildings.Orenda                 : Building with ID 0 not found in tabBuildings, idOrenda: 85297
2025-07-06T13:39:03.582+03:00  INFO 26324 --- [buildings] [main] com.vva.buildings.Orenda                 : Building with ID 17057 not found in tabBuildings, idOrenda: 81335
2025-07-06T13:39:03.583+03:00  INFO 26324 --- [buildings] [main] com.vva.buildings.Orenda                 : Building with ID 5774 not found in tabBuildings, idOrenda: 81394
2025-07-06T13:39:03.583+03:00  INFO 26324 --- [buildings] [main] com.vva.buildings.Orenda                 : Building with ID 0 not found in tabBuildings, idOrenda: 83140
2025-07-06T13:39:03.583+03:00  INFO 26324 --- [buildings] [main] com.vva.buildings.Orenda                 : Building with ID 0 not found in tabBuildings, idOrenda: 83940
2025-07-06T13:39:03.584+03:00  INFO 26324 --- [buildings] [main] com.vva.buildings.Orenda                 : Building with ID 11893 not found in tabBuildings, idOrenda: 84080
2025-07-06T13:39:03.584+03:00  INFO 26324 --- [buildings] [main] com.vva.buildings.Orenda                 : Building with ID 8178 not found in tabBuildings, idOrenda: 84560
2025-07-06T13:47:38.948+03:00  INFO 35380 --- [buildings] [main] c.vva.buildings.BuildingsApplicationKt   : Starting BuildingsApplicationKt using Java 21.0.7 with PID 35380 (C:\Users\volvo\OneDrive\ДКВ\Оприлюдлення\proj\buildings\build\classes\kotlin\main started by volvo in C:\Users\volvo\OneDrive\ДКВ\Оприлюдлення\proj\buildings)
2025-07-06T13:47:38.950+03:00  INFO 35380 --- [buildings] [main] c.vva.buildings.BuildingsApplicationKt   : No active profile set, falling back to 1 default profile: "default"
2025-07-06T13:47:39.623+03:00  INFO 35380 --- [buildings] [main] c.vva.buildings.BuildingsApplicationKt   : Started BuildingsApplicationKt in 1.041 seconds (process running for 1.5)
2025-07-06T13:47:45.470+03:00  INFO 35380 --- [buildings] [main] com.vva.buildings.Orenda                 : Start creating Orenda tabs
2025-07-06T13:47:45.472+03:00  INFO 35380 --- [buildings] [main] com.vva.buildings.Orenda                 : ID об'єкту порожній у рядку 2, idOrenda: 70613
2025-07-06T13:47:45.472+03:00  INFO 35380 --- [buildings] [main] com.vva.buildings.Orenda                 : ID об'єкту порожній у рядку 3, idOrenda: 70614
2025-07-06T13:47:45.472+03:00  INFO 35380 --- [buildings] [main] com.vva.buildings.Orenda                 : ID об'єкту порожній у рядку 4, idOrenda: 70615
2025-07-06T13:47:45.472+03:00  INFO 35380 --- [buildings] [main] com.vva.buildings.Orenda                 : ID об'єкту порожній у рядку 5, idOrenda: 70616
2025-07-06T13:47:45.472+03:00  INFO 35380 --- [buildings] [main] com.vva.buildings.Orenda                 : ID об'єкту порожній у рядку 6, idOrenda: 70617
2025-07-06T13:47:45.472+03:00  INFO 35380 --- [buildings] [main] com.vva.buildings.Orenda                 : ID об'єкту порожній у рядку 7, idOrenda: 70618
2025-07-06T13:47:45.472+03:00  INFO 35380 --- [buildings] [main] com.vva.buildings.Orenda                 : ID об'єкту порожній у рядку 8, idOrenda: 70619
2025-07-06T13:47:45.472+03:00  INFO 35380 --- [buildings] [main] com.vva.buildings.Orenda                 : ID об'єкту порожній у рядку 9, idOrenda: 70620
2025-07-06T13:47:45.472+03:00  INFO 35380 --- [buildings] [main] com.vva.buildings.Orenda                 : ID об'єкту порожній у рядку 10, idOrenda: 70621
2025-07-06T13:47:45.473+03:00  INFO 35380 --- [buildings] [main] com.vva.buildings.Orenda                 : ID об'єкту порожній у рядку 11, idOrenda: 70622
2025-07-06T13:47:45.473+03:00  INFO 35380 --- [buildings] [main] com.vva.buildings.Orenda                 : ID об'єкту порожній у рядку 12, idOrenda: 70623
2025-07-06T13:47:45.473+03:00  INFO 35380 --- [buildings] [main] com.vva.buildings.Orenda                 : ID об'єкту порожній у рядку 13, idOrenda: 70624
2025-07-06T13:47:45.473+03:00  INFO 35380 --- [buildings] [main] com.vva.buildings.Orenda                 : ID об'єкту порожній у рядку 14, idOrenda: 70625
2025-07-06T13:47:45.473+03:00  INFO 35380 --- [buildings] [main] com.vva.buildings.Orenda                 : ID об'єкту порожній у рядку 15, idOrenda: 70626
2025-07-06T13:47:45.473+03:00  INFO 35380 --- [buildings] [main] com.vva.buildings.Orenda                 : ID об'єкту порожній у рядку 16, idOrenda: 70627
2025-07-06T13:47:45.473+03:00  INFO 35380 --- [buildings] [main] com.vva.buildings.Orenda                 : ID об'єкту порожній у рядку 17, idOrenda: 70628
2025-07-06T13:47:45.473+03:00  INFO 35380 --- [buildings] [main] com.vva.buildings.Orenda                 : ID об'єкту порожній у рядку 18, idOrenda: 70629
2025-07-06T13:47:45.473+03:00  INFO 35380 --- [buildings] [main] com.vva.buildings.Orenda                 : ID об'єкту порожній у рядку 19, idOrenda: 70630
2025-07-06T13:47:45.474+03:00  INFO 35380 --- [buildings] [main] com.vva.buildings.Orenda                 : ID об'єкту порожній у рядку 20, idOrenda: 70631
2025-07-06T13:47:45.474+03:00  INFO 35380 --- [buildings] [main] com.vva.buildings.Orenda                 : ID об'єкту порожній у рядку 21, idOrenda: 70632
2025-07-06T13:47:45.474+03:00  INFO 35380 --- [buildings] [main] com.vva.buildings.Orenda                 : ID об'єкту порожній у рядку 22, idOrenda: 70633
2025-07-06T13:47:45.474+03:00  INFO 35380 --- [buildings] [main] com.vva.buildings.Orenda                 : ID об'єкту порожній у рядку 23, idOrenda: 70634
2025-07-06T13:47:45.474+03:00  INFO 35380 --- [buildings] [main] com.vva.buildings.Orenda                 : ID об'єкту порожній у рядку 24, idOrenda: 70635
2025-07-06T13:47:45.474+03:00  INFO 35380 --- [buildings] [main] com.vva.buildings.Orenda                 : ID об'єкту порожній у рядку 25, idOrenda: 70636
2025-07-06T13:47:45.474+03:00  INFO 35380 --- [buildings] [main] com.vva.buildings.Orenda                 : ID об'єкту порожній у рядку 26, idOrenda: 70637
2025-07-06T13:47:45.474+03:00  INFO 35380 --- [buildings] [main] com.vva.buildings.Orenda                 : ID об'єкту порожній у рядку 27, idOrenda: 70638
2025-07-06T13:47:45.475+03:00  INFO 35380 --- [buildings] [main] com.vva.buildings.Orenda                 : ID об'єкту порожній у рядку 28, idOrenda: 70639
2025-07-06T13:47:45.475+03:00  INFO 35380 --- [buildings] [main] com.vva.buildings.Orenda                 : ID об'єкту порожній у рядку 29, idOrenda: 70640
2025-07-06T13:47:45.475+03:00  INFO 35380 --- [buildings] [main] com.vva.buildings.Orenda                 : ID об'єкту порожній у рядку 30, idOrenda: 70641
2025-07-06T13:47:45.475+03:00  INFO 35380 --- [buildings] [main] com.vva.buildings.Orenda                 : ID об'єкту порожній у рядку 31, idOrenda: 70642
2025-07-06T13:47:45.475+03:00  INFO 35380 --- [buildings] [main] com.vva.buildings.Orenda                 : ID об'єкту порожній у рядку 32, idOrenda: 70643
2025-07-06T13:47:45.475+03:00  INFO 35380 --- [buildings] [main] com.vva.buildings.Orenda                 : ID об'єкту порожній у рядку 33, idOrenda: 70644
2025-07-06T13:47:45.475+03:00  INFO 35380 --- [buildings] [main] com.vva.buildings.Orenda                 : ID об'єкту порожній у рядку 34, idOrenda: 70645
2025-07-06T13:47:45.475+03:00  INFO 35380 --- [buildings] [main] com.vva.buildings.Orenda                 : ID об'єкту порожній у рядку 35, idOrenda: 70646
2025-07-06T13:47:45.475+03:00  INFO 35380 --- [buildings] [main] com.vva.buildings.Orenda                 : ID об'єкту порожній у рядку 36, idOrenda: 70647
2025-07-06T13:47:45.475+03:00  INFO 35380 --- [buildings] [main] com.vva.buildings.Orenda                 : ID об'єкту порожній у рядку 37, idOrenda: 70648
2025-07-06T13:47:45.476+03:00  INFO 35380 --- [buildings] [main] com.vva.buildings.Orenda                 : ID об'єкту порожній у рядку 38, idOrenda: 70649
2025-07-06T13:47:45.476+03:00  INFO 35380 --- [buildings] [main] com.vva.buildings.Orenda                 : ID об'єкту порожній у рядку 39, idOrenda: 70650
2025-07-06T13:47:45.476+03:00  INFO 35380 --- [buildings] [main] com.vva.buildings.Orenda                 : ID об'єкту порожній у рядку 40, idOrenda: 70651
2025-07-06T13:47:45.476+03:00  INFO 35380 --- [buildings] [main] com.vva.buildings.Orenda                 : ID об'єкту порожній у рядку 41, idOrenda: 70652
2025-07-06T13:47:45.476+03:00  INFO 35380 --- [buildings] [main] com.vva.buildings.Orenda                 : ID об'єкту порожній у рядку 42, idOrenda: 70653
2025-07-06T13:47:45.476+03:00  INFO 35380 --- [buildings] [main] com.vva.buildings.Orenda                 : ID об'єкту порожній у рядку 43, idOrenda: 70654
2025-07-06T13:47:45.476+03:00  INFO 35380 --- [buildings] [main] com.vva.buildings.Orenda                 : ID об'єкту порожній у рядку 44, idOrenda: 70655
2025-07-06T13:47:45.476+03:00  INFO 35380 --- [buildings] [main] com.vva.buildings.Orenda                 : ID об'єкту порожній у рядку 45, idOrenda: 70656
2025-07-06T13:47:45.477+03:00  INFO 35380 --- [buildings] [main] com.vva.buildings.Orenda                 : ID об'єкту порожній у рядку 46, idOrenda: 70657
2025-07-06T13:47:45.477+03:00  INFO 35380 --- [buildings] [main] com.vva.buildings.Orenda                 : ID об'єкту порожній у рядку 47, idOrenda: 70658
2025-07-06T13:47:45.477+03:00  INFO 35380 --- [buildings] [main] com.vva.buildings.Orenda                 : ID об'єкту порожній у рядку 48, idOrenda: 70659
2025-07-06T13:47:45.477+03:00  INFO 35380 --- [buildings] [main] com.vva.buildings.Orenda                 : ID об'єкту порожній у рядку 49, idOrenda: 70661
2025-07-06T13:47:45.477+03:00  INFO 35380 --- [buildings] [main] com.vva.buildings.Orenda                 : ID об'єкту порожній у рядку 50, idOrenda: 70662
2025-07-06T13:47:45.477+03:00  INFO 35380 --- [buildings] [main] com.vva.buildings.Orenda                 : ID об'єкту порожній у рядку 51, idOrenda: 70663
2025-07-06T13:47:45.477+03:00  INFO 35380 --- [buildings] [main] com.vva.buildings.Orenda                 : ID об'єкту порожній у рядку 52, idOrenda: 70664
2025-07-06T13:47:45.477+03:00  INFO 35380 --- [buildings] [main] com.vva.buildings.Orenda                 : ID об'єкту порожній у рядку 53, idOrenda: 70665
2025-07-06T13:47:45.477+03:00  INFO 35380 --- [buildings] [main] com.vva.buildings.Orenda                 : ID об'єкту порожній у рядку 54, idOrenda: 70666
2025-07-06T13:47:45.477+03:00  INFO 35380 --- [buildings] [main] com.vva.buildings.Orenda                 : ID об'єкту порожній у рядку 55, idOrenda: 70667
2025-07-06T13:47:45.478+03:00  INFO 35380 --- [buildings] [main] com.vva.buildings.Orenda                 : ID об'єкту порожній у рядку 56, idOrenda: 70668
2025-07-06T13:47:45.478+03:00  INFO 35380 --- [buildings] [main] com.vva.buildings.Orenda                 : ID об'єкту порожній у рядку 57, idOrenda: 70669
2025-07-06T13:47:45.478+03:00  INFO 35380 --- [buildings] [main] com.vva.buildings.Orenda                 : ID об'єкту порожній у рядку 58, idOrenda: 70670
2025-07-06T13:47:45.478+03:00  INFO 35380 --- [buildings] [main] com.vva.buildings.Orenda                 : ID об'єкту порожній у рядку 59, idOrenda: 70671
2025-07-06T13:47:45.478+03:00  INFO 35380 --- [buildings] [main] com.vva.buildings.Orenda                 : ID об'єкту порожній у рядку 60, idOrenda: 70673
2025-07-06T13:47:45.478+03:00  INFO 35380 --- [buildings] [main] com.vva.buildings.Orenda                 : ID об'єкту порожній у рядку 61, idOrenda: 70674
2025-07-06T13:47:45.478+03:00  INFO 35380 --- [buildings] [main] com.vva.buildings.Orenda                 : ID об'єкту порожній у рядку 62, idOrenda: 70675
2025-07-06T13:47:45.478+03:00  INFO 35380 --- [buildings] [main] com.vva.buildings.Orenda                 : ID об'єкту порожній у рядку 63, idOrenda: 70676
2025-07-06T13:47:45.478+03:00  INFO 35380 --- [buildings] [main] com.vva.buildings.Orenda                 : ID об'єкту порожній у рядку 64, idOrenda: 70677
2025-07-06T13:47:45.478+03:00  INFO 35380 --- [buildings] [main] com.vva.buildings.Orenda                 : ID об'єкту порожній у рядку 65, idOrenda: 70678
2025-07-06T13:47:45.478+03:00  INFO 35380 --- [buildings] [main] com.vva.buildings.Orenda                 : ID об'єкту порожній у рядку 66, idOrenda: 70679
2025-07-06T13:47:45.479+03:00  INFO 35380 --- [buildings] [main] com.vva.buildings.Orenda                 : ID об'єкту порожній у рядку 67, idOrenda: 70680
2025-07-06T13:47:45.479+03:00  INFO 35380 --- [buildings] [main] com.vva.buildings.Orenda                 : ID об'єкту порожній у рядку 68, idOrenda: 70681
2025-07-06T13:47:45.479+03:00  INFO 35380 --- [buildings] [main] com.vva.buildings.Orenda                 : ID об'єкту порожній у рядку 69, idOrenda: 70682
2025-07-06T13:47:45.479+03:00  INFO 35380 --- [buildings] [main] com.vva.buildings.Orenda                 : ID об'єкту порожній у рядку 70, idOrenda: 70683
2025-07-06T13:47:45.479+03:00  INFO 35380 --- [buildings] [main] com.vva.buildings.Orenda                 : ID об'єкту порожній у рядку 71, idOrenda: 70684
2025-07-06T13:47:45.479+03:00  INFO 35380 --- [buildings] [main] com.vva.buildings.Orenda                 : ID об'єкту порожній у рядку 72, idOrenda: 70685
2025-07-06T13:47:45.479+03:00  INFO 35380 --- [buildings] [main] com.vva.buildings.Orenda                 : ID об'єкту порожній у рядку 73, idOrenda: 70686
2025-07-06T13:47:45.479+03:00  INFO 35380 --- [buildings] [main] com.vva.buildings.Orenda                 : ID об'єкту порожній у рядку 74, idOrenda: 71372
2025-07-06T13:47:45.483+03:00  INFO 35380 --- [buildings] [main] com.vva.buildings.Orenda                 : ID об'єкту порожній у рядку 106, idOrenda: 63119
2025-07-06T13:47:45.483+03:00  INFO 35380 --- [buildings] [main] com.vva.buildings.Orenda                 : ID об'єкту порожній у рядку 107, idOrenda: 63120
2025-07-06T13:47:45.483+03:00  INFO 35380 --- [buildings] [main] com.vva.buildings.Orenda                 : ID об'єкту порожній у рядку 108, idOrenda: 62891
2025-07-06T13:47:45.483+03:00  INFO 35380 --- [buildings] [main] com.vva.buildings.Orenda                 : ID об'єкту порожній у рядку 109, idOrenda: 55301
2025-07-06T13:47:45.485+03:00  INFO 35380 --- [buildings] [main] com.vva.buildings.Orenda                 : ID об'єкту порожній у рядку 128, idOrenda: 66656
2025-07-06T13:47:45.485+03:00  INFO 35380 --- [buildings] [main] com.vva.buildings.Orenda                 : ID об'єкту порожній у рядку 129, idOrenda: 67975
2025-07-06T13:47:45.493+03:00  INFO 35380 --- [buildings] [main] com.vva.buildings.Orenda                 : Building with ID 0 not found in tabBuildings, idOrenda: 85272
2025-07-06T13:47:45.494+03:00  INFO 35380 --- [buildings] [main] com.vva.buildings.Orenda                 : Building with ID 0 not found in tabBuildings, idOrenda: 85299
2025-07-06T13:47:45.494+03:00  INFO 35380 --- [buildings] [main] com.vva.buildings.Orenda                 : ID об'єкту порожній у рядку 181, idOrenda: 31138
2025-07-06T13:47:45.497+03:00  INFO 35380 --- [buildings] [main] com.vva.buildings.Orenda                 : Building with ID 0 not found in tabBuildings, idOrenda: 69918
2025-07-06T13:47:45.499+03:00  INFO 35380 --- [buildings] [main] com.vva.buildings.Orenda                 : Building with ID 11893 not found in tabBuildings, idOrenda: 78131
2025-07-06T13:47:45.499+03:00  INFO 35380 --- [buildings] [main] com.vva.buildings.Orenda                 : Building with ID 12784 not found in tabBuildings, idOrenda: 79148
2025-07-06T13:47:45.500+03:00  INFO 35380 --- [buildings] [main] com.vva.buildings.Orenda                 : Building with ID 54756 not found in tabBuildings, idOrenda: 82563
2025-07-06T13:47:45.500+03:00  INFO 35380 --- [buildings] [main] com.vva.buildings.Orenda                 : Building with ID 11893 not found in tabBuildings, idOrenda: 84849
2025-07-06T13:47:45.500+03:00  INFO 35380 --- [buildings] [main] com.vva.buildings.Orenda                 : Building with ID 11893 not found in tabBuildings, idOrenda: 63939
2025-07-06T13:47:45.500+03:00  INFO 35380 --- [buildings] [main] com.vva.buildings.Orenda                 : Building with ID 11893 not found in tabBuildings, idOrenda: 80815
2025-07-06T13:47:45.501+03:00  INFO 35380 --- [buildings] [main] com.vva.buildings.Orenda                 : Building with ID 12792 not found in tabBuildings, idOrenda: 80208
2025-07-06T13:47:45.501+03:00  INFO 35380 --- [buildings] [main] com.vva.buildings.Orenda                 : Building with ID 12785 not found in tabBuildings, idOrenda: 80214
2025-07-06T13:47:45.501+03:00  INFO 35380 --- [buildings] [main] com.vva.buildings.Orenda                 : Building with ID 43115 not found in tabBuildings, idOrenda: 78483
2025-07-06T13:47:45.501+03:00  INFO 35380 --- [buildings] [main] com.vva.buildings.Orenda                 : Building with ID 43115 not found in tabBuildings, idOrenda: 78484
2025-07-06T13:47:45.502+03:00  INFO 35380 --- [buildings] [main] com.vva.buildings.Orenda                 : Building with ID 4105 not found in tabBuildings, idOrenda: 62835
2025-07-06T13:47:45.504+03:00  INFO 35380 --- [buildings] [main] com.vva.buildings.Orenda                 : ID об'єкту порожній у рядку 276, idOrenda: 52643
2025-07-06T13:47:45.504+03:00  INFO 35380 --- [buildings] [main] com.vva.buildings.Orenda                 : ID об'єкту порожній у рядку 277, idOrenda: 52645
2025-07-06T13:47:45.505+03:00  INFO 35380 --- [buildings] [main] com.vva.buildings.Orenda                 : Building with ID 1945 not found in tabBuildings, idOrenda: 79057
2025-07-06T13:47:45.505+03:00  INFO 35380 --- [buildings] [main] com.vva.buildings.Orenda                 : Building with ID 1945 not found in tabBuildings, idOrenda: 66548
2025-07-06T13:47:45.505+03:00  INFO 35380 --- [buildings] [main] com.vva.buildings.Orenda                 : Building with ID 0 not found in tabBuildings, idOrenda: 80883
2025-07-06T13:47:45.505+03:00  INFO 35380 --- [buildings] [main] com.vva.buildings.Orenda                 : Building with ID 1945 not found in tabBuildings, idOrenda: 78495
2025-07-06T13:47:45.507+03:00  INFO 35380 --- [buildings] [main] com.vva.buildings.Orenda                 : ID об'єкту порожній у рядку 307, idOrenda: 39008
2025-07-06T13:47:45.507+03:00  INFO 35380 --- [buildings] [main] com.vva.buildings.Orenda                 : ID об'єкту порожній у рядку 308, idOrenda: 63170
2025-07-06T13:47:45.507+03:00  INFO 35380 --- [buildings] [main] com.vva.buildings.Orenda                 : ID об'єкту порожній у рядку 309, idOrenda: 63171
2025-07-06T13:47:45.507+03:00  INFO 35380 --- [buildings] [main] com.vva.buildings.Orenda                 : Building with ID 16977 not found in tabBuildings, idOrenda: 79059
2025-07-06T13:47:45.507+03:00  INFO 35380 --- [buildings] [main] com.vva.buildings.Orenda                 : Building with ID 16977 not found in tabBuildings, idOrenda: 77067
2025-07-06T13:47:45.507+03:00  INFO 35380 --- [buildings] [main] com.vva.buildings.Orenda                 : Building with ID 16977 not found in tabBuildings, idOrenda: 79422
2025-07-06T13:47:45.507+03:00  INFO 35380 --- [buildings] [main] com.vva.buildings.Orenda                 : Building with ID 8028 not found in tabBuildings, idOrenda: 77739
2025-07-06T13:47:45.508+03:00  INFO 35380 --- [buildings] [main] com.vva.buildings.Orenda                 : Building with ID 6568 not found in tabBuildings, idOrenda: 84842
2025-07-06T13:47:45.508+03:00  INFO 35380 --- [buildings] [main] com.vva.buildings.Orenda                 : Building with ID 6570 not found in tabBuildings, idOrenda: 84840
2025-07-06T13:47:45.508+03:00  INFO 35380 --- [buildings] [main] com.vva.buildings.Orenda                 : Building with ID 6567 not found in tabBuildings, idOrenda: 85062
2025-07-06T13:47:45.508+03:00  INFO 35380 --- [buildings] [main] com.vva.buildings.Orenda                 : Building with ID 6667 not found in tabBuildings, idOrenda: 84684
2025-07-06T13:47:45.510+03:00  INFO 35380 --- [buildings] [main] com.vva.buildings.Orenda                 : Building with ID 0 not found in tabBuildings, idOrenda: 80903
2025-07-06T13:47:45.510+03:00  INFO 35380 --- [buildings] [main] com.vva.buildings.Orenda                 : Building with ID 0 not found in tabBuildings, idOrenda: 80904
2025-07-06T13:47:45.510+03:00  INFO 35380 --- [buildings] [main] com.vva.buildings.Orenda                 : ID об'єкту порожній у рядку 336, idOrenda: 76721
2025-07-06T13:47:45.510+03:00  INFO 35380 --- [buildings] [main] com.vva.buildings.Orenda                 : Building with ID 28785 not found in tabBuildings, idOrenda: 56203
2025-07-06T13:47:45.510+03:00  INFO 35380 --- [buildings] [main] com.vva.buildings.Orenda                 : Building with ID 28785 not found in tabBuildings, idOrenda: 75892
2025-07-06T13:47:45.510+03:00  INFO 35380 --- [buildings] [main] com.vva.buildings.Orenda                 : Building with ID 28785 not found in tabBuildings, idOrenda: 75893
2025-07-06T13:47:45.511+03:00  INFO 35380 --- [buildings] [main] com.vva.buildings.Orenda                 : Building with ID 8178 not found in tabBuildings, idOrenda: 81999
2025-07-06T13:47:45.511+03:00  INFO 35380 --- [buildings] [main] com.vva.buildings.Orenda                 : Building with ID 8178 not found in tabBuildings, idOrenda: 77515
2025-07-06T13:47:45.511+03:00  INFO 35380 --- [buildings] [main] com.vva.buildings.Orenda                 : Building with ID 8178 not found in tabBuildings, idOrenda: 70688
2025-07-06T13:47:45.511+03:00  INFO 35380 --- [buildings] [main] com.vva.buildings.Orenda                 : Building with ID 8178 not found in tabBuildings, idOrenda: 83432
2025-07-06T13:47:45.511+03:00  INFO 35380 --- [buildings] [main] com.vva.buildings.Orenda                 : Building with ID 8178 not found in tabBuildings, idOrenda: 71913
2025-07-06T13:47:45.511+03:00  INFO 35380 --- [buildings] [main] com.vva.buildings.Orenda                 : Building with ID 28873 not found in tabBuildings, idOrenda: 70543
2025-07-06T13:47:45.512+03:00  INFO 35380 --- [buildings] [main] com.vva.buildings.Orenda                 : Building with ID 28873 not found in tabBuildings, idOrenda: 70932
2025-07-06T13:47:45.512+03:00  INFO 35380 --- [buildings] [main] com.vva.buildings.Orenda                 : Building with ID 28873 not found in tabBuildings, idOrenda: 70933
2025-07-06T13:47:45.513+03:00  INFO 35380 --- [buildings] [main] com.vva.buildings.Orenda                 : Building with ID 8178 not found in tabBuildings, idOrenda: 70959
2025-07-06T13:47:45.513+03:00  INFO 35380 --- [buildings] [main] com.vva.buildings.Orenda                 : Building with ID 28873 not found in tabBuildings, idOrenda: 64274
2025-07-06T13:47:45.513+03:00  INFO 35380 --- [buildings] [main] com.vva.buildings.Orenda                 : Building with ID 8178 not found in tabBuildings, idOrenda: 64029
2025-07-06T13:47:45.513+03:00  INFO 35380 --- [buildings] [main] com.vva.buildings.Orenda                 : Building with ID 8178 not found in tabBuildings, idOrenda: 66543
2025-07-06T13:47:45.513+03:00  INFO 35380 --- [buildings] [main] com.vva.buildings.Orenda                 : Building with ID 28873 not found in tabBuildings, idOrenda: 73199
2025-07-06T13:47:45.517+03:00  INFO 35380 --- [buildings] [main] com.vva.buildings.Orenda                 : Building with ID 12721 not found in tabBuildings, idOrenda: 84658
2025-07-06T13:47:45.518+03:00  INFO 35380 --- [buildings] [main] com.vva.buildings.Orenda                 : ID об'єкту порожній у рядку 406, idOrenda: 63924
2025-07-06T13:47:45.518+03:00  INFO 35380 --- [buildings] [main] com.vva.buildings.Orenda                 : ID об'єкту порожній у рядку 407, idOrenda: 63882
2025-07-06T13:47:45.518+03:00  INFO 35380 --- [buildings] [main] com.vva.buildings.Orenda                 : ID об'єкту порожній у рядку 408, idOrenda: 55130
2025-07-06T13:47:45.518+03:00  INFO 35380 --- [buildings] [main] com.vva.buildings.Orenda                 : ID об'єкту порожній у рядку 409, idOrenda: 58936
2025-07-06T13:47:45.518+03:00  INFO 35380 --- [buildings] [main] com.vva.buildings.Orenda                 : ID об'єкту порожній у рядку 410, idOrenda: 38552
2025-07-06T13:47:45.518+03:00  INFO 35380 --- [buildings] [main] com.vva.buildings.Orenda                 : ID об'єкту порожній у рядку 411, idOrenda: 63083
2025-07-06T13:47:45.518+03:00  INFO 35380 --- [buildings] [main] com.vva.buildings.Orenda                 : ID об'єкту порожній у рядку 412, idOrenda: 63084
2025-07-06T13:47:45.518+03:00  INFO 35380 --- [buildings] [main] com.vva.buildings.Orenda                 : ID об'єкту порожній у рядку 413, idOrenda: 63085
2025-07-06T13:47:45.518+03:00  INFO 35380 --- [buildings] [main] com.vva.buildings.Orenda                 : ID об'єкту порожній у рядку 414, idOrenda: 63086
2025-07-06T13:47:45.518+03:00  INFO 35380 --- [buildings] [main] com.vva.buildings.Orenda                 : ID об'єкту порожній у рядку 416, idOrenda: 74741
2025-07-06T13:47:45.519+03:00  INFO 35380 --- [buildings] [main] com.vva.buildings.Orenda                 : Building with ID 12397 not found in tabBuildings, idOrenda: 82052
2025-07-06T13:47:45.519+03:00  INFO 35380 --- [buildings] [main] com.vva.buildings.Orenda                 : Building with ID 48179 not found in tabBuildings, idOrenda: 80916
2025-07-06T13:47:45.519+03:00  INFO 35380 --- [buildings] [main] com.vva.buildings.Orenda                 : Building with ID 48179 not found in tabBuildings, idOrenda: 63367
2025-07-06T13:47:45.520+03:00  INFO 35380 --- [buildings] [main] com.vva.buildings.Orenda                 : Building with ID 48179 not found in tabBuildings, idOrenda: 75076
2025-07-06T13:47:45.520+03:00  INFO 35380 --- [buildings] [main] com.vva.buildings.Orenda                 : Building with ID 48179 not found in tabBuildings, idOrenda: 78676
2025-07-06T13:47:45.520+03:00  INFO 35380 --- [buildings] [main] com.vva.buildings.Orenda                 : Building with ID 48179 not found in tabBuildings, idOrenda: 67702
2025-07-06T13:47:45.520+03:00  INFO 35380 --- [buildings] [main] com.vva.buildings.Orenda                 : Building with ID 48179 not found in tabBuildings, idOrenda: 67825
2025-07-06T13:47:45.520+03:00  INFO 35380 --- [buildings] [main] com.vva.buildings.Orenda                 : Building with ID 48179 not found in tabBuildings, idOrenda: 79087
2025-07-06T13:47:45.520+03:00  INFO 35380 --- [buildings] [main] com.vva.buildings.Orenda                 : Building with ID 1943 not found in tabBuildings, idOrenda: 82868
2025-07-06T13:47:45.520+03:00  INFO 35380 --- [buildings] [main] com.vva.buildings.Orenda                 : Building with ID 1943 not found in tabBuildings, idOrenda: 82027
2025-07-06T13:47:45.520+03:00  INFO 35380 --- [buildings] [main] com.vva.buildings.Orenda                 : Building with ID 1943 not found in tabBuildings, idOrenda: 82028
2025-07-06T13:47:45.520+03:00  INFO 35380 --- [buildings] [main] com.vva.buildings.Orenda                 : Building with ID 1943 not found in tabBuildings, idOrenda: 76135
2025-07-06T13:47:45.520+03:00  INFO 35380 --- [buildings] [main] com.vva.buildings.Orenda                 : Building with ID 1943 not found in tabBuildings, idOrenda: 77388
2025-07-06T13:47:45.520+03:00  INFO 35380 --- [buildings] [main] com.vva.buildings.Orenda                 : Building with ID 0 not found in tabBuildings, idOrenda: 85218
2025-07-06T13:47:45.520+03:00  INFO 35380 --- [buildings] [main] com.vva.buildings.Orenda                 : Building with ID 1943 not found in tabBuildings, idOrenda: 78328
2025-07-06T13:47:45.520+03:00  INFO 35380 --- [buildings] [main] com.vva.buildings.Orenda                 : Building with ID 1943 not found in tabBuildings, idOrenda: 77772
2025-07-06T13:47:45.520+03:00  INFO 35380 --- [buildings] [main] com.vva.buildings.Orenda                 : Building with ID 1943 not found in tabBuildings, idOrenda: 79399
2025-07-06T13:47:45.521+03:00  INFO 35380 --- [buildings] [main] com.vva.buildings.Orenda                 : Building with ID 0 not found in tabBuildings, idOrenda: 80482
2025-07-06T13:47:45.521+03:00  INFO 35380 --- [buildings] [main] com.vva.buildings.Orenda                 : Building with ID 0 not found in tabBuildings, idOrenda: 85065
2025-07-06T13:47:45.521+03:00  INFO 35380 --- [buildings] [main] com.vva.buildings.Orenda                 : Building with ID 11984 not found in tabBuildings, idOrenda: 9551
2025-07-06T13:47:45.521+03:00  INFO 35380 --- [buildings] [main] com.vva.buildings.Orenda                 : ID об'єкту порожній у рядку 452, idOrenda: 18354
2025-07-06T13:47:45.521+03:00  INFO 35380 --- [buildings] [main] com.vva.buildings.Orenda                 : ID об'єкту порожній у рядку 453, idOrenda: 68455
2025-07-06T13:47:45.522+03:00  INFO 35380 --- [buildings] [main] com.vva.buildings.Orenda                 : Building with ID 0 not found in tabBuildings, idOrenda: 81953
2025-07-06T13:47:45.522+03:00  INFO 35380 --- [buildings] [main] com.vva.buildings.Orenda                 : ID об'єкту порожній у рядку 459, idOrenda: 33387
2025-07-06T13:47:45.522+03:00  INFO 35380 --- [buildings] [main] com.vva.buildings.Orenda                 : Building with ID 0 not found in tabBuildings, idOrenda: 70587
2025-07-06T13:47:45.530+03:00  INFO 35380 --- [buildings] [main] com.vva.buildings.Orenda                 : Building with ID 0 not found in tabBuildings, idOrenda: 80756
2025-07-06T13:47:45.534+03:00  INFO 35380 --- [buildings] [main] com.vva.buildings.Orenda                 : Building with ID 70656 not found in tabBuildings, idOrenda: 85044
2025-07-06T13:47:45.535+03:00  INFO 35380 --- [buildings] [main] com.vva.buildings.Orenda                 : Building with ID 0 not found in tabBuildings, idOrenda: 81320
2025-07-06T13:47:45.536+03:00  INFO 35380 --- [buildings] [main] com.vva.buildings.Orenda                 : ID об'єкту порожній у рядку 604, idOrenda: 65948
2025-07-06T13:47:45.537+03:00  INFO 35380 --- [buildings] [main] com.vva.buildings.Orenda                 : ID об'єкту порожній у рядку 615, idOrenda: 62726
2025-07-06T13:47:45.537+03:00  INFO 35380 --- [buildings] [main] com.vva.buildings.Orenda                 : ID об'єкту порожній у рядку 616, idOrenda: 62727
2025-07-06T13:47:45.539+03:00  INFO 35380 --- [buildings] [main] com.vva.buildings.Orenda                 : ID об'єкту порожній у рядку 633, idOrenda: 62390
2025-07-06T13:47:45.539+03:00  INFO 35380 --- [buildings] [main] com.vva.buildings.Orenda                 : ID об'єкту порожній у рядку 634, idOrenda: 62393
2025-07-06T13:47:45.539+03:00  INFO 35380 --- [buildings] [main] com.vva.buildings.Orenda                 : ID об'єкту порожній у рядку 635, idOrenda: 62419
2025-07-06T13:47:45.539+03:00  INFO 35380 --- [buildings] [main] com.vva.buildings.Orenda                 : ID об'єкту порожній у рядку 636, idOrenda: 62424
2025-07-06T13:47:45.539+03:00  INFO 35380 --- [buildings] [main] com.vva.buildings.Orenda                 : ID об'єкту порожній у рядку 643, idOrenda: 45525
2025-07-06T13:47:45.539+03:00  INFO 35380 --- [buildings] [main] com.vva.buildings.Orenda                 : ID об'єкту порожній у рядку 644, idOrenda: 45612
2025-07-06T13:47:45.539+03:00  INFO 35380 --- [buildings] [main] com.vva.buildings.Orenda                 : ID об'єкту порожній у рядку 645, idOrenda: 57341
2025-07-06T13:47:45.540+03:00  INFO 35380 --- [buildings] [main] com.vva.buildings.Orenda                 : ID об'єкту порожній у рядку 646, idOrenda: 57343
2025-07-06T13:47:45.540+03:00  INFO 35380 --- [buildings] [main] com.vva.buildings.Orenda                 : ID об'єкту порожній у рядку 647, idOrenda: 57355
2025-07-06T13:47:45.540+03:00  INFO 35380 --- [buildings] [main] com.vva.buildings.Orenda                 : ID об'єкту порожній у рядку 648, idOrenda: 57379
2025-07-06T13:47:45.549+03:00  INFO 35380 --- [buildings] [main] com.vva.buildings.Orenda                 : ID об'єкту порожній у рядку 748, idOrenda: 63852
2025-07-06T13:47:45.550+03:00  INFO 35380 --- [buildings] [main] com.vva.buildings.Orenda                 : ID об'єкту порожній у рядку 749, idOrenda: 52240
2025-07-06T13:47:45.550+03:00  INFO 35380 --- [buildings] [main] com.vva.buildings.Orenda                 : ID об'єкту порожній у рядку 750, idOrenda: 72383
2025-07-06T13:47:45.551+03:00  INFO 35380 --- [buildings] [main] com.vva.buildings.Orenda                 : ID об'єкту порожній у рядку 759, idOrenda: 61224
2025-07-06T13:47:45.551+03:00  INFO 35380 --- [buildings] [main] com.vva.buildings.Orenda                 : ID об'єкту порожній у рядку 768, idOrenda: 62840
2025-07-06T13:47:45.551+03:00  INFO 35380 --- [buildings] [main] com.vva.buildings.Orenda                 : ID об'єкту порожній у рядку 769, idOrenda: 62852
2025-07-06T13:47:45.552+03:00  INFO 35380 --- [buildings] [main] com.vva.buildings.Orenda                 : ID об'єкту порожній у рядку 770, idOrenda: 62853
2025-07-06T13:47:45.552+03:00  INFO 35380 --- [buildings] [main] com.vva.buildings.Orenda                 : ID об'єкту порожній у рядку 772, idOrenda: 53418
2025-07-06T13:47:45.552+03:00  INFO 35380 --- [buildings] [main] com.vva.buildings.Orenda                 : ID об'єкту порожній у рядку 773, idOrenda: 53528
2025-07-06T13:47:45.552+03:00  INFO 35380 --- [buildings] [main] com.vva.buildings.Orenda                 : ID об'єкту порожній у рядку 774, idOrenda: 53529
2025-07-06T13:47:45.552+03:00  INFO 35380 --- [buildings] [main] com.vva.buildings.Orenda                 : ID об'єкту порожній у рядку 775, idOrenda: 51305
2025-07-06T13:47:45.552+03:00  INFO 35380 --- [buildings] [main] com.vva.buildings.Orenda                 : ID об'єкту порожній у рядку 776, idOrenda: 51309
2025-07-06T13:47:45.552+03:00  INFO 35380 --- [buildings] [main] com.vva.buildings.Orenda                 : ID об'єкту порожній у рядку 777, idOrenda: 51320
2025-07-06T13:47:45.552+03:00  INFO 35380 --- [buildings] [main] com.vva.buildings.Orenda                 : ID об'єкту порожній у рядку 778, idOrenda: 51833
2025-07-06T13:47:45.552+03:00  INFO 35380 --- [buildings] [main] com.vva.buildings.Orenda                 : ID об'єкту порожній у рядку 779, idOrenda: 51834
2025-07-06T13:47:45.552+03:00  INFO 35380 --- [buildings] [main] com.vva.buildings.Orenda                 : ID об'єкту порожній у рядку 780, idOrenda: 51845
2025-07-06T13:47:45.552+03:00  INFO 35380 --- [buildings] [main] com.vva.buildings.Orenda                 : ID об'єкту порожній у рядку 781, idOrenda: 51846
2025-07-06T13:47:45.552+03:00  INFO 35380 --- [buildings] [main] com.vva.buildings.Orenda                 : ID об'єкту порожній у рядку 782, idOrenda: 48801
2025-07-06T13:47:45.552+03:00  INFO 35380 --- [buildings] [main] com.vva.buildings.Orenda                 : ID об'єкту порожній у рядку 783, idOrenda: 48803
2025-07-06T13:47:45.552+03:00  INFO 35380 --- [buildings] [main] com.vva.buildings.Orenda                 : ID об'єкту порожній у рядку 784, idOrenda: 48808
2025-07-06T13:47:45.552+03:00  INFO 35380 --- [buildings] [main] com.vva.buildings.Orenda                 : ID об'єкту порожній у рядку 785, idOrenda: 48810
2025-07-06T13:47:45.553+03:00  INFO 35380 --- [buildings] [main] com.vva.buildings.Orenda                 : ID об'єкту порожній у рядку 787, idOrenda: 51578
2025-07-06T13:47:45.553+03:00  INFO 35380 --- [buildings] [main] com.vva.buildings.Orenda                 : ID об'єкту порожній у рядку 788, idOrenda: 54382
2025-07-06T13:47:45.553+03:00  INFO 35380 --- [buildings] [main] com.vva.buildings.Orenda                 : ID об'єкту порожній у рядку 791, idOrenda: 59323
2025-07-06T13:47:45.555+03:00  INFO 35380 --- [buildings] [main] com.vva.buildings.Orenda                 : ID об'єкту порожній у рядку 814, idOrenda: 62105
2025-07-06T13:47:45.555+03:00  INFO 35380 --- [buildings] [main] com.vva.buildings.Orenda                 : ID об'єкту порожній у рядку 815, idOrenda: 61640
2025-07-06T13:47:45.555+03:00  INFO 35380 --- [buildings] [main] com.vva.buildings.Orenda                 : ID об'єкту порожній у рядку 816, idOrenda: 61641
2025-07-06T13:47:45.556+03:00  INFO 35380 --- [buildings] [main] com.vva.buildings.Orenda                 : ID об'єкту порожній у рядку 817, idOrenda: 61652
2025-07-06T13:47:45.556+03:00  INFO 35380 --- [buildings] [main] com.vva.buildings.Orenda                 : ID об'єкту порожній у рядку 818, idOrenda: 61653
2025-07-06T13:47:45.556+03:00  INFO 35380 --- [buildings] [main] com.vva.buildings.Orenda                 : ID об'єкту порожній у рядку 819, idOrenda: 62020
2025-07-06T13:47:45.556+03:00  INFO 35380 --- [buildings] [main] com.vva.buildings.Orenda                 : ID об'єкту порожній у рядку 820, idOrenda: 62088
2025-07-06T13:47:45.556+03:00  INFO 35380 --- [buildings] [main] com.vva.buildings.Orenda                 : ID об'єкту порожній у рядку 821, idOrenda: 60399
2025-07-06T13:47:45.556+03:00  INFO 35380 --- [buildings] [main] com.vva.buildings.Orenda                 : ID об'єкту порожній у рядку 822, idOrenda: 60489
2025-07-06T13:47:45.556+03:00  INFO 35380 --- [buildings] [main] com.vva.buildings.Orenda                 : ID об'єкту порожній у рядку 823, idOrenda: 60491
2025-07-06T13:47:45.556+03:00  INFO 35380 --- [buildings] [main] com.vva.buildings.Orenda                 : ID об'єкту порожній у рядку 824, idOrenda: 60624
2025-07-06T13:47:45.556+03:00  INFO 35380 --- [buildings] [main] com.vva.buildings.Orenda                 : ID об'єкту порожній у рядку 825, idOrenda: 60647
2025-07-06T13:47:45.556+03:00  INFO 35380 --- [buildings] [main] com.vva.buildings.Orenda                 : ID об'єкту порожній у рядку 826, idOrenda: 60650
2025-07-06T13:47:45.556+03:00  INFO 35380 --- [buildings] [main] com.vva.buildings.Orenda                 : ID об'єкту порожній у рядку 827, idOrenda: 60656
2025-07-06T13:47:45.556+03:00  INFO 35380 --- [buildings] [main] com.vva.buildings.Orenda                 : ID об'єкту порожній у рядку 828, idOrenda: 60659
2025-07-06T13:47:45.556+03:00  INFO 35380 --- [buildings] [main] com.vva.buildings.Orenda                 : ID об'єкту порожній у рядку 829, idOrenda: 60662
2025-07-06T13:47:45.556+03:00  INFO 35380 --- [buildings] [main] com.vva.buildings.Orenda                 : ID об'єкту порожній у рядку 830, idOrenda: 60664
2025-07-06T13:47:45.557+03:00  INFO 35380 --- [buildings] [main] com.vva.buildings.Orenda                 : ID об'єкту порожній у рядку 838, idOrenda: 69207
2025-07-06T13:47:45.558+03:00  INFO 35380 --- [buildings] [main] com.vva.buildings.Orenda                 : Building with ID 0 not found in tabBuildings, idOrenda: 78333
2025-07-06T13:47:45.559+03:00  INFO 35380 --- [buildings] [main] com.vva.buildings.Orenda                 : Building with ID 0 not found in tabBuildings, idOrenda: 85210
2025-07-06T13:47:45.560+03:00  INFO 35380 --- [buildings] [main] com.vva.buildings.Orenda                 : Building with ID 0 not found in tabBuildings, idOrenda: 85169
2025-07-06T13:47:45.560+03:00  INFO 35380 --- [buildings] [main] com.vva.buildings.Orenda                 : Building with ID 0 not found in tabBuildings, idOrenda: 72225
2025-07-06T13:47:45.561+03:00  INFO 35380 --- [buildings] [main] com.vva.buildings.Orenda                 : Building with ID 48908 not found in tabBuildings, idOrenda: 80519
2025-07-06T13:47:45.562+03:00  INFO 35380 --- [buildings] [main] com.vva.buildings.Orenda                 : Building with ID 58492 not found in tabBuildings, idOrenda: 79780
2025-07-06T13:47:45.567+03:00  INFO 35380 --- [buildings] [main] com.vva.buildings.Orenda                 : ID об'єкту порожній у рядку 936, idOrenda: 65106
2025-07-06T13:47:45.568+03:00  INFO 35380 --- [buildings] [main] com.vva.buildings.Orenda                 : ID об'єкту порожній у рядку 943, idOrenda: 65889
2025-07-06T13:47:45.572+03:00  INFO 35380 --- [buildings] [main] com.vva.buildings.Orenda                 : Building with ID 45594 not found in tabBuildings, idOrenda: 80761
2025-07-06T13:47:45.572+03:00  INFO 35380 --- [buildings] [main] com.vva.buildings.Orenda                 : Building with ID 35655 not found in tabBuildings, idOrenda: 75254
2025-07-06T13:47:45.575+03:00  INFO 35380 --- [buildings] [main] com.vva.buildings.Orenda                 : ID об'єкту порожній у рядку 1016, idOrenda: 64961
2025-07-06T13:47:45.575+03:00  INFO 35380 --- [buildings] [main] com.vva.buildings.Orenda                 : ID об'єкту порожній у рядку 1019, idOrenda: 64966
2025-07-06T13:47:45.576+03:00  INFO 35380 --- [buildings] [main] com.vva.buildings.Orenda                 : ID об'єкту порожній у рядку 1020, idOrenda: 64969
2025-07-06T13:47:45.576+03:00  INFO 35380 --- [buildings] [main] com.vva.buildings.Orenda                 : ID об'єкту порожній у рядку 1024, idOrenda: 64998
2025-07-06T13:47:45.577+03:00  INFO 35380 --- [buildings] [main] com.vva.buildings.Orenda                 : ID об'єкту порожній у рядку 1033, idOrenda: 74327
2025-07-06T13:47:45.577+03:00  INFO 35380 --- [buildings] [main] com.vva.buildings.Orenda                 : Building with ID 46062 not found in tabBuildings, idOrenda: 51836
2025-07-06T13:47:45.577+03:00  INFO 35380 --- [buildings] [main] com.vva.buildings.Orenda                 : ID об'єкту порожній у рядку 1037, idOrenda: 70477
2025-07-06T13:47:45.580+03:00  INFO 35380 --- [buildings] [main] com.vva.buildings.Orenda                 : ID об'єкту порожній у рядку 1067, idOrenda: 66488
2025-07-06T13:47:45.581+03:00  INFO 35380 --- [buildings] [main] com.vva.buildings.Orenda                 : ID об'єкту порожній у рядку 1068, idOrenda: 66495
2025-07-06T13:47:45.581+03:00  INFO 35380 --- [buildings] [main] com.vva.buildings.Orenda                 : ID об'єкту порожній у рядку 1069, idOrenda: 66496
2025-07-06T13:47:45.581+03:00  INFO 35380 --- [buildings] [main] com.vva.buildings.Orenda                 : ID об'єкту порожній у рядку 1070, idOrenda: 66508
2025-07-06T13:47:45.581+03:00  INFO 35380 --- [buildings] [main] com.vva.buildings.Orenda                 : ID об'єкту порожній у рядку 1071, idOrenda: 66510
2025-07-06T13:47:45.588+03:00  INFO 35380 --- [buildings] [main] com.vva.buildings.Orenda                 : Building with ID 61960 not found in tabBuildings, idOrenda: 84841
2025-07-06T13:47:45.589+03:00  INFO 35380 --- [buildings] [main] com.vva.buildings.Orenda                 : ID об'єкту порожній у рядку 1150, idOrenda: 84999
2025-07-06T13:47:45.591+03:00  INFO 35380 --- [buildings] [main] com.vva.buildings.Orenda                 : ID об'єкту порожній у рядку 1166, idOrenda: 66211
2025-07-06T13:47:45.591+03:00  INFO 35380 --- [buildings] [main] com.vva.buildings.Orenda                 : ID об'єкту порожній у рядку 1167, idOrenda: 66212
2025-07-06T13:47:45.591+03:00  INFO 35380 --- [buildings] [main] com.vva.buildings.Orenda                 : ID об'єкту порожній у рядку 1168, idOrenda: 66214
2025-07-06T13:47:45.591+03:00  INFO 35380 --- [buildings] [main] com.vva.buildings.Orenda                 : ID об'єкту порожній у рядку 1169, idOrenda: 66215
2025-07-06T13:47:45.592+03:00  INFO 35380 --- [buildings] [main] com.vva.buildings.Orenda                 : ID об'єкту порожній у рядку 1170, idOrenda: 66222
2025-07-06T13:47:45.592+03:00  INFO 35380 --- [buildings] [main] com.vva.buildings.Orenda                 : ID об'єкту порожній у рядку 1171, idOrenda: 66224
2025-07-06T13:47:45.592+03:00  INFO 35380 --- [buildings] [main] com.vva.buildings.Orenda                 : ID об'єкту порожній у рядку 1172, idOrenda: 66230
2025-07-06T13:47:45.592+03:00  INFO 35380 --- [buildings] [main] com.vva.buildings.Orenda                 : ID об'єкту порожній у рядку 1173, idOrenda: 66271
2025-07-06T13:47:45.592+03:00  INFO 35380 --- [buildings] [main] com.vva.buildings.Orenda                 : ID об'єкту порожній у рядку 1174, idOrenda: 66326
2025-07-06T13:47:45.592+03:00  INFO 35380 --- [buildings] [main] com.vva.buildings.Orenda                 : ID об'єкту порожній у рядку 1175, idOrenda: 66398
2025-07-06T13:47:45.592+03:00  INFO 35380 --- [buildings] [main] com.vva.buildings.Orenda                 : ID об'єкту порожній у рядку 1176, idOrenda: 66399
2025-07-06T13:47:45.593+03:00  INFO 35380 --- [buildings] [main] com.vva.buildings.Orenda                 : Building with ID 58323 not found in tabBuildings, idOrenda: 79324
2025-07-06T13:47:45.597+03:00  INFO 35380 --- [buildings] [main] com.vva.buildings.Orenda                 : Building with ID 45964 not found in tabBuildings, idOrenda: 78259
2025-07-06T13:47:45.600+03:00  INFO 35380 --- [buildings] [main] com.vva.buildings.Orenda                 : ID об'єкту порожній у рядку 1258, idOrenda: 54437
2025-07-06T13:47:45.600+03:00  INFO 35380 --- [buildings] [main] com.vva.buildings.Orenda                 : ID об'єкту порожній у рядку 1259, idOrenda: 64851
2025-07-06T13:47:45.601+03:00  INFO 35380 --- [buildings] [main] com.vva.buildings.Orenda                 : ID об'єкту порожній у рядку 1262, idOrenda: 64891
2025-07-06T13:47:45.601+03:00  INFO 35380 --- [buildings] [main] com.vva.buildings.Orenda                 : ID об'єкту порожній у рядку 1269, idOrenda: 73800
2025-07-06T13:47:45.604+03:00  INFO 35380 --- [buildings] [main] com.vva.buildings.Orenda                 : Building with ID 46099 not found in tabBuildings, idOrenda: 82743
2025-07-06T13:47:45.606+03:00  INFO 35380 --- [buildings] [main] com.vva.buildings.Orenda                 : Building with ID 46006 not found in tabBuildings, idOrenda: 83601
2025-07-06T13:47:45.610+03:00  INFO 35380 --- [buildings] [main] com.vva.buildings.Orenda                 : ID об'єкту порожній у рядку 1349, idOrenda: 83136
2025-07-06T13:47:45.614+03:00  INFO 35380 --- [buildings] [main] com.vva.buildings.Orenda                 : ID об'єкту порожній у рядку 1393, idOrenda: 60743
2025-07-06T13:47:45.617+03:00  INFO 35380 --- [buildings] [main] com.vva.buildings.Orenda                 : Building with ID 1143 not found in tabBuildings, idOrenda: 82050
2025-07-06T13:47:45.627+03:00  INFO 35380 --- [buildings] [main] com.vva.buildings.Orenda                 : Building with ID 56266 not found in tabBuildings, idOrenda: 78668
2025-07-06T13:47:45.628+03:00  INFO 35380 --- [buildings] [main] com.vva.buildings.Orenda                 : ID об'єкту порожній у рядку 1522, idOrenda: 21726
2025-07-06T13:47:45.629+03:00  INFO 35380 --- [buildings] [main] com.vva.buildings.Orenda                 : ID об'єкту порожній у рядку 1531, idOrenda: 62029
2025-07-06T13:47:45.629+03:00  INFO 35380 --- [buildings] [main] com.vva.buildings.Orenda                 : ID об'єкту порожній у рядку 1534, idOrenda: 65928
2025-07-06T13:47:45.629+03:00  INFO 35380 --- [buildings] [main] com.vva.buildings.Orenda                 : ID об'єкту порожній у рядку 1535, idOrenda: 65929
2025-07-06T13:47:45.629+03:00  INFO 35380 --- [buildings] [main] com.vva.buildings.Orenda                 : ID об'єкту порожній у рядку 1536, idOrenda: 65931
2025-07-06T13:47:45.629+03:00  INFO 35380 --- [buildings] [main] com.vva.buildings.Orenda                 : ID об'єкту порожній у рядку 1537, idOrenda: 65949
2025-07-06T13:47:45.630+03:00  INFO 35380 --- [buildings] [main] com.vva.buildings.Orenda                 : ID об'єкту порожній у рядку 1541, idOrenda: 66184
2025-07-06T13:47:45.630+03:00  INFO 35380 --- [buildings] [main] com.vva.buildings.Orenda                 : ID об'єкту порожній у рядку 1542, idOrenda: 66191
2025-07-06T13:47:45.630+03:00  INFO 35380 --- [buildings] [main] com.vva.buildings.Orenda                 : ID об'єкту порожній у рядку 1543, idOrenda: 66192
2025-07-06T13:47:45.630+03:00  INFO 35380 --- [buildings] [main] com.vva.buildings.Orenda                 : ID об'єкту порожній у рядку 1544, idOrenda: 66193
2025-07-06T13:47:45.630+03:00  INFO 35380 --- [buildings] [main] com.vva.buildings.Orenda                 : ID об'єкту порожній у рядку 1545, idOrenda: 66206
2025-07-06T13:47:45.633+03:00  INFO 35380 --- [buildings] [main] com.vva.buildings.Orenda                 : ID об'єкту порожній у рядку 1573, idOrenda: 73419
2025-07-06T13:47:45.633+03:00  INFO 35380 --- [buildings] [main] com.vva.buildings.Orenda                 : ID об'єкту порожній у рядку 1574, idOrenda: 74638
2025-07-06T13:47:45.633+03:00  INFO 35380 --- [buildings] [main] com.vva.buildings.Orenda                 : ID об'єкту порожній у рядку 1575, idOrenda: 74639
2025-07-06T13:47:45.633+03:00  INFO 35380 --- [buildings] [main] com.vva.buildings.Orenda                 : ID об'єкту порожній у рядку 1576, idOrenda: 74641
2025-07-06T13:47:45.633+03:00  INFO 35380 --- [buildings] [main] com.vva.buildings.Orenda                 : ID об'єкту порожній у рядку 1577, idOrenda: 74642
2025-07-06T13:47:45.633+03:00  INFO 35380 --- [buildings] [main] com.vva.buildings.Orenda                 : ID об'єкту порожній у рядку 1578, idOrenda: 74643
2025-07-06T13:47:45.633+03:00  INFO 35380 --- [buildings] [main] com.vva.buildings.Orenda                 : ID об'єкту порожній у рядку 1579, idOrenda: 74645
2025-07-06T13:47:45.633+03:00  INFO 35380 --- [buildings] [main] com.vva.buildings.Orenda                 : ID об'єкту порожній у рядку 1580, idOrenda: 74646
2025-07-06T13:47:45.633+03:00  INFO 35380 --- [buildings] [main] com.vva.buildings.Orenda                 : ID об'єкту порожній у рядку 1581, idOrenda: 74647
2025-07-06T13:47:45.633+03:00  INFO 35380 --- [buildings] [main] com.vva.buildings.Orenda                 : ID об'єкту порожній у рядку 1582, idOrenda: 74649
2025-07-06T13:47:45.633+03:00  INFO 35380 --- [buildings] [main] com.vva.buildings.Orenda                 : ID об'єкту порожній у рядку 1583, idOrenda: 74650
2025-07-06T13:47:45.633+03:00  INFO 35380 --- [buildings] [main] com.vva.buildings.Orenda                 : ID об'єкту порожній у рядку 1584, idOrenda: 74652
2025-07-06T13:47:45.633+03:00  INFO 35380 --- [buildings] [main] com.vva.buildings.Orenda                 : ID об'єкту порожній у рядку 1585, idOrenda: 74654
2025-07-06T13:47:45.633+03:00  INFO 35380 --- [buildings] [main] com.vva.buildings.Orenda                 : ID об'єкту порожній у рядку 1586, idOrenda: 74509
2025-07-06T13:47:45.633+03:00  INFO 35380 --- [buildings] [main] com.vva.buildings.Orenda                 : ID об'єкту порожній у рядку 1587, idOrenda: 74510
2025-07-06T13:47:45.633+03:00  INFO 35380 --- [buildings] [main] com.vva.buildings.Orenda                 : ID об'єкту порожній у рядку 1588, idOrenda: 74511
2025-07-06T13:47:45.633+03:00  INFO 35380 --- [buildings] [main] com.vva.buildings.Orenda                 : ID об'єкту порожній у рядку 1589, idOrenda: 74512
2025-07-06T13:47:45.633+03:00  INFO 35380 --- [buildings] [main] com.vva.buildings.Orenda                 : ID об'єкту порожній у рядку 1590, idOrenda: 74513
2025-07-06T13:47:45.633+03:00  INFO 35380 --- [buildings] [main] com.vva.buildings.Orenda                 : ID об'єкту порожній у рядку 1591, idOrenda: 74514
2025-07-06T13:47:45.634+03:00  INFO 35380 --- [buildings] [main] com.vva.buildings.Orenda                 : ID об'єкту порожній у рядку 1592, idOrenda: 74515
2025-07-06T13:47:45.634+03:00  INFO 35380 --- [buildings] [main] com.vva.buildings.Orenda                 : ID об'єкту порожній у рядку 1593, idOrenda: 74516
2025-07-06T13:47:45.634+03:00  INFO 35380 --- [buildings] [main] com.vva.buildings.Orenda                 : ID об'єкту порожній у рядку 1594, idOrenda: 74517
2025-07-06T13:47:45.634+03:00  INFO 35380 --- [buildings] [main] com.vva.buildings.Orenda                 : ID об'єкту порожній у рядку 1595, idOrenda: 74518
2025-07-06T13:47:45.634+03:00  INFO 35380 --- [buildings] [main] com.vva.buildings.Orenda                 : ID об'єкту порожній у рядку 1596, idOrenda: 74519
2025-07-06T13:47:45.634+03:00  INFO 35380 --- [buildings] [main] com.vva.buildings.Orenda                 : ID об'єкту порожній у рядку 1597, idOrenda: 74520
2025-07-06T13:47:45.634+03:00  INFO 35380 --- [buildings] [main] com.vva.buildings.Orenda                 : ID об'єкту порожній у рядку 1598, idOrenda: 74521
2025-07-06T13:47:45.634+03:00  INFO 35380 --- [buildings] [main] com.vva.buildings.Orenda                 : ID об'єкту порожній у рядку 1599, idOrenda: 74522
2025-07-06T13:47:45.634+03:00  INFO 35380 --- [buildings] [main] com.vva.buildings.Orenda                 : ID об'єкту порожній у рядку 1600, idOrenda: 74523
2025-07-06T13:47:45.634+03:00  INFO 35380 --- [buildings] [main] com.vva.buildings.Orenda                 : ID об'єкту порожній у рядку 1601, idOrenda: 74524
2025-07-06T13:47:45.634+03:00  INFO 35380 --- [buildings] [main] com.vva.buildings.Orenda                 : ID об'єкту порожній у рядку 1602, idOrenda: 74525
2025-07-06T13:47:45.634+03:00  INFO 35380 --- [buildings] [main] com.vva.buildings.Orenda                 : ID об'єкту порожній у рядку 1603, idOrenda: 74526
2025-07-06T13:47:45.634+03:00  INFO 35380 --- [buildings] [main] com.vva.buildings.Orenda                 : ID об'єкту порожній у рядку 1604, idOrenda: 74527
2025-07-06T13:47:45.634+03:00  INFO 35380 --- [buildings] [main] com.vva.buildings.Orenda                 : ID об'єкту порожній у рядку 1605, idOrenda: 74528
2025-07-06T13:47:45.634+03:00  INFO 35380 --- [buildings] [main] com.vva.buildings.Orenda                 : ID об'єкту порожній у рядку 1606, idOrenda: 74529
2025-07-06T13:47:45.634+03:00  INFO 35380 --- [buildings] [main] com.vva.buildings.Orenda                 : ID об'єкту порожній у рядку 1607, idOrenda: 74532
2025-07-06T13:47:45.634+03:00  INFO 35380 --- [buildings] [main] com.vva.buildings.Orenda                 : ID об'єкту порожній у рядку 1608, idOrenda: 74533
2025-07-06T13:47:45.634+03:00  INFO 35380 --- [buildings] [main] com.vva.buildings.Orenda                 : ID об'єкту порожній у рядку 1609, idOrenda: 74534
2025-07-06T13:47:45.634+03:00  INFO 35380 --- [buildings] [main] com.vva.buildings.Orenda                 : ID об'єкту порожній у рядку 1610, idOrenda: 74535
2025-07-06T13:47:45.634+03:00  INFO 35380 --- [buildings] [main] com.vva.buildings.Orenda                 : ID об'єкту порожній у рядку 1611, idOrenda: 74536
2025-07-06T13:47:45.634+03:00  INFO 35380 --- [buildings] [main] com.vva.buildings.Orenda                 : ID об'єкту порожній у рядку 1612, idOrenda: 74537
2025-07-06T13:47:45.634+03:00  INFO 35380 --- [buildings] [main] com.vva.buildings.Orenda                 : ID об'єкту порожній у рядку 1613, idOrenda: 74538
2025-07-06T13:47:45.635+03:00  INFO 35380 --- [buildings] [main] com.vva.buildings.Orenda                 : ID об'єкту порожній у рядку 1614, idOrenda: 74539
2025-07-06T13:47:45.635+03:00  INFO 35380 --- [buildings] [main] com.vva.buildings.Orenda                 : ID об'єкту порожній у рядку 1615, idOrenda: 74540
2025-07-06T13:47:45.635+03:00  INFO 35380 --- [buildings] [main] com.vva.buildings.Orenda                 : ID об'єкту порожній у рядку 1616, idOrenda: 74541
2025-07-06T13:47:45.635+03:00  INFO 35380 --- [buildings] [main] com.vva.buildings.Orenda                 : ID об'єкту порожній у рядку 1617, idOrenda: 74542
2025-07-06T13:47:45.635+03:00  INFO 35380 --- [buildings] [main] com.vva.buildings.Orenda                 : ID об'єкту порожній у рядку 1618, idOrenda: 74543
2025-07-06T13:47:45.635+03:00  INFO 35380 --- [buildings] [main] com.vva.buildings.Orenda                 : ID об'єкту порожній у рядку 1619, idOrenda: 74545
2025-07-06T13:47:45.635+03:00  INFO 35380 --- [buildings] [main] com.vva.buildings.Orenda                 : ID об'єкту порожній у рядку 1620, idOrenda: 74547
2025-07-06T13:47:45.635+03:00  INFO 35380 --- [buildings] [main] com.vva.buildings.Orenda                 : ID об'єкту порожній у рядку 1621, idOrenda: 74548
2025-07-06T13:47:45.635+03:00  INFO 35380 --- [buildings] [main] com.vva.buildings.Orenda                 : ID об'єкту порожній у рядку 1622, idOrenda: 74498
2025-07-06T13:47:45.635+03:00  INFO 35380 --- [buildings] [main] com.vva.buildings.Orenda                 : ID об'єкту порожній у рядку 1623, idOrenda: 74499
2025-07-06T13:47:45.635+03:00  INFO 35380 --- [buildings] [main] com.vva.buildings.Orenda                 : ID об'єкту порожній у рядку 1624, idOrenda: 74500
2025-07-06T13:47:45.635+03:00  INFO 35380 --- [buildings] [main] com.vva.buildings.Orenda                 : ID об'єкту порожній у рядку 1625, idOrenda: 74501
2025-07-06T13:47:45.635+03:00  INFO 35380 --- [buildings] [main] com.vva.buildings.Orenda                 : ID об'єкту порожній у рядку 1626, idOrenda: 74502
2025-07-06T13:47:45.635+03:00  INFO 35380 --- [buildings] [main] com.vva.buildings.Orenda                 : ID об'єкту порожній у рядку 1627, idOrenda: 74503
2025-07-06T13:47:45.635+03:00  INFO 35380 --- [buildings] [main] com.vva.buildings.Orenda                 : ID об'єкту порожній у рядку 1628, idOrenda: 74504
2025-07-06T13:47:45.635+03:00  INFO 35380 --- [buildings] [main] com.vva.buildings.Orenda                 : ID об'єкту порожній у рядку 1629, idOrenda: 74506
2025-07-06T13:47:45.635+03:00  INFO 35380 --- [buildings] [main] com.vva.buildings.Orenda                 : ID об'єкту порожній у рядку 1630, idOrenda: 74507
2025-07-06T13:47:45.635+03:00  INFO 35380 --- [buildings] [main] com.vva.buildings.Orenda                 : ID об'єкту порожній у рядку 1631, idOrenda: 75143
2025-07-06T13:47:45.635+03:00  INFO 35380 --- [buildings] [main] com.vva.buildings.Orenda                 : ID об'єкту порожній у рядку 1632, idOrenda: 75144
2025-07-06T13:47:45.635+03:00  INFO 35380 --- [buildings] [main] com.vva.buildings.Orenda                 : ID об'єкту порожній у рядку 1633, idOrenda: 75145
2025-07-06T13:47:45.636+03:00  INFO 35380 --- [buildings] [main] com.vva.buildings.Orenda                 : ID об'єкту порожній у рядку 1634, idOrenda: 75146
2025-07-06T13:47:45.636+03:00  INFO 35380 --- [buildings] [main] com.vva.buildings.Orenda                 : ID об'єкту порожній у рядку 1635, idOrenda: 75147
2025-07-06T13:47:45.636+03:00  INFO 35380 --- [buildings] [main] com.vva.buildings.Orenda                 : ID об'єкту порожній у рядку 1636, idOrenda: 75148
2025-07-06T13:47:45.636+03:00  INFO 35380 --- [buildings] [main] com.vva.buildings.Orenda                 : ID об'єкту порожній у рядку 1642, idOrenda: 74224
2025-07-06T13:47:45.636+03:00  INFO 35380 --- [buildings] [main] com.vva.buildings.Orenda                 : ID об'єкту порожній у рядку 1643, idOrenda: 74227
2025-07-06T13:47:45.636+03:00  INFO 35380 --- [buildings] [main] com.vva.buildings.Orenda                 : ID об'єкту порожній у рядку 1644, idOrenda: 74228
2025-07-06T13:47:45.636+03:00  INFO 35380 --- [buildings] [main] com.vva.buildings.Orenda                 : ID об'єкту порожній у рядку 1645, idOrenda: 74229
2025-07-06T13:47:45.637+03:00  INFO 35380 --- [buildings] [main] com.vva.buildings.Orenda                 : ID об'єкту порожній у рядку 1646, idOrenda: 74230
2025-07-06T13:47:45.637+03:00  INFO 35380 --- [buildings] [main] com.vva.buildings.Orenda                 : ID об'єкту порожній у рядку 1647, idOrenda: 74231
2025-07-06T13:47:45.637+03:00  INFO 35380 --- [buildings] [main] com.vva.buildings.Orenda                 : ID об'єкту порожній у рядку 1648, idOrenda: 74215
2025-07-06T13:47:45.637+03:00  INFO 35380 --- [buildings] [main] com.vva.buildings.Orenda                 : ID об'єкту порожній у рядку 1649, idOrenda: 75404
2025-07-06T13:47:45.637+03:00  INFO 35380 --- [buildings] [main] com.vva.buildings.Orenda                 : ID об'єкту порожній у рядку 1650, idOrenda: 75405
2025-07-06T13:47:45.637+03:00  INFO 35380 --- [buildings] [main] com.vva.buildings.Orenda                 : ID об'єкту порожній у рядку 1651, idOrenda: 75406
2025-07-06T13:47:45.637+03:00  INFO 35380 --- [buildings] [main] com.vva.buildings.Orenda                 : ID об'єкту порожній у рядку 1652, idOrenda: 75407
2025-07-06T13:47:45.637+03:00  INFO 35380 --- [buildings] [main] com.vva.buildings.Orenda                 : ID об'єкту порожній у рядку 1653, idOrenda: 75408
2025-07-06T13:47:45.637+03:00  INFO 35380 --- [buildings] [main] com.vva.buildings.Orenda                 : ID об'єкту порожній у рядку 1654, idOrenda: 75409
2025-07-06T13:47:45.637+03:00  INFO 35380 --- [buildings] [main] com.vva.buildings.Orenda                 : ID об'єкту порожній у рядку 1655, idOrenda: 75410
2025-07-06T13:47:45.637+03:00  INFO 35380 --- [buildings] [main] com.vva.buildings.Orenda                 : ID об'єкту порожній у рядку 1656, idOrenda: 73983
2025-07-06T13:47:45.637+03:00  INFO 35380 --- [buildings] [main] com.vva.buildings.Orenda                 : ID об'єкту порожній у рядку 1657, idOrenda: 73985
2025-07-06T13:47:45.637+03:00  INFO 35380 --- [buildings] [main] com.vva.buildings.Orenda                 : ID об'єкту порожній у рядку 1658, idOrenda: 73987
2025-07-06T13:47:45.637+03:00  INFO 35380 --- [buildings] [main] com.vva.buildings.Orenda                 : ID об'єкту порожній у рядку 1659, idOrenda: 73988
2025-07-06T13:47:45.637+03:00  INFO 35380 --- [buildings] [main] com.vva.buildings.Orenda                 : ID об'єкту порожній у рядку 1660, idOrenda: 73989
2025-07-06T13:47:45.637+03:00  INFO 35380 --- [buildings] [main] com.vva.buildings.Orenda                 : ID об'єкту порожній у рядку 1661, idOrenda: 73990
2025-07-06T13:47:45.637+03:00  INFO 35380 --- [buildings] [main] com.vva.buildings.Orenda                 : ID об'єкту порожній у рядку 1662, idOrenda: 74061
2025-07-06T13:47:45.637+03:00  INFO 35380 --- [buildings] [main] com.vva.buildings.Orenda                 : ID об'єкту порожній у рядку 1663, idOrenda: 74072
2025-07-06T13:47:45.637+03:00  INFO 35380 --- [buildings] [main] com.vva.buildings.Orenda                 : Building with ID 45004 not found in tabBuildings, idOrenda: 72894
2025-07-06T13:47:45.637+03:00  INFO 35380 --- [buildings] [main] com.vva.buildings.Orenda                 : Building with ID 45004 not found in tabBuildings, idOrenda: 81601
2025-07-06T13:47:45.637+03:00  INFO 35380 --- [buildings] [main] com.vva.buildings.Orenda                 : Building with ID 45004 not found in tabBuildings, idOrenda: 71925
2025-07-06T13:47:45.637+03:00  INFO 35380 --- [buildings] [main] com.vva.buildings.Orenda                 : Building with ID 45004 not found in tabBuildings, idOrenda: 83599
2025-07-06T13:47:45.638+03:00  INFO 35380 --- [buildings] [main] com.vva.buildings.Orenda                 : Building with ID 0 not found in tabBuildings, idOrenda: 85244
2025-07-06T13:47:45.643+03:00  INFO 35380 --- [buildings] [main] com.vva.buildings.Orenda                 : Building with ID 0 not found in tabBuildings, idOrenda: 85254
2025-07-06T13:47:45.643+03:00  INFO 35380 --- [buildings] [main] com.vva.buildings.Orenda                 : Building with ID 9999 not found in tabBuildings, idOrenda: 82766
2025-07-06T13:47:45.643+03:00  INFO 35380 --- [buildings] [main] com.vva.buildings.Orenda                 : Building with ID 0 not found in tabBuildings, idOrenda: 84415
2025-07-06T13:47:45.646+03:00  INFO 35380 --- [buildings] [main] com.vva.buildings.Orenda                 : ID об'єкту порожній у рядку 1739, idOrenda: 63031
2025-07-06T13:47:45.646+03:00  INFO 35380 --- [buildings] [main] com.vva.buildings.Orenda                 : ID об'єкту порожній у рядку 1740, idOrenda: 66022
2025-07-06T13:47:45.646+03:00  INFO 35380 --- [buildings] [main] com.vva.buildings.Orenda                 : ID об'єкту порожній у рядку 1741, idOrenda: 66023
2025-07-06T13:47:45.646+03:00  INFO 35380 --- [buildings] [main] com.vva.buildings.Orenda                 : ID об'єкту порожній у рядку 1745, idOrenda: 69235
2025-07-06T13:47:45.647+03:00  INFO 35380 --- [buildings] [main] com.vva.buildings.Orenda                 : ID об'єкту порожній у рядку 1746, idOrenda: 72731
2025-07-06T13:47:45.647+03:00  INFO 35380 --- [buildings] [main] com.vva.buildings.Orenda                 : Building with ID 45679 not found in tabBuildings, idOrenda: 73949
2025-07-06T13:47:45.647+03:00  INFO 35380 --- [buildings] [main] com.vva.buildings.Orenda                 : Building with ID 45679 not found in tabBuildings, idOrenda: 77026
2025-07-06T13:47:45.647+03:00  INFO 35380 --- [buildings] [main] com.vva.buildings.Orenda                 : Building with ID 45679 not found in tabBuildings, idOrenda: 79430
2025-07-06T13:47:45.647+03:00  INFO 35380 --- [buildings] [main] com.vva.buildings.Orenda                 : Building with ID 45679 not found in tabBuildings, idOrenda: 72650
2025-07-06T13:47:45.647+03:00  INFO 35380 --- [buildings] [main] com.vva.buildings.Orenda                 : ID об'єкту порожній у рядку 1755, idOrenda: 73258
2025-07-06T13:47:45.648+03:00  INFO 35380 --- [buildings] [main] com.vva.buildings.Orenda                 : Building with ID 9965 not found in tabBuildings, idOrenda: 70958
2025-07-06T13:47:45.648+03:00  INFO 35380 --- [buildings] [main] com.vva.buildings.Orenda                 : Building with ID 9965 not found in tabBuildings, idOrenda: 80161
2025-07-06T13:47:45.648+03:00  INFO 35380 --- [buildings] [main] com.vva.buildings.Orenda                 : Building with ID 9965 not found in tabBuildings, idOrenda: 80897
2025-07-06T13:47:45.648+03:00  INFO 35380 --- [buildings] [main] com.vva.buildings.Orenda                 : Building with ID 9965 not found in tabBuildings, idOrenda: 80910
2025-07-06T13:47:45.648+03:00  INFO 35380 --- [buildings] [main] com.vva.buildings.Orenda                 : Building with ID 9965 not found in tabBuildings, idOrenda: 80912
2025-07-06T13:47:45.649+03:00  INFO 35380 --- [buildings] [main] com.vva.buildings.Orenda                 : Building with ID 47092 not found in tabBuildings, idOrenda: 73670
2025-07-06T13:47:45.649+03:00  INFO 35380 --- [buildings] [main] com.vva.buildings.Orenda                 : Building with ID 47092 not found in tabBuildings, idOrenda: 73672
2025-07-06T13:47:45.650+03:00  INFO 35380 --- [buildings] [main] com.vva.buildings.Orenda                 : ID об'єкту порожній у рядку 1783, idOrenda: 85274
2025-07-06T13:47:45.652+03:00  INFO 35380 --- [buildings] [main] com.vva.buildings.Orenda                 : Building with ID 0 not found in tabBuildings, idOrenda: 72833
2025-07-06T13:47:45.654+03:00  INFO 35380 --- [buildings] [main] com.vva.buildings.Orenda                 : Building with ID 7975 not found in tabBuildings, idOrenda: 79414
2025-07-06T13:47:45.654+03:00  INFO 35380 --- [buildings] [main] com.vva.buildings.Orenda                 : Building with ID 5894 not found in tabBuildings, idOrenda: 83678
2025-07-06T13:47:45.654+03:00  INFO 35380 --- [buildings] [main] com.vva.buildings.Orenda                 : Building with ID 5625 not found in tabBuildings, idOrenda: 83122
2025-07-06T13:47:45.655+03:00  INFO 35380 --- [buildings] [main] com.vva.buildings.Orenda                 : Building with ID 30311 not found in tabBuildings, idOrenda: 76339
2025-07-06T13:47:45.655+03:00  INFO 35380 --- [buildings] [main] com.vva.buildings.Orenda                 : Building with ID 30311 not found in tabBuildings, idOrenda: 57806
2025-07-06T13:47:45.658+03:00  INFO 35380 --- [buildings] [main] com.vva.buildings.Orenda                 : Building with ID 56242 not found in tabBuildings, idOrenda: 79286
2025-07-06T13:47:45.658+03:00  INFO 35380 --- [buildings] [main] com.vva.buildings.Orenda                 : Building with ID 0 not found in tabBuildings, idOrenda: 79508
2025-07-06T13:47:45.658+03:00  INFO 35380 --- [buildings] [main] com.vva.buildings.Orenda                 : ID об'єкту порожній у рядку 1857, idOrenda: 75788
2025-07-06T13:47:45.659+03:00  INFO 35380 --- [buildings] [main] com.vva.buildings.Orenda                 : ID об'єкту порожній у рядку 1858, idOrenda: 75954
2025-07-06T13:47:45.659+03:00  INFO 35380 --- [buildings] [main] com.vva.buildings.Orenda                 : ID об'єкту порожній у рядку 1859, idOrenda: 70910
2025-07-06T13:47:45.659+03:00  INFO 35380 --- [buildings] [main] com.vva.buildings.Orenda                 : ID об'єкту порожній у рядку 1860, idOrenda: 70911
2025-07-06T13:47:45.659+03:00  INFO 35380 --- [buildings] [main] com.vva.buildings.Orenda                 : ID об'єкту порожній у рядку 1861, idOrenda: 70914
2025-07-06T13:47:45.659+03:00  INFO 35380 --- [buildings] [main] com.vva.buildings.Orenda                 : ID об'єкту порожній у рядку 1862, idOrenda: 70915
2025-07-06T13:47:45.660+03:00  INFO 35380 --- [buildings] [main] com.vva.buildings.Orenda                 : ID об'єкту порожній у рядку 1871, idOrenda: 61211
2025-07-06T13:47:45.660+03:00  INFO 35380 --- [buildings] [main] com.vva.buildings.Orenda                 : ID об'єкту порожній у рядку 1872, idOrenda: 47930
2025-07-06T13:47:45.660+03:00  INFO 35380 --- [buildings] [main] com.vva.buildings.Orenda                 : ID об'єкту порожній у рядку 1873, idOrenda: 47932
2025-07-06T13:47:45.660+03:00  INFO 35380 --- [buildings] [main] com.vva.buildings.Orenda                 : ID об'єкту порожній у рядку 1874, idOrenda: 52621
2025-07-06T13:47:45.660+03:00  INFO 35380 --- [buildings] [main] com.vva.buildings.Orenda                 : ID об'єкту порожній у рядку 1875, idOrenda: 63918
2025-07-06T13:47:45.660+03:00  INFO 35380 --- [buildings] [main] com.vva.buildings.Orenda                 : ID об'єкту порожній у рядку 1876, idOrenda: 63161
2025-07-06T13:47:45.660+03:00  INFO 35380 --- [buildings] [main] com.vva.buildings.Orenda                 : ID об'єкту порожній у рядку 1877, idOrenda: 63162
2025-07-06T13:47:45.660+03:00  INFO 35380 --- [buildings] [main] com.vva.buildings.Orenda                 : ID об'єкту порожній у рядку 1878, idOrenda: 63198
2025-07-06T13:47:45.660+03:00  INFO 35380 --- [buildings] [main] com.vva.buildings.Orenda                 : ID об'єкту порожній у рядку 1879, idOrenda: 62129
2025-07-06T13:47:45.660+03:00  INFO 35380 --- [buildings] [main] com.vva.buildings.Orenda                 : ID об'єкту порожній у рядку 1880, idOrenda: 36261
2025-07-06T13:47:45.660+03:00  INFO 35380 --- [buildings] [main] com.vva.buildings.Orenda                 : ID об'єкту порожній у рядку 1881, idOrenda: 37319
2025-07-06T13:47:45.660+03:00  INFO 35380 --- [buildings] [main] com.vva.buildings.Orenda                 : ID об'єкту порожній у рядку 1882, idOrenda: 64763
2025-07-06T13:47:45.660+03:00  INFO 35380 --- [buildings] [main] com.vva.buildings.Orenda                 : ID об'єкту порожній у рядку 1883, idOrenda: 51413
2025-07-06T13:47:45.660+03:00  INFO 35380 --- [buildings] [main] com.vva.buildings.Orenda                 : ID об'єкту порожній у рядку 1884, idOrenda: 38835
2025-07-06T13:47:45.664+03:00  INFO 35380 --- [buildings] [main] com.vva.buildings.Orenda                 : Building with ID 2114 not found in tabBuildings, idOrenda: 60938
2025-07-06T13:47:45.664+03:00  INFO 35380 --- [buildings] [main] com.vva.buildings.Orenda                 : Building with ID 2114 not found in tabBuildings, idOrenda: 75666
2025-07-06T13:47:45.664+03:00  INFO 35380 --- [buildings] [main] com.vva.buildings.Orenda                 : Building with ID 2114 not found in tabBuildings, idOrenda: 71327
2025-07-06T13:47:45.664+03:00  INFO 35380 --- [buildings] [main] com.vva.buildings.Orenda                 : ID об'єкту порожній у рядку 1918, idOrenda: 71328
2025-07-06T13:47:45.664+03:00  INFO 35380 --- [buildings] [main] com.vva.buildings.Orenda                 : ID об'єкту порожній у рядку 1919, idOrenda: 76964
2025-07-06T13:47:45.664+03:00  INFO 35380 --- [buildings] [main] com.vva.buildings.Orenda                 : Building with ID 33850 not found in tabBuildings, idOrenda: 62098
2025-07-06T13:47:45.664+03:00  INFO 35380 --- [buildings] [main] com.vva.buildings.Orenda                 : Building with ID 1534 not found in tabBuildings, idOrenda: 71964
2025-07-06T13:47:45.664+03:00  INFO 35380 --- [buildings] [main] com.vva.buildings.Orenda                 : ID об'єкту порожній у рядку 1923, idOrenda: 72734
2025-07-06T13:47:45.664+03:00  INFO 35380 --- [buildings] [main] com.vva.buildings.Orenda                 : ID об'єкту порожній у рядку 1924, idOrenda: 56387
2025-07-06T13:47:45.664+03:00  INFO 35380 --- [buildings] [main] com.vva.buildings.Orenda                 : ID об'єкту порожній у рядку 1925, idOrenda: 56389
2025-07-06T13:47:45.664+03:00  INFO 35380 --- [buildings] [main] com.vva.buildings.Orenda                 : ID об'єкту порожній у рядку 1926, idOrenda: 61121
2025-07-06T13:47:45.664+03:00  INFO 35380 --- [buildings] [main] com.vva.buildings.Orenda                 : ID об'єкту порожній у рядку 1927, idOrenda: 48661
2025-07-06T13:47:45.667+03:00  INFO 35380 --- [buildings] [main] com.vva.buildings.Orenda                 : Building with ID 0 not found in tabBuildings, idOrenda: 85407
2025-07-06T13:47:45.667+03:00  INFO 35380 --- [buildings] [main] com.vva.buildings.Orenda                 : ID об'єкту порожній у рядку 1950, idOrenda: 52188
2025-07-06T13:47:45.667+03:00  INFO 35380 --- [buildings] [main] com.vva.buildings.Orenda                 : ID об'єкту порожній у рядку 1951, idOrenda: 63168
2025-07-06T13:47:45.667+03:00  INFO 35380 --- [buildings] [main] com.vva.buildings.Orenda                 : ID об'єкту порожній у рядку 1952, idOrenda: 60599
2025-07-06T13:47:45.667+03:00  INFO 35380 --- [buildings] [main] com.vva.buildings.Orenda                 : ID об'єкту порожній у рядку 1953, idOrenda: 56281
2025-07-06T13:47:45.668+03:00  INFO 35380 --- [buildings] [main] com.vva.buildings.Orenda                 : ID об'єкту порожній у рядку 1954, idOrenda: 56282
2025-07-06T13:47:45.668+03:00  INFO 35380 --- [buildings] [main] com.vva.buildings.Orenda                 : ID об'єкту порожній у рядку 1955, idOrenda: 56283
2025-07-06T13:47:45.668+03:00  INFO 35380 --- [buildings] [main] com.vva.buildings.Orenda                 : Building with ID 0 not found in tabBuildings, idOrenda: 81966
2025-07-06T13:47:45.669+03:00  INFO 35380 --- [buildings] [main] com.vva.buildings.Orenda                 : ID об'єкту порожній у рядку 1965, idOrenda: 73965
2025-07-06T13:47:45.669+03:00  INFO 35380 --- [buildings] [main] com.vva.buildings.Orenda                 : ID об'єкту порожній у рядку 1970, idOrenda: 75956
2025-07-06T13:47:45.669+03:00  INFO 35380 --- [buildings] [main] com.vva.buildings.Orenda                 : ID об'єкту порожній у рядку 1971, idOrenda: 75957
2025-07-06T13:47:45.669+03:00  INFO 35380 --- [buildings] [main] com.vva.buildings.Orenda                 : ID об'єкту порожній у рядку 1974, idOrenda: 77630
2025-07-06T13:47:45.670+03:00  INFO 35380 --- [buildings] [main] com.vva.buildings.Orenda                 : ID об'єкту порожній у рядку 1976, idOrenda: 72184
2025-07-06T13:47:45.670+03:00  INFO 35380 --- [buildings] [main] com.vva.buildings.Orenda                 : ID об'єкту порожній у рядку 1977, idOrenda: 72185
2025-07-06T13:47:45.676+03:00  INFO 35380 --- [buildings] [main] com.vva.buildings.Orenda                 : Building with ID 0 not found in tabBuildings, idOrenda: 34965
2025-07-06T13:47:45.677+03:00  INFO 35380 --- [buildings] [main] com.vva.buildings.Orenda                 : ID об'єкту порожній у рядку 2038, idOrenda: 63912
2025-07-06T13:47:45.679+03:00  INFO 35380 --- [buildings] [main] com.vva.buildings.Orenda                 : Building with ID 44574 not found in tabBuildings, idOrenda: 75238
2025-07-06T13:47:45.679+03:00  INFO 35380 --- [buildings] [main] com.vva.buildings.Orenda                 : Building with ID 44574 not found in tabBuildings, idOrenda: 75239
2025-07-06T13:47:45.692+03:00  INFO 35380 --- [buildings] [main] com.vva.buildings.Orenda                 : ID об'єкту порожній у рядку 2168, idOrenda: 62839
2025-07-06T13:47:45.695+03:00  INFO 35380 --- [buildings] [main] com.vva.buildings.Orenda                 : Building with ID 103121001 not found in tabBuildings, idOrenda: 78378
2025-07-06T13:47:45.695+03:00  INFO 35380 --- [buildings] [main] com.vva.buildings.Orenda                 : Building with ID 103121001 not found in tabBuildings, idOrenda: 78379
2025-07-06T13:47:45.695+03:00  INFO 35380 --- [buildings] [main] com.vva.buildings.Orenda                 : Building with ID 103121001 not found in tabBuildings, idOrenda: 78380
2025-07-06T13:47:45.695+03:00  INFO 35380 --- [buildings] [main] com.vva.buildings.Orenda                 : Building with ID 103121001 not found in tabBuildings, idOrenda: 78381
2025-07-06T13:47:45.695+03:00  INFO 35380 --- [buildings] [main] com.vva.buildings.Orenda                 : Building with ID 103121001 not found in tabBuildings, idOrenda: 78382
2025-07-06T13:47:45.695+03:00  INFO 35380 --- [buildings] [main] com.vva.buildings.Orenda                 : Building with ID 103121001 not found in tabBuildings, idOrenda: 74720
2025-07-06T13:47:45.695+03:00  INFO 35380 --- [buildings] [main] com.vva.buildings.Orenda                 : Building with ID 103121001 not found in tabBuildings, idOrenda: 82592
2025-07-06T13:47:45.695+03:00  INFO 35380 --- [buildings] [main] com.vva.buildings.Orenda                 : Building with ID 103121001 not found in tabBuildings, idOrenda: 82593
2025-07-06T13:47:45.697+03:00  INFO 35380 --- [buildings] [main] com.vva.buildings.Orenda                 : Building with ID 45093 not found in tabBuildings, idOrenda: 68445
2025-07-06T13:47:45.697+03:00  INFO 35380 --- [buildings] [main] com.vva.buildings.Orenda                 : Building with ID 45093 not found in tabBuildings, idOrenda: 68448
2025-07-06T13:47:45.697+03:00  INFO 35380 --- [buildings] [main] com.vva.buildings.Orenda                 : Building with ID 45093 not found in tabBuildings, idOrenda: 68449
2025-07-06T13:47:45.697+03:00  INFO 35380 --- [buildings] [main] com.vva.buildings.Orenda                 : Building with ID 45093 not found in tabBuildings, idOrenda: 68450
2025-07-06T13:47:45.699+03:00  INFO 35380 --- [buildings] [main] com.vva.buildings.Orenda                 : Building with ID 0 not found in tabBuildings, idOrenda: 85256
2025-07-06T13:47:45.699+03:00  INFO 35380 --- [buildings] [main] com.vva.buildings.Orenda                 : Building with ID 0 not found in tabBuildings, idOrenda: 85257
2025-07-06T13:47:45.702+03:00  INFO 35380 --- [buildings] [main] com.vva.buildings.Orenda                 : Building with ID 0 not found in tabBuildings, idOrenda: 85417
2025-07-06T13:47:45.704+03:00  INFO 35380 --- [buildings] [main] com.vva.buildings.Orenda                 : Building with ID 7813 not found in tabBuildings, idOrenda: 76960
2025-07-06T13:47:45.704+03:00  INFO 35380 --- [buildings] [main] com.vva.buildings.Orenda                 : Building with ID 7813 not found in tabBuildings, idOrenda: 78945
2025-07-06T13:47:45.706+03:00  INFO 35380 --- [buildings] [main] com.vva.buildings.Orenda                 : Building with ID 7813 not found in tabBuildings, idOrenda: 80495
2025-07-06T13:47:45.706+03:00  INFO 35380 --- [buildings] [main] com.vva.buildings.Orenda                 : Building with ID 34783 not found in tabBuildings, idOrenda: 80479
2025-07-06T13:47:45.706+03:00  INFO 35380 --- [buildings] [main] com.vva.buildings.Orenda                 : Building with ID 7813 not found in tabBuildings, idOrenda: 79635
2025-07-06T13:47:45.706+03:00  INFO 35380 --- [buildings] [main] com.vva.buildings.Orenda                 : Building with ID 7813 not found in tabBuildings, idOrenda: 79636
2025-07-06T13:47:45.706+03:00  INFO 35380 --- [buildings] [main] com.vva.buildings.Orenda                 : Building with ID 7813 not found in tabBuildings, idOrenda: 79959
2025-07-06T13:47:45.707+03:00  INFO 35380 --- [buildings] [main] com.vva.buildings.Orenda                 : Building with ID 7813 not found in tabBuildings, idOrenda: 79960
2025-07-06T13:47:45.707+03:00  INFO 35380 --- [buildings] [main] com.vva.buildings.Orenda                 : Building with ID 7813 not found in tabBuildings, idOrenda: 79957
2025-07-06T13:47:45.707+03:00  INFO 35380 --- [buildings] [main] com.vva.buildings.Orenda                 : Building with ID 34783 not found in tabBuildings, idOrenda: 83440
2025-07-06T13:47:45.707+03:00  INFO 35380 --- [buildings] [main] com.vva.buildings.Orenda                 : Building with ID 7813 not found in tabBuildings, idOrenda: 83441
2025-07-06T13:47:45.707+03:00  INFO 35380 --- [buildings] [main] com.vva.buildings.Orenda                 : Building with ID 7813 not found in tabBuildings, idOrenda: 83442
2025-07-06T13:47:45.707+03:00  INFO 35380 --- [buildings] [main] com.vva.buildings.Orenda                 : Building with ID 34783 not found in tabBuildings, idOrenda: 84157
2025-07-06T13:47:45.707+03:00  INFO 35380 --- [buildings] [main] com.vva.buildings.Orenda                 : Building with ID 58975 not found in tabBuildings, idOrenda: 82360
2025-07-06T13:47:45.708+03:00  INFO 35380 --- [buildings] [main] com.vva.buildings.Orenda                 : Building with ID 31327 not found in tabBuildings, idOrenda: 83439
2025-07-06T13:47:45.708+03:00  INFO 35380 --- [buildings] [main] com.vva.buildings.Orenda                 : Building with ID 31327 not found in tabBuildings, idOrenda: 83130
2025-07-06T13:47:45.708+03:00  INFO 35380 --- [buildings] [main] com.vva.buildings.Orenda                 : ID об'єкту порожній у рядку 2312, idOrenda: 73521
2025-07-06T13:47:45.708+03:00  INFO 35380 --- [buildings] [main] com.vva.buildings.Orenda                 : ID об'єкту порожній у рядку 2313, idOrenda: 72632
2025-07-06T13:47:45.708+03:00  INFO 35380 --- [buildings] [main] com.vva.buildings.Orenda                 : ID об'єкту порожній у рядку 2314, idOrenda: 72633
2025-07-06T13:47:45.708+03:00  INFO 35380 --- [buildings] [main] com.vva.buildings.Orenda                 : ID об'єкту порожній у рядку 2315, idOrenda: 68035
2025-07-06T13:47:45.708+03:00  INFO 35380 --- [buildings] [main] com.vva.buildings.Orenda                 : ID об'єкту порожній у рядку 2316, idOrenda: 68069
2025-07-06T13:47:45.711+03:00  INFO 35380 --- [buildings] [main] com.vva.buildings.Orenda                 : ID об'єкту порожній у рядку 2337, idOrenda: 70081
2025-07-06T13:47:45.714+03:00  INFO 35380 --- [buildings] [main] com.vva.buildings.Orenda                 : Building with ID 1792 not found in tabBuildings, idOrenda: 61677
2025-07-06T13:47:45.714+03:00  INFO 35380 --- [buildings] [main] com.vva.buildings.Orenda                 : Building with ID 1792 not found in tabBuildings, idOrenda: 68466
2025-07-06T13:47:45.714+03:00  INFO 35380 --- [buildings] [main] com.vva.buildings.Orenda                 : Building with ID 1792 not found in tabBuildings, idOrenda: 61424
2025-07-06T13:47:45.714+03:00  INFO 35380 --- [buildings] [main] com.vva.buildings.Orenda                 : ID об'єкту порожній у рядку 2365, idOrenda: 85000
2025-07-06T13:47:45.714+03:00  INFO 35380 --- [buildings] [main] com.vva.buildings.Orenda                 : ID об'єкту порожній у рядку 2366, idOrenda: 85001
2025-07-06T13:47:45.714+03:00  INFO 35380 --- [buildings] [main] com.vva.buildings.Orenda                 : Building with ID 0 not found in tabBuildings, idOrenda: 77744
2025-07-06T13:47:45.714+03:00  INFO 35380 --- [buildings] [main] com.vva.buildings.Orenda                 : Building with ID 0 not found in tabBuildings, idOrenda: 84932
2025-07-06T13:47:45.715+03:00  INFO 35380 --- [buildings] [main] com.vva.buildings.Orenda                 : ID об'єкту порожній у рядку 2373, idOrenda: 48024
2025-07-06T13:47:45.715+03:00  INFO 35380 --- [buildings] [main] com.vva.buildings.Orenda                 : ID об'єкту порожній у рядку 2374, idOrenda: 63317
2025-07-06T13:47:45.715+03:00  INFO 35380 --- [buildings] [main] com.vva.buildings.Orenda                 : Building with ID 5766 not found in tabBuildings, idOrenda: 63318
2025-07-06T13:47:45.715+03:00  INFO 35380 --- [buildings] [main] com.vva.buildings.Orenda                 : Building with ID 44639 not found in tabBuildings, idOrenda: 63319
2025-07-06T13:47:45.715+03:00  INFO 35380 --- [buildings] [main] com.vva.buildings.Orenda                 : Building with ID 44639 not found in tabBuildings, idOrenda: 63320
2025-07-06T13:47:45.715+03:00  INFO 35380 --- [buildings] [main] com.vva.buildings.Orenda                 : Building with ID 5766 not found in tabBuildings, idOrenda: 56218
2025-07-06T13:47:45.715+03:00  INFO 35380 --- [buildings] [main] com.vva.buildings.Orenda                 : Building with ID 5766 not found in tabBuildings, idOrenda: 56222
2025-07-06T13:47:45.715+03:00  INFO 35380 --- [buildings] [main] com.vva.buildings.Orenda                 : Building with ID 44639 not found in tabBuildings, idOrenda: 56223
2025-07-06T13:47:45.715+03:00  INFO 35380 --- [buildings] [main] com.vva.buildings.Orenda                 : Building with ID 44639 not found in tabBuildings, idOrenda: 56225
2025-07-06T13:47:45.715+03:00  INFO 35380 --- [buildings] [main] com.vva.buildings.Orenda                 : Building with ID 44639 not found in tabBuildings, idOrenda: 56226
2025-07-06T13:47:45.715+03:00  INFO 35380 --- [buildings] [main] com.vva.buildings.Orenda                 : Building with ID 4035 not found in tabBuildings, idOrenda: 81402
2025-07-06T13:47:45.716+03:00  INFO 35380 --- [buildings] [main] com.vva.buildings.Orenda                 : Building with ID 4024 not found in tabBuildings, idOrenda: 69270
2025-07-06T13:47:45.716+03:00  INFO 35380 --- [buildings] [main] com.vva.buildings.Orenda                 : Building with ID 0 not found in tabBuildings, idOrenda: 85290
2025-07-06T13:47:45.716+03:00  INFO 35380 --- [buildings] [main] com.vva.buildings.Orenda                 : Building with ID 4025 not found in tabBuildings, idOrenda: 85293
2025-07-06T13:47:45.716+03:00  INFO 35380 --- [buildings] [main] com.vva.buildings.Orenda                 : Building with ID 4025 not found in tabBuildings, idOrenda: 84311
2025-07-06T13:47:45.720+03:00  INFO 35380 --- [buildings] [main] com.vva.buildings.Orenda                 : Building with ID 0 not found in tabBuildings, idOrenda: 85350
2025-07-06T13:47:45.721+03:00  INFO 35380 --- [buildings] [main] com.vva.buildings.Orenda                 : Building with ID 0 not found in tabBuildings, idOrenda: 85351
2025-07-06T13:47:45.721+03:00  INFO 35380 --- [buildings] [main] com.vva.buildings.Orenda                 : Building with ID 0 not found in tabBuildings, idOrenda: 85352
2025-07-06T13:47:45.721+03:00  INFO 35380 --- [buildings] [main] com.vva.buildings.Orenda                 : Building with ID 0 not found in tabBuildings, idOrenda: 85353
2025-07-06T13:47:45.721+03:00  INFO 35380 --- [buildings] [main] com.vva.buildings.Orenda                 : Building with ID 0 not found in tabBuildings, idOrenda: 85317
2025-07-06T13:47:45.727+03:00  INFO 35380 --- [buildings] [main] com.vva.buildings.Orenda                 : ID об'єкту порожній у рядку 2463, idOrenda: 56838
2025-07-06T13:47:45.727+03:00  INFO 35380 --- [buildings] [main] com.vva.buildings.Orenda                 : ID об'єкту порожній у рядку 2464, idOrenda: 16269
2025-07-06T13:47:45.727+03:00  INFO 35380 --- [buildings] [main] com.vva.buildings.Orenda                 : ID об'єкту порожній у рядку 2465, idOrenda: 63275
2025-07-06T13:47:45.727+03:00  INFO 35380 --- [buildings] [main] com.vva.buildings.Orenda                 : ID об'єкту порожній у рядку 2466, idOrenda: 47923
2025-07-06T13:47:45.727+03:00  INFO 35380 --- [buildings] [main] com.vva.buildings.Orenda                 : ID об'єкту порожній у рядку 2467, idOrenda: 47924
2025-07-06T13:47:45.727+03:00  INFO 35380 --- [buildings] [main] com.vva.buildings.Orenda                 : ID об'єкту порожній у рядку 2468, idOrenda: 62152
2025-07-06T13:47:45.729+03:00  INFO 35380 --- [buildings] [main] com.vva.buildings.Orenda                 : ID об'єкту порожній у рядку 2470, idOrenda: 75790
2025-07-06T13:47:45.729+03:00  INFO 35380 --- [buildings] [main] com.vva.buildings.Orenda                 : Building with ID 44067 not found in tabBuildings, idOrenda: 76574
2025-07-06T13:47:45.729+03:00  INFO 35380 --- [buildings] [main] com.vva.buildings.Orenda                 : Building with ID 44067 not found in tabBuildings, idOrenda: 76569
2025-07-06T13:47:45.729+03:00  INFO 35380 --- [buildings] [main] com.vva.buildings.Orenda                 : Building with ID 44067 not found in tabBuildings, idOrenda: 83431
2025-07-06T13:47:45.729+03:00  INFO 35380 --- [buildings] [main] com.vva.buildings.Orenda                 : Building with ID 44067 not found in tabBuildings, idOrenda: 83295
2025-07-06T13:47:45.729+03:00  INFO 35380 --- [buildings] [main] com.vva.buildings.Orenda                 : Building with ID 44067 not found in tabBuildings, idOrenda: 83296
2025-07-06T13:47:45.729+03:00  INFO 35380 --- [buildings] [main] com.vva.buildings.Orenda                 : Building with ID 44067 not found in tabBuildings, idOrenda: 82869
2025-07-06T13:47:45.729+03:00  INFO 35380 --- [buildings] [main] com.vva.buildings.Orenda                 : Building with ID 44067 not found in tabBuildings, idOrenda: 83971
2025-07-06T13:47:45.729+03:00  INFO 35380 --- [buildings] [main] com.vva.buildings.Orenda                 : Building with ID 44067 not found in tabBuildings, idOrenda: 82098
2025-07-06T13:47:45.729+03:00  INFO 35380 --- [buildings] [main] com.vva.buildings.Orenda                 : ID об'єкту порожній у рядку 2479, idOrenda: 52145
2025-07-06T13:47:45.730+03:00  INFO 35380 --- [buildings] [main] com.vva.buildings.Orenda                 : ID об'єкту порожній у рядку 2480, idOrenda: 47786
2025-07-06T13:47:45.730+03:00  INFO 35380 --- [buildings] [main] com.vva.buildings.Orenda                 : ID об'єкту порожній у рядку 2481, idOrenda: 47788
2025-07-06T13:47:45.730+03:00  INFO 35380 --- [buildings] [main] com.vva.buildings.Orenda                 : ID об'єкту порожній у рядку 2482, idOrenda: 55212
2025-07-06T13:47:45.730+03:00  INFO 35380 --- [buildings] [main] com.vva.buildings.Orenda                 : ID об'єкту порожній у рядку 2483, idOrenda: 55213
2025-07-06T13:47:45.730+03:00  INFO 35380 --- [buildings] [main] com.vva.buildings.Orenda                 : ID об'єкту порожній у рядку 2484, idOrenda: 63915
2025-07-06T13:47:45.730+03:00  INFO 35380 --- [buildings] [main] com.vva.buildings.Orenda                 : ID об'єкту порожній у рядку 2485, idOrenda: 63916
2025-07-06T13:47:45.730+03:00  INFO 35380 --- [buildings] [main] com.vva.buildings.Orenda                 : ID об'єкту порожній у рядку 2486, idOrenda: 57475
2025-07-06T13:47:45.730+03:00  INFO 35380 --- [buildings] [main] com.vva.buildings.Orenda                 : ID об'єкту порожній у рядку 2487, idOrenda: 57825
2025-07-06T13:47:45.730+03:00  INFO 35380 --- [buildings] [main] com.vva.buildings.Orenda                 : ID об'єкту порожній у рядку 2488, idOrenda: 57878
2025-07-06T13:47:45.730+03:00  INFO 35380 --- [buildings] [main] com.vva.buildings.Orenda                 : ID об'єкту порожній у рядку 2489, idOrenda: 57879
2025-07-06T13:47:45.731+03:00  INFO 35380 --- [buildings] [main] com.vva.buildings.Orenda                 : Building with ID 0 not found in tabBuildings, idOrenda: 63156
2025-07-06T13:47:45.731+03:00  INFO 35380 --- [buildings] [main] com.vva.buildings.Orenda                 : ID об'єкту порожній у рядку 2491, idOrenda: 63157
2025-07-06T13:47:45.731+03:00  INFO 35380 --- [buildings] [main] com.vva.buildings.Orenda                 : ID об'єкту порожній у рядку 2492, idOrenda: 63158
2025-07-06T13:47:45.731+03:00  INFO 35380 --- [buildings] [main] com.vva.buildings.Orenda                 : ID об'єкту порожній у рядку 2493, idOrenda: 63159
2025-07-06T13:47:45.731+03:00  INFO 35380 --- [buildings] [main] com.vva.buildings.Orenda                 : ID об'єкту порожній у рядку 2494, idOrenda: 60409
2025-07-06T13:47:45.731+03:00  INFO 35380 --- [buildings] [main] com.vva.buildings.Orenda                 : ID об'єкту порожній у рядку 2495, idOrenda: 60415
2025-07-06T13:47:45.731+03:00  INFO 35380 --- [buildings] [main] com.vva.buildings.Orenda                 : ID об'єкту порожній у рядку 2496, idOrenda: 2949
2025-07-06T13:47:45.733+03:00  INFO 35380 --- [buildings] [main] com.vva.buildings.Orenda                 : ID об'єкту порожній у рядку 2508, idOrenda: 62131
2025-07-06T13:47:45.733+03:00  INFO 35380 --- [buildings] [main] com.vva.buildings.Orenda                 : ID об'єкту порожній у рядку 2509, idOrenda: 63155
2025-07-06T13:47:45.733+03:00  INFO 35380 --- [buildings] [main] com.vva.buildings.Orenda                 : ID об'єкту порожній у рядку 2510, idOrenda: 63199
2025-07-06T13:47:45.733+03:00  INFO 35380 --- [buildings] [main] com.vva.buildings.Orenda                 : ID об'єкту порожній у рядку 2511, idOrenda: 56193
2025-07-06T13:47:45.733+03:00  INFO 35380 --- [buildings] [main] com.vva.buildings.Orenda                 : ID об'єкту порожній у рядку 2512, idOrenda: 56194
2025-07-06T13:47:45.733+03:00  INFO 35380 --- [buildings] [main] com.vva.buildings.Orenda                 : ID об'єкту порожній у рядку 2513, idOrenda: 56195
2025-07-06T13:47:45.733+03:00  INFO 35380 --- [buildings] [main] com.vva.buildings.Orenda                 : ID об'єкту порожній у рядку 2514, idOrenda: 56198
2025-07-06T13:47:45.733+03:00  INFO 35380 --- [buildings] [main] com.vva.buildings.Orenda                 : ID об'єкту порожній у рядку 2515, idOrenda: 56199
2025-07-06T13:47:45.733+03:00  INFO 35380 --- [buildings] [main] com.vva.buildings.Orenda                 : ID об'єкту порожній у рядку 2516, idOrenda: 56200
2025-07-06T13:47:45.733+03:00  INFO 35380 --- [buildings] [main] com.vva.buildings.Orenda                 : ID об'єкту порожній у рядку 2517, idOrenda: 63783
2025-07-06T13:47:45.733+03:00  INFO 35380 --- [buildings] [main] com.vva.buildings.Orenda                 : ID об'єкту порожній у рядку 2518, idOrenda: 61266
2025-07-06T13:47:45.733+03:00  INFO 35380 --- [buildings] [main] com.vva.buildings.Orenda                 : ID об'єкту порожній у рядку 2519, idOrenda: 52623
2025-07-06T13:47:45.733+03:00  INFO 35380 --- [buildings] [main] com.vva.buildings.Orenda                 : ID об'єкту порожній у рядку 2520, idOrenda: 70558
2025-07-06T13:47:45.733+03:00  INFO 35380 --- [buildings] [main] com.vva.buildings.Orenda                 : ID об'єкту порожній у рядку 2521, idOrenda: 68899
2025-07-06T13:47:45.733+03:00  INFO 35380 --- [buildings] [main] com.vva.buildings.Orenda                 : ID об'єкту порожній у рядку 2522, idOrenda: 73632
2025-07-06T13:47:45.733+03:00  INFO 35380 --- [buildings] [main] com.vva.buildings.Orenda                 : ID об'єкту порожній у рядку 2523, idOrenda: 72154
2025-07-06T13:47:45.733+03:00  INFO 35380 --- [buildings] [main] com.vva.buildings.Orenda                 : ID об'єкту порожній у рядку 2524, idOrenda: 72166
2025-07-06T13:47:45.733+03:00  INFO 35380 --- [buildings] [main] com.vva.buildings.Orenda                 : ID об'єкту порожній у рядку 2525, idOrenda: 63972
2025-07-06T13:47:45.733+03:00  INFO 35380 --- [buildings] [main] com.vva.buildings.Orenda                 : ID об'єкту порожній у рядку 2526, idOrenda: 63973
2025-07-06T13:47:45.733+03:00  INFO 35380 --- [buildings] [main] com.vva.buildings.Orenda                 : ID об'єкту порожній у рядку 2527, idOrenda: 62104
2025-07-06T13:47:45.734+03:00  INFO 35380 --- [buildings] [main] com.vva.buildings.Orenda                 : Building with ID 5774 not found in tabBuildings, idOrenda: 81393
2025-07-06T13:47:45.734+03:00  INFO 35380 --- [buildings] [main] com.vva.buildings.Orenda                 : Building with ID 5774 not found in tabBuildings, idOrenda: 83107
2025-07-06T13:47:45.734+03:00  INFO 35380 --- [buildings] [main] com.vva.buildings.Orenda                 : Building with ID 5774 not found in tabBuildings, idOrenda: 83275
2025-07-06T13:47:45.734+03:00  INFO 35380 --- [buildings] [main] com.vva.buildings.Orenda                 : Building with ID 5774 not found in tabBuildings, idOrenda: 83685
2025-07-06T13:47:45.734+03:00  INFO 35380 --- [buildings] [main] com.vva.buildings.Orenda                 : Building with ID 5774 not found in tabBuildings, idOrenda: 83686
2025-07-06T13:47:45.734+03:00  INFO 35380 --- [buildings] [main] com.vva.buildings.Orenda                 : Building with ID 5774 not found in tabBuildings, idOrenda: 82984
2025-07-06T13:47:45.734+03:00  INFO 35380 --- [buildings] [main] com.vva.buildings.Orenda                 : Building with ID 5774 not found in tabBuildings, idOrenda: 82985
2025-07-06T13:47:45.734+03:00  INFO 35380 --- [buildings] [main] com.vva.buildings.Orenda                 : Building with ID 5774 not found in tabBuildings, idOrenda: 82986
2025-07-06T13:47:45.734+03:00  INFO 35380 --- [buildings] [main] com.vva.buildings.Orenda                 : Building with ID 5774 not found in tabBuildings, idOrenda: 83951
2025-07-06T13:47:45.735+03:00  INFO 35380 --- [buildings] [main] com.vva.buildings.Orenda                 : ID об'єкту порожній у рядку 2547, idOrenda: 49052
2025-07-06T13:47:45.736+03:00  INFO 35380 --- [buildings] [main] com.vva.buildings.Orenda                 : ID об'єкту порожній у рядку 2548, idOrenda: 61303
2025-07-06T13:47:45.736+03:00  INFO 35380 --- [buildings] [main] com.vva.buildings.Orenda                 : ID об'єкту порожній у рядку 2549, idOrenda: 65348
2025-07-06T13:47:45.736+03:00  INFO 35380 --- [buildings] [main] com.vva.buildings.Orenda                 : ID об'єкту порожній у рядку 2550, idOrenda: 65349
2025-07-06T13:47:45.736+03:00  INFO 35380 --- [buildings] [main] com.vva.buildings.Orenda                 : ID об'єкту порожній у рядку 2551, idOrenda: 65350
2025-07-06T13:47:45.740+03:00  INFO 35380 --- [buildings] [main] com.vva.buildings.Orenda                 : ID об'єкту порожній у рядку 2574, idOrenda: 65345
2025-07-06T13:47:45.740+03:00  INFO 35380 --- [buildings] [main] com.vva.buildings.Orenda                 : ID об'єкту порожній у рядку 2575, idOrenda: 65346
2025-07-06T13:47:45.740+03:00  INFO 35380 --- [buildings] [main] com.vva.buildings.Orenda                 : ID об'єкту порожній у рядку 2576, idOrenda: 65347
2025-07-06T13:47:45.740+03:00  INFO 35380 --- [buildings] [main] com.vva.buildings.Orenda                 : ID об'єкту порожній у рядку 2577, idOrenda: 63169
2025-07-06T13:47:45.740+03:00  INFO 35380 --- [buildings] [main] com.vva.buildings.Orenda                 : ID об'єкту порожній у рядку 2579, idOrenda: 65317
2025-07-06T13:47:45.740+03:00  INFO 35380 --- [buildings] [main] com.vva.buildings.Orenda                 : ID об'єкту порожній у рядку 2580, idOrenda: 56398
2025-07-06T13:47:45.740+03:00  INFO 35380 --- [buildings] [main] com.vva.buildings.Orenda                 : ID об'єкту порожній у рядку 2581, idOrenda: 56401
2025-07-06T13:47:45.740+03:00  INFO 35380 --- [buildings] [main] com.vva.buildings.Orenda                 : ID об'єкту порожній у рядку 2582, idOrenda: 62981
2025-07-06T13:47:45.740+03:00  INFO 35380 --- [buildings] [main] com.vva.buildings.Orenda                 : Building with ID 47012 not found in tabBuildings, idOrenda: 79876
2025-07-06T13:47:45.744+03:00  INFO 35380 --- [buildings] [main] com.vva.buildings.Orenda                 : Building with ID 0 not found in tabBuildings, idOrenda: 85359
2025-07-06T13:47:45.746+03:00  INFO 35380 --- [buildings] [main] com.vva.buildings.Orenda                 : ID об'єкту порожній у рядку 2630, idOrenda: 63937
2025-07-06T13:47:45.746+03:00  INFO 35380 --- [buildings] [main] com.vva.buildings.Orenda                 : ID об'єкту порожній у рядку 2631, idOrenda: 63897
2025-07-06T13:47:45.746+03:00  INFO 35380 --- [buildings] [main] com.vva.buildings.Orenda                 : ID об'єкту порожній у рядку 2632, idOrenda: 65342
2025-07-06T13:47:45.748+03:00  INFO 35380 --- [buildings] [main] com.vva.buildings.Orenda                 : ID об'єкту порожній у рядку 2648, idOrenda: 64847
2025-07-06T13:47:45.748+03:00  INFO 35380 --- [buildings] [main] com.vva.buildings.Orenda                 : ID об'єкту порожній у рядку 2649, idOrenda: 67742
2025-07-06T13:47:45.752+03:00  INFO 35380 --- [buildings] [main] com.vva.buildings.Orenda                 : ID об'єкту порожній у рядку 2685, idOrenda: 84170
2025-07-06T13:47:45.752+03:00  INFO 35380 --- [buildings] [main] com.vva.buildings.Orenda                 : ID об'єкту порожній у рядку 2687, idOrenda: 63200
2025-07-06T13:47:45.752+03:00  INFO 35380 --- [buildings] [main] com.vva.buildings.Orenda                 : ID об'єкту порожній у рядку 2688, idOrenda: 61114
2025-07-06T13:47:45.752+03:00  INFO 35380 --- [buildings] [main] com.vva.buildings.Orenda                 : ID об'єкту порожній у рядку 2689, idOrenda: 61115
2025-07-06T13:47:45.753+03:00  INFO 35380 --- [buildings] [main] com.vva.buildings.Orenda                 : ID об'єкту порожній у рядку 2690, idOrenda: 61117
2025-07-06T13:47:45.753+03:00  INFO 35380 --- [buildings] [main] com.vva.buildings.Orenda                 : ID об'єкту порожній у рядку 2691, idOrenda: 61118
2025-07-06T13:47:45.753+03:00  INFO 35380 --- [buildings] [main] com.vva.buildings.Orenda                 : ID об'єкту порожній у рядку 2692, idOrenda: 61119
2025-07-06T13:47:45.753+03:00  INFO 35380 --- [buildings] [main] com.vva.buildings.Orenda                 : ID об'єкту порожній у рядку 2693, idOrenda: 63919
2025-07-06T13:47:45.753+03:00  INFO 35380 --- [buildings] [main] com.vva.buildings.Orenda                 : ID об'єкту порожній у рядку 2694, idOrenda: 63920
2025-07-06T13:47:45.753+03:00  INFO 35380 --- [buildings] [main] com.vva.buildings.Orenda                 : ID об'єкту порожній у рядку 2695, idOrenda: 63921
2025-07-06T13:47:45.753+03:00  INFO 35380 --- [buildings] [main] com.vva.buildings.Orenda                 : ID об'єкту порожній у рядку 2696, idOrenda: 63922
2025-07-06T13:47:45.753+03:00  INFO 35380 --- [buildings] [main] com.vva.buildings.Orenda                 : ID об'єкту порожній у рядку 2697, idOrenda: 63923
2025-07-06T13:47:45.753+03:00  INFO 35380 --- [buildings] [main] com.vva.buildings.Orenda                 : ID об'єкту порожній у рядку 2701, idOrenda: 50801
2025-07-06T13:47:45.753+03:00  INFO 35380 --- [buildings] [main] com.vva.buildings.Orenda                 : ID об'єкту порожній у рядку 2702, idOrenda: 63054
2025-07-06T13:47:45.753+03:00  INFO 35380 --- [buildings] [main] com.vva.buildings.Orenda                 : ID об'єкту порожній у рядку 2703, idOrenda: 63055
2025-07-06T13:47:45.753+03:00  INFO 35380 --- [buildings] [main] com.vva.buildings.Orenda                 : ID об'єкту порожній у рядку 2704, idOrenda: 63056
2025-07-06T13:47:45.753+03:00  INFO 35380 --- [buildings] [main] com.vva.buildings.Orenda                 : ID об'єкту порожній у рядку 2705, idOrenda: 63057
2025-07-06T13:47:45.753+03:00  INFO 35380 --- [buildings] [main] com.vva.buildings.Orenda                 : ID об'єкту порожній у рядку 2706, idOrenda: 63058
2025-07-06T13:47:45.753+03:00  INFO 35380 --- [buildings] [main] com.vva.buildings.Orenda                 : ID об'єкту порожній у рядку 2707, idOrenda: 63059
2025-07-06T13:47:45.753+03:00  INFO 35380 --- [buildings] [main] com.vva.buildings.Orenda                 : ID об'єкту порожній у рядку 2708, idOrenda: 64036
2025-07-06T13:47:45.753+03:00  INFO 35380 --- [buildings] [main] com.vva.buildings.Orenda                 : ID об'єкту порожній у рядку 2709, idOrenda: 55700
2025-07-06T13:47:45.753+03:00  INFO 35380 --- [buildings] [main] com.vva.buildings.Orenda                 : ID об'єкту порожній у рядку 2710, idOrenda: 55701
2025-07-06T13:47:45.753+03:00  INFO 35380 --- [buildings] [main] com.vva.buildings.Orenda                 : ID об'єкту порожній у рядку 2711, idOrenda: 55702
2025-07-06T13:47:45.753+03:00  INFO 35380 --- [buildings] [main] com.vva.buildings.Orenda                 : ID об'єкту порожній у рядку 2712, idOrenda: 38193
2025-07-06T13:47:45.754+03:00  INFO 35380 --- [buildings] [main] com.vva.buildings.Orenda                 : ID об'єкту порожній у рядку 2714, idOrenda: 63896
2025-07-06T13:47:45.755+03:00  INFO 35380 --- [buildings] [main] com.vva.buildings.Orenda                 : ID об'єкту порожній у рядку 2721, idOrenda: 56236
2025-07-06T13:47:45.755+03:00  INFO 35380 --- [buildings] [main] com.vva.buildings.Orenda                 : ID об'єкту порожній у рядку 2722, idOrenda: 60776
2025-07-06T13:47:45.755+03:00  INFO 35380 --- [buildings] [main] com.vva.buildings.Orenda                 : ID об'єкту порожній у рядку 2723, idOrenda: 63269
2025-07-06T13:47:45.755+03:00  INFO 35380 --- [buildings] [main] com.vva.buildings.Orenda                 : ID об'єкту порожній у рядку 2724, idOrenda: 63270
2025-07-06T13:47:45.755+03:00  INFO 35380 --- [buildings] [main] com.vva.buildings.Orenda                 : ID об'єкту порожній у рядку 2725, idOrenda: 63271
2025-07-06T13:47:45.755+03:00  INFO 35380 --- [buildings] [main] com.vva.buildings.Orenda                 : ID об'єкту порожній у рядку 2726, idOrenda: 63272
2025-07-06T13:47:45.755+03:00  INFO 35380 --- [buildings] [main] com.vva.buildings.Orenda                 : ID об'єкту порожній у рядку 2727, idOrenda: 63901
2025-07-06T13:47:45.755+03:00  INFO 35380 --- [buildings] [main] com.vva.buildings.Orenda                 : Building with ID 17467 not found in tabBuildings, idOrenda: 84551
2025-07-06T13:47:45.755+03:00  INFO 35380 --- [buildings] [main] com.vva.buildings.Orenda                 : Building with ID 4106 not found in tabBuildings, idOrenda: 78943
2025-07-06T13:47:45.755+03:00  INFO 35380 --- [buildings] [main] com.vva.buildings.Orenda                 : Building with ID 4106 not found in tabBuildings, idOrenda: 78944
2025-07-06T13:47:45.755+03:00  INFO 35380 --- [buildings] [main] com.vva.buildings.Orenda                 : Building with ID 4105 not found in tabBuildings, idOrenda: 73617
2025-07-06T13:47:45.755+03:00  INFO 35380 --- [buildings] [main] com.vva.buildings.Orenda                 : Building with ID 4106 not found in tabBuildings, idOrenda: 77025
2025-07-06T13:47:45.755+03:00  INFO 35380 --- [buildings] [main] com.vva.buildings.Orenda                 : Building with ID 4106 not found in tabBuildings, idOrenda: 77532
2025-07-06T13:47:45.755+03:00  INFO 35380 --- [buildings] [main] com.vva.buildings.Orenda                 : Building with ID 4106 not found in tabBuildings, idOrenda: 75865
2025-07-06T13:47:45.755+03:00  INFO 35380 --- [buildings] [main] com.vva.buildings.Orenda                 : Building with ID 4106 not found in tabBuildings, idOrenda: 75867
2025-07-06T13:47:45.755+03:00  INFO 35380 --- [buildings] [main] com.vva.buildings.Orenda                 : Building with ID 0 not found in tabBuildings, idOrenda: 82448
2025-07-06T13:47:45.755+03:00  INFO 35380 --- [buildings] [main] com.vva.buildings.Orenda                 : Building with ID 0 not found in tabBuildings, idOrenda: 82449
2025-07-06T13:47:45.757+03:00  INFO 35380 --- [buildings] [main] com.vva.buildings.Orenda                 : Building with ID 0 not found in tabBuildings, idOrenda: 85183
2025-07-06T13:47:45.757+03:00  INFO 35380 --- [buildings] [main] com.vva.buildings.Orenda                 : Building with ID 0 not found in tabBuildings, idOrenda: 85184
2025-07-06T13:47:45.765+03:00  INFO 35380 --- [buildings] [main] com.vva.buildings.Orenda                 : Building with ID 59353 not found in tabBuildings, idOrenda: 34703
2025-07-06T13:47:45.766+03:00  INFO 35380 --- [buildings] [main] com.vva.buildings.Orenda                 : Building with ID 26948 not found in tabBuildings, idOrenda: 34771
2025-07-06T13:47:45.766+03:00  INFO 35380 --- [buildings] [main] com.vva.buildings.Orenda                 : Building with ID 2594 not found in tabBuildings, idOrenda: 84624
2025-07-06T13:47:45.766+03:00  INFO 35380 --- [buildings] [main] com.vva.buildings.Orenda                 : Building with ID 16173 not found in tabBuildings, idOrenda: 50453
2025-07-06T13:47:45.766+03:00  INFO 35380 --- [buildings] [main] com.vva.buildings.Orenda                 : Building with ID 26927 not found in tabBuildings, idOrenda: 31237
2025-07-06T13:47:45.766+03:00  INFO 35380 --- [buildings] [main] com.vva.buildings.Orenda                 : Building with ID 16174 not found in tabBuildings, idOrenda: 78330
2025-07-06T13:47:45.766+03:00  INFO 35380 --- [buildings] [main] com.vva.buildings.Orenda                 : ID об'єкту порожній у рядку 2787, idOrenda: 71365
2025-07-06T13:47:45.766+03:00  INFO 35380 --- [buildings] [main] com.vva.buildings.Orenda                 : Building with ID 16173 not found in tabBuildings, idOrenda: 5549
2025-07-06T13:47:45.766+03:00  INFO 35380 --- [buildings] [main] com.vva.buildings.Orenda                 : Building with ID 1938 not found in tabBuildings, idOrenda: 79392
2025-07-06T13:47:45.766+03:00  INFO 35380 --- [buildings] [main] com.vva.buildings.Orenda                 : Building with ID 1938 not found in tabBuildings, idOrenda: 70182
2025-07-06T13:47:45.766+03:00  INFO 35380 --- [buildings] [main] com.vva.buildings.Orenda                 : ID об'єкту порожній у рядку 2791, idOrenda: 68818
2025-07-06T13:47:45.766+03:00  INFO 35380 --- [buildings] [main] com.vva.buildings.Orenda                 : ID об'єкту порожній у рядку 2792, idOrenda: 68836
2025-07-06T13:47:45.766+03:00  INFO 35380 --- [buildings] [main] com.vva.buildings.Orenda                 : Building with ID 2444 not found in tabBuildings, idOrenda: 74328
2025-07-06T13:47:45.766+03:00  INFO 35380 --- [buildings] [main] com.vva.buildings.Orenda                 : Building with ID 59351 not found in tabBuildings, idOrenda: 78547
2025-07-06T13:47:45.766+03:00  INFO 35380 --- [buildings] [main] com.vva.buildings.Orenda                 : Building with ID 16164 not found in tabBuildings, idOrenda: 83186
2025-07-06T13:47:45.766+03:00  INFO 35380 --- [buildings] [main] com.vva.buildings.Orenda                 : Building with ID 16173 not found in tabBuildings, idOrenda: 83019
2025-07-06T13:47:45.766+03:00  INFO 35380 --- [buildings] [main] com.vva.buildings.Orenda                 : Building with ID 2083 not found in tabBuildings, idOrenda: 83020
2025-07-06T13:47:45.766+03:00  INFO 35380 --- [buildings] [main] com.vva.buildings.Orenda                 : Building with ID 59351 not found in tabBuildings, idOrenda: 83022
2025-07-06T13:47:45.766+03:00  INFO 35380 --- [buildings] [main] com.vva.buildings.Orenda                 : Building with ID 21520 not found in tabBuildings, idOrenda: 83023
2025-07-06T13:47:45.767+03:00  INFO 35380 --- [buildings] [main] com.vva.buildings.Orenda                 : Building with ID 1923 not found in tabBuildings, idOrenda: 83030
2025-07-06T13:47:45.767+03:00  INFO 35380 --- [buildings] [main] com.vva.buildings.Orenda                 : Building with ID 59353 not found in tabBuildings, idOrenda: 83031
2025-07-06T13:47:45.767+03:00  INFO 35380 --- [buildings] [main] com.vva.buildings.Orenda                 : Building with ID 16173 not found in tabBuildings, idOrenda: 83032
2025-07-06T13:47:45.767+03:00  INFO 35380 --- [buildings] [main] com.vva.buildings.Orenda                 : Building with ID 16164 not found in tabBuildings, idOrenda: 73970
2025-07-06T13:47:45.767+03:00  INFO 35380 --- [buildings] [main] com.vva.buildings.Orenda                 : Building with ID 2376 not found in tabBuildings, idOrenda: 83859
2025-07-06T13:47:45.767+03:00  INFO 35380 --- [buildings] [main] com.vva.buildings.Orenda                 : Building with ID 59353 not found in tabBuildings, idOrenda: 79110
2025-07-06T13:47:45.767+03:00  INFO 35380 --- [buildings] [main] com.vva.buildings.Orenda                 : Building with ID 2311 not found in tabBuildings, idOrenda: 82275
2025-07-06T13:47:45.767+03:00  INFO 35380 --- [buildings] [main] com.vva.buildings.Orenda                 : Building with ID 1948 not found in tabBuildings, idOrenda: 82298
2025-07-06T13:47:45.767+03:00  INFO 35380 --- [buildings] [main] com.vva.buildings.Orenda                 : Building with ID 59351 not found in tabBuildings, idOrenda: 82299
2025-07-06T13:47:45.767+03:00  INFO 35380 --- [buildings] [main] com.vva.buildings.Orenda                 : Building with ID 16179 not found in tabBuildings, idOrenda: 82300
2025-07-06T13:47:45.767+03:00  INFO 35380 --- [buildings] [main] com.vva.buildings.Orenda                 : Building with ID 26948 not found in tabBuildings, idOrenda: 82301
2025-07-06T13:47:45.767+03:00  INFO 35380 --- [buildings] [main] com.vva.buildings.Orenda                 : Building with ID 16173 not found in tabBuildings, idOrenda: 82302
2025-07-06T13:47:45.767+03:00  INFO 35380 --- [buildings] [main] com.vva.buildings.Orenda                 : Building with ID 59353 not found in tabBuildings, idOrenda: 82304
2025-07-06T13:47:45.767+03:00  INFO 35380 --- [buildings] [main] com.vva.buildings.Orenda                 : Building with ID 1974 not found in tabBuildings, idOrenda: 82035
2025-07-06T13:47:45.767+03:00  INFO 35380 --- [buildings] [main] com.vva.buildings.Orenda                 : Building with ID 59351 not found in tabBuildings, idOrenda: 81901
2025-07-06T13:47:45.768+03:00  INFO 35380 --- [buildings] [main] com.vva.buildings.Orenda                 : Building with ID 59353 not found in tabBuildings, idOrenda: 81075
2025-07-06T13:47:45.768+03:00  INFO 35380 --- [buildings] [main] com.vva.buildings.Orenda                 : Building with ID 1795 not found in tabBuildings, idOrenda: 81076
2025-07-06T13:47:45.768+03:00  INFO 35380 --- [buildings] [main] com.vva.buildings.Orenda                 : Building with ID 59351 not found in tabBuildings, idOrenda: 81081
2025-07-06T13:47:45.768+03:00  INFO 35380 --- [buildings] [main] com.vva.buildings.Orenda                 : Building with ID 26927 not found in tabBuildings, idOrenda: 78066
2025-07-06T13:47:45.768+03:00  INFO 35380 --- [buildings] [main] com.vva.buildings.Orenda                 : Building with ID 59351 not found in tabBuildings, idOrenda: 68984
2025-07-06T13:47:45.768+03:00  INFO 35380 --- [buildings] [main] com.vva.buildings.Orenda                 : ID об'єкту порожній у рядку 2820, idOrenda: 68985
2025-07-06T13:47:45.768+03:00  INFO 35380 --- [buildings] [main] com.vva.buildings.Orenda                 : ID об'єкту порожній у рядку 2821, idOrenda: 68987
2025-07-06T13:47:45.768+03:00  INFO 35380 --- [buildings] [main] com.vva.buildings.Orenda                 : Building with ID 59351 not found in tabBuildings, idOrenda: 68997
2025-07-06T13:47:45.768+03:00  INFO 35380 --- [buildings] [main] com.vva.buildings.Orenda                 : Building with ID 2444 not found in tabBuildings, idOrenda: 69014
2025-07-06T13:47:45.768+03:00  INFO 35380 --- [buildings] [main] com.vva.buildings.Orenda                 : ID об'єкту порожній у рядку 2824, idOrenda: 69029
2025-07-06T13:47:45.768+03:00  INFO 35380 --- [buildings] [main] com.vva.buildings.Orenda                 : Building with ID 59947 not found in tabBuildings, idOrenda: 83817
2025-07-06T13:47:45.768+03:00  INFO 35380 --- [buildings] [main] com.vva.buildings.Orenda                 : Building with ID 59947 not found in tabBuildings, idOrenda: 83062
2025-07-06T13:47:45.768+03:00  INFO 35380 --- [buildings] [main] com.vva.buildings.Orenda                 : Building with ID 59947 not found in tabBuildings, idOrenda: 83066
2025-07-06T13:47:45.768+03:00  INFO 35380 --- [buildings] [main] com.vva.buildings.Orenda                 : Building with ID 59947 not found in tabBuildings, idOrenda: 82776
2025-07-06T13:47:45.769+03:00  INFO 35380 --- [buildings] [main] com.vva.buildings.Orenda                 : ID об'єкту порожній у рядку 2832, idOrenda: 75785
2025-07-06T13:47:45.769+03:00  INFO 35380 --- [buildings] [main] com.vva.buildings.Orenda                 : ID об'єкту порожній у рядку 2833, idOrenda: 75759
2025-07-06T13:47:45.769+03:00  INFO 35380 --- [buildings] [main] com.vva.buildings.Orenda                 : ID об'єкту порожній у рядку 2834, idOrenda: 75761
2025-07-06T13:47:45.769+03:00  INFO 35380 --- [buildings] [main] com.vva.buildings.Orenda                 : ID об'єкту порожній у рядку 2835, idOrenda: 75762
2025-07-06T13:47:45.769+03:00  INFO 35380 --- [buildings] [main] com.vva.buildings.Orenda                 : ID об'єкту порожній у рядку 2836, idOrenda: 75763
2025-07-06T13:47:45.769+03:00  INFO 35380 --- [buildings] [main] com.vva.buildings.Orenda                 : ID об'єкту порожній у рядку 2837, idOrenda: 75764
2025-07-06T13:47:45.769+03:00  INFO 35380 --- [buildings] [main] com.vva.buildings.Orenda                 : ID об'єкту порожній у рядку 2838, idOrenda: 75766
2025-07-06T13:47:45.769+03:00  INFO 35380 --- [buildings] [main] com.vva.buildings.Orenda                 : ID об'єкту порожній у рядку 2839, idOrenda: 75767
2025-07-06T13:47:45.769+03:00  INFO 35380 --- [buildings] [main] com.vva.buildings.Orenda                 : ID об'єкту порожній у рядку 2840, idOrenda: 75768
2025-07-06T13:47:45.769+03:00  INFO 35380 --- [buildings] [main] com.vva.buildings.Orenda                 : ID об'єкту порожній у рядку 2841, idOrenda: 75769
2025-07-06T13:47:45.769+03:00  INFO 35380 --- [buildings] [main] com.vva.buildings.Orenda                 : ID об'єкту порожній у рядку 2842, idOrenda: 75770
2025-07-06T13:47:45.769+03:00  INFO 35380 --- [buildings] [main] com.vva.buildings.Orenda                 : Building with ID 0 not found in tabBuildings, idOrenda: 68454
2025-07-06T13:47:45.770+03:00  INFO 35380 --- [buildings] [main] com.vva.buildings.Orenda                 : ID об'єкту порожній у рядку 2848, idOrenda: 47053
2025-07-06T13:47:45.772+03:00  INFO 35380 --- [buildings] [main] com.vva.buildings.Orenda                 : ID об'єкту порожній у рядку 2862, idOrenda: 65374
2025-07-06T13:47:45.772+03:00  INFO 35380 --- [buildings] [main] com.vva.buildings.Orenda                 : ID об'єкту порожній у рядку 2863, idOrenda: 76481
2025-07-06T13:47:45.772+03:00  INFO 35380 --- [buildings] [main] com.vva.buildings.Orenda                 : ID об'єкту порожній у рядку 2864, idOrenda: 76484
2025-07-06T13:47:45.774+03:00  INFO 35380 --- [buildings] [main] com.vva.buildings.Orenda                 : ID об'єкту порожній у рядку 2882, idOrenda: 71538
2025-07-06T13:47:45.774+03:00  INFO 35380 --- [buildings] [main] com.vva.buildings.Orenda                 : ID об'єкту порожній у рядку 2883, idOrenda: 71584
2025-07-06T13:47:45.775+03:00  INFO 35380 --- [buildings] [main] com.vva.buildings.Orenda                 : Building with ID 5616 not found in tabBuildings, idOrenda: 75514
2025-07-06T13:47:45.775+03:00  INFO 35380 --- [buildings] [main] com.vva.buildings.Orenda                 : Building with ID 5616 not found in tabBuildings, idOrenda: 75516
2025-07-06T13:47:45.776+03:00  INFO 35380 --- [buildings] [main] com.vva.buildings.Orenda                 : ID об'єкту порожній у рядку 2891, idOrenda: 61096
2025-07-06T13:47:45.778+03:00  INFO 35380 --- [buildings] [main] com.vva.buildings.Orenda                 : ID об'єкту порожній у рядку 2897, idOrenda: 61551
2025-07-06T13:47:45.778+03:00  INFO 35380 --- [buildings] [main] com.vva.buildings.Orenda                 : Building with ID 0 not found in tabBuildings, idOrenda: 66527
2025-07-06T13:47:45.778+03:00  INFO 35380 --- [buildings] [main] com.vva.buildings.Orenda                 : ID об'єкту порожній у рядку 2899, idOrenda: 70927
2025-07-06T13:47:45.778+03:00  INFO 35380 --- [buildings] [main] com.vva.buildings.Orenda                 : ID об'єкту порожній у рядку 2900, idOrenda: 70845
2025-07-06T13:47:45.778+03:00  INFO 35380 --- [buildings] [main] com.vva.buildings.Orenda                 : ID об'єкту порожній у рядку 2901, idOrenda: 70984
2025-07-06T13:47:45.778+03:00  INFO 35380 --- [buildings] [main] com.vva.buildings.Orenda                 : ID об'єкту порожній у рядку 2903, idOrenda: 70988
2025-07-06T13:47:45.779+03:00  INFO 35380 --- [buildings] [main] com.vva.buildings.Orenda                 : Building with ID 0 not found in tabBuildings, idOrenda: 85400
2025-07-06T13:47:45.780+03:00  INFO 35380 --- [buildings] [main] com.vva.buildings.Orenda                 : ID об'єкту порожній у рядку 2909, idOrenda: 74396
2025-07-06T13:47:45.780+03:00  INFO 35380 --- [buildings] [main] com.vva.buildings.Orenda                 : Building with ID 54967 not found in tabBuildings, idOrenda: 74508
2025-07-06T13:47:45.780+03:00  INFO 35380 --- [buildings] [main] com.vva.buildings.Orenda                 : ID об'єкту порожній у рядку 2911, idOrenda: 84095
2025-07-06T13:47:45.783+03:00  INFO 35380 --- [buildings] [main] com.vva.buildings.Orenda                 : ID об'єкту порожній у рядку 2929, idOrenda: 72045
2025-07-06T13:47:45.784+03:00  INFO 35380 --- [buildings] [main] com.vva.buildings.Orenda                 : ID об'єкту порожній у рядку 2931, idOrenda: 72048
2025-07-06T13:47:45.784+03:00  INFO 35380 --- [buildings] [main] com.vva.buildings.Orenda                 : Building with ID 0 not found in tabBuildings, idOrenda: 80875
2025-07-06T13:47:45.788+03:00  INFO 35380 --- [buildings] [main] com.vva.buildings.Orenda                 : Building with ID 49055 not found in tabBuildings, idOrenda: 80058
2025-07-06T13:47:45.794+03:00  INFO 35380 --- [buildings] [main] com.vva.buildings.Orenda                 : Building with ID 49145 not found in tabBuildings, idOrenda: 77840
2025-07-06T13:47:45.801+03:00  INFO 35380 --- [buildings] [main] com.vva.buildings.Orenda                 : ID об'єкту порожній у рядку 3011, idOrenda: 84968
2025-07-06T13:47:45.808+03:00  INFO 35380 --- [buildings] [main] com.vva.buildings.Orenda                 : ID об'єкту порожній у рядку 3046, idOrenda: 56489
2025-07-06T13:47:45.815+03:00  INFO 35380 --- [buildings] [main] com.vva.buildings.Orenda                 : Building with ID 49796 not found in tabBuildings, idOrenda: 46974
2025-07-06T13:47:45.821+03:00  INFO 35380 --- [buildings] [main] com.vva.buildings.Orenda                 : ID об'єкту порожній у рядку 3128, idOrenda: 63107
2025-07-06T13:47:45.821+03:00  INFO 35380 --- [buildings] [main] com.vva.buildings.Orenda                 : ID об'єкту порожній у рядку 3129, idOrenda: 46872
2025-07-06T13:47:45.821+03:00  INFO 35380 --- [buildings] [main] com.vva.buildings.Orenda                 : ID об'єкту порожній у рядку 3130, idOrenda: 54209
2025-07-06T13:47:45.821+03:00  INFO 35380 --- [buildings] [main] com.vva.buildings.Orenda                 : Building with ID 3166 not found in tabBuildings, idOrenda: 80545
2025-07-06T13:47:45.822+03:00  INFO 35380 --- [buildings] [main] com.vva.buildings.Orenda                 : ID об'єкту порожній у рядку 3137, idOrenda: 72785
2025-07-06T13:47:45.822+03:00  INFO 35380 --- [buildings] [main] com.vva.buildings.Orenda                 : ID об'єкту порожній у рядку 3138, idOrenda: 72803
2025-07-06T13:47:45.822+03:00  INFO 35380 --- [buildings] [main] com.vva.buildings.Orenda                 : ID об'єкту порожній у рядку 3139, idOrenda: 72769
2025-07-06T13:47:45.822+03:00  INFO 35380 --- [buildings] [main] com.vva.buildings.Orenda                 : ID об'єкту порожній у рядку 3140, idOrenda: 72772
2025-07-06T13:47:45.822+03:00  INFO 35380 --- [buildings] [main] com.vva.buildings.Orenda                 : ID об'єкту порожній у рядку 3141, idOrenda: 72765
2025-07-06T13:47:45.822+03:00  INFO 35380 --- [buildings] [main] com.vva.buildings.Orenda                 : ID об'єкту порожній у рядку 3142, idOrenda: 65996
2025-07-06T13:47:45.822+03:00  INFO 35380 --- [buildings] [main] com.vva.buildings.Orenda                 : ID об'єкту порожній у рядку 3143, idOrenda: 46668
2025-07-06T13:47:45.822+03:00  INFO 35380 --- [buildings] [main] com.vva.buildings.Orenda                 : ID об'єкту порожній у рядку 3144, idOrenda: 69213
2025-07-06T13:47:45.822+03:00  INFO 35380 --- [buildings] [main] com.vva.buildings.Orenda                 : ID об'єкту порожній у рядку 3145, idOrenda: 69215
2025-07-06T13:47:45.822+03:00  INFO 35380 --- [buildings] [main] com.vva.buildings.Orenda                 : ID об'єкту порожній у рядку 3146, idOrenda: 72773
2025-07-06T13:47:45.822+03:00  INFO 35380 --- [buildings] [main] com.vva.buildings.Orenda                 : ID об'єкту порожній у рядку 3147, idOrenda: 72780
2025-07-06T13:47:45.823+03:00  INFO 35380 --- [buildings] [main] com.vva.buildings.Orenda                 : ID об'єкту порожній у рядку 3153, idOrenda: 73877
2025-07-06T13:47:45.823+03:00  INFO 35380 --- [buildings] [main] com.vva.buildings.Orenda                 : ID об'єкту порожній у рядку 3154, idOrenda: 65328
2025-07-06T13:47:45.823+03:00  INFO 35380 --- [buildings] [main] com.vva.buildings.Orenda                 : ID об'єкту порожній у рядку 3155, idOrenda: 65329
2025-07-06T13:47:45.823+03:00  INFO 35380 --- [buildings] [main] com.vva.buildings.Orenda                 : ID об'єкту порожній у рядку 3156, idOrenda: 63207
2025-07-06T13:47:45.823+03:00  INFO 35380 --- [buildings] [main] com.vva.buildings.Orenda                 : ID об'єкту порожній у рядку 3157, idOrenda: 55148
2025-07-06T13:47:45.823+03:00  INFO 35380 --- [buildings] [main] com.vva.buildings.Orenda                 : ID об'єкту порожній у рядку 3158, idOrenda: 63670
2025-07-06T13:47:45.823+03:00  INFO 35380 --- [buildings] [main] com.vva.buildings.Orenda                 : ID об'єкту порожній у рядку 3159, idOrenda: 63690
2025-07-06T13:47:45.823+03:00  INFO 35380 --- [buildings] [main] com.vva.buildings.Orenda                 : ID об'єкту порожній у рядку 3160, idOrenda: 63691
2025-07-06T13:47:45.823+03:00  INFO 35380 --- [buildings] [main] com.vva.buildings.Orenda                 : ID об'єкту порожній у рядку 3161, idOrenda: 61100
2025-07-06T13:47:45.823+03:00  INFO 35380 --- [buildings] [main] com.vva.buildings.Orenda                 : ID об'єкту порожній у рядку 3162, idOrenda: 63982
2025-07-06T13:47:45.823+03:00  INFO 35380 --- [buildings] [main] com.vva.buildings.Orenda                 : ID об'єкту порожній у рядку 3163, idOrenda: 63983
2025-07-06T13:47:45.823+03:00  INFO 35380 --- [buildings] [main] com.vva.buildings.Orenda                 : ID об'єкту порожній у рядку 3164, idOrenda: 63204
2025-07-06T13:47:45.824+03:00  INFO 35380 --- [buildings] [main] com.vva.buildings.Orenda                 : ID об'єкту порожній у рядку 3166, idOrenda: 74191
2025-07-06T13:47:45.824+03:00  INFO 35380 --- [buildings] [main] com.vva.buildings.Orenda                 : ID об'єкту порожній у рядку 3167, idOrenda: 74192
2025-07-06T13:47:45.824+03:00  INFO 35380 --- [buildings] [main] com.vva.buildings.Orenda                 : ID об'єкту порожній у рядку 3168, idOrenda: 74193
2025-07-06T13:47:45.824+03:00  INFO 35380 --- [buildings] [main] com.vva.buildings.Orenda                 : Building with ID 0 not found in tabBuildings, idOrenda: 85295
2025-07-06T13:47:45.824+03:00  INFO 35380 --- [buildings] [main] com.vva.buildings.Orenda                 : ID об'єкту порожній у рядку 3175, idOrenda: 61645
2025-07-06T13:47:45.825+03:00  INFO 35380 --- [buildings] [main] com.vva.buildings.Orenda                 : Building with ID 0 not found in tabBuildings, idOrenda: 83841
2025-07-06T13:47:45.826+03:00  INFO 35380 --- [buildings] [main] com.vva.buildings.Orenda                 : Building with ID 0 not found in tabBuildings, idOrenda: 82750
2025-07-06T13:47:45.827+03:00  INFO 35380 --- [buildings] [main] com.vva.buildings.Orenda                 : Building with ID 0 not found in tabBuildings, idOrenda: 83494
2025-07-06T13:47:45.828+03:00  INFO 35380 --- [buildings] [main] com.vva.buildings.Orenda                 : Building with ID 14633 not found in tabBuildings, idOrenda: 77120
2025-07-06T13:47:45.829+03:00  INFO 35380 --- [buildings] [main] com.vva.buildings.Orenda                 : ID об'єкту порожній у рядку 3217, idOrenda: 43199
2025-07-06T13:47:45.831+03:00  INFO 35380 --- [buildings] [main] com.vva.buildings.Orenda                 : ID об'єкту порожній у рядку 3231, idOrenda: 77210
2025-07-06T13:47:45.845+03:00  INFO 35380 --- [buildings] [main] com.vva.buildings.Orenda                 : Building with ID 16080 not found in tabBuildings, idOrenda: 74172
2025-07-06T13:47:45.846+03:00  INFO 35380 --- [buildings] [main] com.vva.buildings.Orenda                 : Building with ID 16131 not found in tabBuildings, idOrenda: 53692
2025-07-06T13:47:45.853+03:00  INFO 35380 --- [buildings] [main] com.vva.buildings.Orenda                 : Building with ID 0 not found in tabBuildings, idOrenda: 80460
2025-07-06T13:47:45.853+03:00  INFO 35380 --- [buildings] [main] com.vva.buildings.Orenda                 : Building with ID 0 not found in tabBuildings, idOrenda: 80461
2025-07-06T13:47:45.854+03:00  INFO 35380 --- [buildings] [main] com.vva.buildings.Orenda                 : ID об'єкту порожній у рядку 3422, idOrenda: 79058
2025-07-06T13:47:45.854+03:00  INFO 35380 --- [buildings] [main] com.vva.buildings.Orenda                 : ID об'єкту порожній у рядку 3429, idOrenda: 77187
2025-07-06T13:47:45.854+03:00  INFO 35380 --- [buildings] [main] com.vva.buildings.Orenda                 : ID об'єкту порожній у рядку 3430, idOrenda: 79589
2025-07-06T13:47:45.854+03:00  INFO 35380 --- [buildings] [main] com.vva.buildings.Orenda                 : ID об'єкту порожній у рядку 3431, idOrenda: 79590
2025-07-06T13:47:45.854+03:00  INFO 35380 --- [buildings] [main] com.vva.buildings.Orenda                 : ID об'єкту порожній у рядку 3432, idOrenda: 79591
2025-07-06T13:47:45.854+03:00  INFO 35380 --- [buildings] [main] com.vva.buildings.Orenda                 : Building with ID 0 not found in tabBuildings, idOrenda: 70540
2025-07-06T13:47:45.854+03:00  INFO 35380 --- [buildings] [main] com.vva.buildings.Orenda                 : ID об'єкту порожній у рядку 3434, idOrenda: 78412
2025-07-06T13:47:45.854+03:00  INFO 35380 --- [buildings] [main] com.vva.buildings.Orenda                 : Building with ID 0 not found in tabBuildings, idOrenda: 69351
2025-07-06T13:47:45.854+03:00  INFO 35380 --- [buildings] [main] com.vva.buildings.Orenda                 : ID об'єкту порожній у рядку 3436, idOrenda: 69352
2025-07-06T13:47:45.855+03:00  INFO 35380 --- [buildings] [main] com.vva.buildings.Orenda                 : Building with ID 0 not found in tabBuildings, idOrenda: 69347
2025-07-06T13:47:45.855+03:00  INFO 35380 --- [buildings] [main] com.vva.buildings.Orenda                 : Building with ID 0 not found in tabBuildings, idOrenda: 62407
2025-07-06T13:47:45.855+03:00  INFO 35380 --- [buildings] [main] com.vva.buildings.Orenda                 : ID об'єкту порожній у рядку 3442, idOrenda: 69359
2025-07-06T13:47:45.855+03:00  INFO 35380 --- [buildings] [main] com.vva.buildings.Orenda                 : ID об'єкту порожній у рядку 3443, idOrenda: 69360
2025-07-06T13:47:45.855+03:00  INFO 35380 --- [buildings] [main] com.vva.buildings.Orenda                 : ID об'єкту порожній у рядку 3444, idOrenda: 69361
2025-07-06T13:47:45.855+03:00  INFO 35380 --- [buildings] [main] com.vva.buildings.Orenda                 : ID об'єкту порожній у рядку 3445, idOrenda: 62015
2025-07-06T13:47:45.857+03:00  INFO 35380 --- [buildings] [main] com.vva.buildings.Orenda                 : Building with ID 48236 not found in tabBuildings, idOrenda: 67476
2025-07-06T13:47:45.893+03:00  INFO 35380 --- [buildings] [main] com.vva.buildings.Orenda                 : Building with ID 48012 not found in tabBuildings, idOrenda: 80652
2025-07-06T13:47:45.896+03:00  INFO 35380 --- [buildings] [main] com.vva.buildings.Orenda                 : ID об'єкту порожній у рядку 3793, idOrenda: 72135
2025-07-06T13:47:45.896+03:00  INFO 35380 --- [buildings] [main] com.vva.buildings.Orenda                 : ID об'єкту порожній у рядку 3800, idOrenda: 75241
2025-07-06T13:47:45.915+03:00  INFO 35380 --- [buildings] [main] com.vva.buildings.Orenda                 : ID об'єкту порожній у рядку 3961, idOrenda: 79336
2025-07-06T13:47:45.919+03:00  INFO 35380 --- [buildings] [main] com.vva.buildings.Orenda                 : Building with ID 0 not found in tabBuildings, idOrenda: 85357
2025-07-06T13:47:45.920+03:00  INFO 35380 --- [buildings] [main] com.vva.buildings.Orenda                 : Building with ID 0 not found in tabBuildings, idOrenda: 85052
2025-07-06T13:47:45.921+03:00  INFO 35380 --- [buildings] [main] com.vva.buildings.Orenda                 : Building with ID 0 not found in tabBuildings, idOrenda: 73185
2025-07-06T13:47:45.921+03:00  INFO 35380 --- [buildings] [main] com.vva.buildings.Orenda                 : ID об'єкту порожній у рядку 4017, idOrenda: 47554
2025-07-06T13:47:45.922+03:00  INFO 35380 --- [buildings] [main] com.vva.buildings.Orenda                 : Building with ID 20248 not found in tabBuildings, idOrenda: 79098
2025-07-06T13:47:45.934+03:00  INFO 35380 --- [buildings] [main] com.vva.buildings.Orenda                 : Building with ID 18074 not found in tabBuildings, idOrenda: 81458
2025-07-06T13:47:45.939+03:00  INFO 35380 --- [buildings] [main] com.vva.buildings.Orenda                 : Building with ID 0 not found in tabBuildings, idOrenda: 73415
2025-07-06T13:47:45.942+03:00  INFO 35380 --- [buildings] [main] com.vva.buildings.Orenda                 : ID об'єкту порожній у рядку 4193, idOrenda: 72920
2025-07-06T13:47:45.943+03:00  INFO 35380 --- [buildings] [main] com.vva.buildings.Orenda                 : ID об'єкту порожній у рядку 4194, idOrenda: 72921
2025-07-06T13:47:45.943+03:00  INFO 35380 --- [buildings] [main] com.vva.buildings.Orenda                 : ID об'єкту порожній у рядку 4195, idOrenda: 72922
2025-07-06T13:47:45.943+03:00  INFO 35380 --- [buildings] [main] com.vva.buildings.Orenda                 : ID об'єкту порожній у рядку 4196, idOrenda: 69896
2025-07-06T13:47:45.943+03:00  INFO 35380 --- [buildings] [main] com.vva.buildings.Orenda                 : ID об'єкту порожній у рядку 4197, idOrenda: 69794
2025-07-06T13:47:45.943+03:00  INFO 35380 --- [buildings] [main] com.vva.buildings.Orenda                 : ID об'єкту порожній у рядку 4198, idOrenda: 69805
2025-07-06T13:47:45.943+03:00  INFO 35380 --- [buildings] [main] com.vva.buildings.Orenda                 : ID об'єкту порожній у рядку 4199, idOrenda: 65566
2025-07-06T13:47:45.943+03:00  INFO 35380 --- [buildings] [main] com.vva.buildings.Orenda                 : ID об'єкту порожній у рядку 4200, idOrenda: 65574
2025-07-06T13:47:45.943+03:00  INFO 35380 --- [buildings] [main] com.vva.buildings.Orenda                 : ID об'єкту порожній у рядку 4201, idOrenda: 65592
2025-07-06T13:47:45.943+03:00  INFO 35380 --- [buildings] [main] com.vva.buildings.Orenda                 : ID об'єкту порожній у рядку 4202, idOrenda: 65596
2025-07-06T13:47:45.943+03:00  INFO 35380 --- [buildings] [main] com.vva.buildings.Orenda                 : ID об'єкту порожній у рядку 4203, idOrenda: 65598
2025-07-06T13:47:45.943+03:00  INFO 35380 --- [buildings] [main] com.vva.buildings.Orenda                 : ID об'єкту порожній у рядку 4204, idOrenda: 65599
2025-07-06T13:47:45.943+03:00  INFO 35380 --- [buildings] [main] com.vva.buildings.Orenda                 : ID об'єкту порожній у рядку 4205, idOrenda: 65600
2025-07-06T13:47:45.943+03:00  INFO 35380 --- [buildings] [main] com.vva.buildings.Orenda                 : ID об'єкту порожній у рядку 4206, idOrenda: 65602
2025-07-06T13:47:45.943+03:00  INFO 35380 --- [buildings] [main] com.vva.buildings.Orenda                 : ID об'єкту порожній у рядку 4207, idOrenda: 65603
2025-07-06T13:47:45.943+03:00  INFO 35380 --- [buildings] [main] com.vva.buildings.Orenda                 : ID об'єкту порожній у рядку 4208, idOrenda: 65611
2025-07-06T13:47:45.943+03:00  INFO 35380 --- [buildings] [main] com.vva.buildings.Orenda                 : ID об'єкту порожній у рядку 4209, idOrenda: 65617
2025-07-06T13:47:45.943+03:00  INFO 35380 --- [buildings] [main] com.vva.buildings.Orenda                 : ID об'єкту порожній у рядку 4210, idOrenda: 65623
2025-07-06T13:47:45.943+03:00  INFO 35380 --- [buildings] [main] com.vva.buildings.Orenda                 : ID об'єкту порожній у рядку 4211, idOrenda: 65626
2025-07-06T13:47:45.943+03:00  INFO 35380 --- [buildings] [main] com.vva.buildings.Orenda                 : ID об'єкту порожній у рядку 4212, idOrenda: 65636
2025-07-06T13:47:45.943+03:00  INFO 35380 --- [buildings] [main] com.vva.buildings.Orenda                 : ID об'єкту порожній у рядку 4213, idOrenda: 65637
2025-07-06T13:47:45.943+03:00  INFO 35380 --- [buildings] [main] com.vva.buildings.Orenda                 : ID об'єкту порожній у рядку 4214, idOrenda: 65638
2025-07-06T13:47:45.943+03:00  INFO 35380 --- [buildings] [main] com.vva.buildings.Orenda                 : ID об'єкту порожній у рядку 4215, idOrenda: 65639
2025-07-06T13:47:45.943+03:00  INFO 35380 --- [buildings] [main] com.vva.buildings.Orenda                 : ID об'єкту порожній у рядку 4216, idOrenda: 65644
2025-07-06T13:47:45.943+03:00  INFO 35380 --- [buildings] [main] com.vva.buildings.Orenda                 : ID об'єкту порожній у рядку 4217, idOrenda: 65645
2025-07-06T13:47:45.944+03:00  INFO 35380 --- [buildings] [main] com.vva.buildings.Orenda                 : ID об'єкту порожній у рядку 4218, idOrenda: 65649
2025-07-06T13:47:45.944+03:00  INFO 35380 --- [buildings] [main] com.vva.buildings.Orenda                 : ID об'єкту порожній у рядку 4219, idOrenda: 65650
2025-07-06T13:47:45.944+03:00  INFO 35380 --- [buildings] [main] com.vva.buildings.Orenda                 : ID об'єкту порожній у рядку 4220, idOrenda: 65651
2025-07-06T13:47:45.944+03:00  INFO 35380 --- [buildings] [main] com.vva.buildings.Orenda                 : ID об'єкту порожній у рядку 4221, idOrenda: 65652
2025-07-06T13:47:45.944+03:00  INFO 35380 --- [buildings] [main] com.vva.buildings.Orenda                 : ID об'єкту порожній у рядку 4222, idOrenda: 65653
2025-07-06T13:47:45.944+03:00  INFO 35380 --- [buildings] [main] com.vva.buildings.Orenda                 : ID об'єкту порожній у рядку 4223, idOrenda: 63422
2025-07-06T13:47:45.944+03:00  INFO 35380 --- [buildings] [main] com.vva.buildings.Orenda                 : ID об'єкту порожній у рядку 4224, idOrenda: 63424
2025-07-06T13:47:45.944+03:00  INFO 35380 --- [buildings] [main] com.vva.buildings.Orenda                 : ID об'єкту порожній у рядку 4225, idOrenda: 69599
2025-07-06T13:47:45.944+03:00  INFO 35380 --- [buildings] [main] com.vva.buildings.Orenda                 : ID об'єкту порожній у рядку 4226, idOrenda: 69600
2025-07-06T13:47:45.944+03:00  INFO 35380 --- [buildings] [main] com.vva.buildings.Orenda                 : Building with ID 44562 not found in tabBuildings, idOrenda: 82666
2025-07-06T13:47:45.944+03:00  INFO 35380 --- [buildings] [main] com.vva.buildings.Orenda                 : Building with ID 44562 not found in tabBuildings, idOrenda: 77642
2025-07-06T13:47:45.944+03:00  INFO 35380 --- [buildings] [main] com.vva.buildings.Orenda                 : Building with ID 44562 not found in tabBuildings, idOrenda: 72140
2025-07-06T13:47:45.949+03:00  INFO 35380 --- [buildings] [main] com.vva.buildings.Orenda                 : Building with ID 0 not found in tabBuildings, idOrenda: 85392
2025-07-06T13:47:45.956+03:00  INFO 35380 --- [buildings] [main] com.vva.buildings.Orenda                 : Building with ID 0 not found in tabBuildings, idOrenda: 77752
2025-07-06T13:47:45.957+03:00  INFO 35380 --- [buildings] [main] com.vva.buildings.Orenda                 : Building with ID 14600 not found in tabBuildings, idOrenda: 78329
2025-07-06T13:47:45.958+03:00  INFO 35380 --- [buildings] [main] com.vva.buildings.Orenda                 : Building with ID 14600 not found in tabBuildings, idOrenda: 73350
2025-07-06T13:47:45.958+03:00  INFO 35380 --- [buildings] [main] com.vva.buildings.Orenda                 : Building with ID 14600 not found in tabBuildings, idOrenda: 73352
2025-07-06T13:47:45.959+03:00  INFO 35380 --- [buildings] [main] com.vva.buildings.Orenda                 : Building with ID 61486 not found in tabBuildings, idOrenda: 84763
2025-07-06T13:47:45.960+03:00  INFO 35380 --- [buildings] [main] com.vva.buildings.Orenda                 : Building with ID 49848 not found in tabBuildings, idOrenda: 78886
2025-07-06T13:47:45.962+03:00  INFO 35380 --- [buildings] [main] com.vva.buildings.Orenda                 : ID об'єкту порожній у рядку 4370, idOrenda: 84250
2025-07-06T13:47:45.962+03:00  INFO 35380 --- [buildings] [main] com.vva.buildings.Orenda                 : ID об'єкту порожній у рядку 4371, idOrenda: 84251
2025-07-06T13:47:45.962+03:00  INFO 35380 --- [buildings] [main] com.vva.buildings.Orenda                 : ID об'єкту порожній у рядку 4372, idOrenda: 84252
2025-07-06T13:47:45.963+03:00  INFO 35380 --- [buildings] [main] com.vva.buildings.Orenda                 : ID об'єкту порожній у рядку 4373, idOrenda: 84253
2025-07-06T13:47:45.963+03:00  INFO 35380 --- [buildings] [main] com.vva.buildings.Orenda                 : ID об'єкту порожній у рядку 4374, idOrenda: 84254
2025-07-06T13:47:45.963+03:00  INFO 35380 --- [buildings] [main] com.vva.buildings.Orenda                 : Building with ID 14600 not found in tabBuildings, idOrenda: 84259
2025-07-06T13:47:45.971+03:00  INFO 35380 --- [buildings] [main] com.vva.buildings.Orenda                 : Building with ID 49846 not found in tabBuildings, idOrenda: 81142
2025-07-06T13:47:45.972+03:00  INFO 35380 --- [buildings] [main] com.vva.buildings.Orenda                 : Building with ID 49846 not found in tabBuildings, idOrenda: 82290
2025-07-06T13:47:45.972+03:00  INFO 35380 --- [buildings] [main] com.vva.buildings.Orenda                 : Building with ID 49846 not found in tabBuildings, idOrenda: 82314
2025-07-06T13:47:45.972+03:00  INFO 35380 --- [buildings] [main] com.vva.buildings.Orenda                 : Building with ID 49846 not found in tabBuildings, idOrenda: 81888
2025-07-06T13:47:45.973+03:00  INFO 35380 --- [buildings] [main] com.vva.buildings.Orenda                 : Building with ID 49846 not found in tabBuildings, idOrenda: 84047
2025-07-06T13:47:45.974+03:00  INFO 35380 --- [buildings] [main] com.vva.buildings.Orenda                 : Building with ID 3152 not found in tabBuildings, idOrenda: 83894
2025-07-06T13:47:45.974+03:00  INFO 35380 --- [buildings] [main] com.vva.buildings.Orenda                 : Building with ID 49846 not found in tabBuildings, idOrenda: 83243
2025-07-06T13:47:45.974+03:00  INFO 35380 --- [buildings] [main] com.vva.buildings.Orenda                 : Building with ID 49846 not found in tabBuildings, idOrenda: 83244
2025-07-06T13:47:45.975+03:00  INFO 35380 --- [buildings] [main] com.vva.buildings.Orenda                 : Building with ID 49846 not found in tabBuildings, idOrenda: 83545
2025-07-06T13:47:45.975+03:00  INFO 35380 --- [buildings] [main] com.vva.buildings.Orenda                 : Building with ID 49846 not found in tabBuildings, idOrenda: 83024
2025-07-06T13:47:45.975+03:00  INFO 35380 --- [buildings] [main] com.vva.buildings.Orenda                 : Building with ID 49846 not found in tabBuildings, idOrenda: 83025
2025-07-06T13:47:45.975+03:00  INFO 35380 --- [buildings] [main] com.vva.buildings.Orenda                 : Building with ID 49846 not found in tabBuildings, idOrenda: 82809
2025-07-06T13:47:45.982+03:00  INFO 35380 --- [buildings] [main] com.vva.buildings.Orenda                 : ID об'єкту порожній у рядку 4502, idOrenda: 73876
2025-07-06T13:47:46.000+03:00  INFO 35380 --- [buildings] [main] com.vva.buildings.Orenda                 : ID об'єкту порожній у рядку 4615, idOrenda: 84262
2025-07-06T13:47:46.000+03:00  INFO 35380 --- [buildings] [main] com.vva.buildings.Orenda                 : ID об'єкту порожній у рядку 4616, idOrenda: 84243
2025-07-06T13:47:46.027+03:00  INFO 35380 --- [buildings] [main] com.vva.buildings.Orenda                 : ID об'єкту порожній у рядку 4795, idOrenda: 84258
2025-07-06T13:47:46.027+03:00  INFO 35380 --- [buildings] [main] com.vva.buildings.Orenda                 : ID об'єкту порожній у рядку 4796, idOrenda: 84255
2025-07-06T13:47:46.027+03:00  INFO 35380 --- [buildings] [main] com.vva.buildings.Orenda                 : ID об'єкту порожній у рядку 4797, idOrenda: 84246
2025-07-06T13:47:46.027+03:00  INFO 35380 --- [buildings] [main] com.vva.buildings.Orenda                 : ID об'єкту порожній у рядку 4798, idOrenda: 84273
2025-07-06T13:47:46.052+03:00  INFO 35380 --- [buildings] [main] com.vva.buildings.Orenda                 : ID об'єкту порожній у рядку 4997, idOrenda: 84232
2025-07-06T13:47:46.064+03:00  INFO 35380 --- [buildings] [main] com.vva.buildings.Orenda                 : Building with ID 0 not found in tabBuildings, idOrenda: 82583
2025-07-06T13:47:46.072+03:00  INFO 35380 --- [buildings] [main] com.vva.buildings.Orenda                 : Building with ID 25678 not found in tabBuildings, idOrenda: 71264
2025-07-06T13:47:46.079+03:00  INFO 35380 --- [buildings] [main] com.vva.buildings.Orenda                 : Building with ID 0 not found in tabBuildings, idOrenda: 84965
2025-07-06T13:47:46.080+03:00  INFO 35380 --- [buildings] [main] com.vva.buildings.Orenda                 : Building with ID 0 not found in tabBuildings, idOrenda: 85402
2025-07-06T13:47:46.090+03:00  INFO 35380 --- [buildings] [main] com.vva.buildings.Orenda                 : Building with ID 453370 not found in tabBuildings, idOrenda: 83616
2025-07-06T13:47:46.117+03:00  INFO 35380 --- [buildings] [main] com.vva.buildings.Orenda                 : Building with ID 0 not found in tabBuildings, idOrenda: 85258
2025-07-06T13:47:46.117+03:00  INFO 35380 --- [buildings] [main] com.vva.buildings.Orenda                 : Building with ID 0 not found in tabBuildings, idOrenda: 85259
2025-07-06T13:47:46.130+03:00  INFO 35380 --- [buildings] [main] com.vva.buildings.Orenda                 : Building with ID 47635 not found in tabBuildings, idOrenda: 78216
2025-07-06T13:47:46.143+03:00  INFO 35380 --- [buildings] [main] com.vva.buildings.Orenda                 : Building with ID 51302 not found in tabBuildings, idOrenda: 83581
2025-07-06T13:47:46.150+03:00  INFO 35380 --- [buildings] [main] com.vva.buildings.Orenda                 : ID об'єкту порожній у рядку 5796, idOrenda: 79076
2025-07-06T13:47:46.150+03:00  INFO 35380 --- [buildings] [main] com.vva.buildings.Orenda                 : Building with ID 51288 not found in tabBuildings, idOrenda: 81321
2025-07-06T13:47:46.153+03:00  INFO 35380 --- [buildings] [main] com.vva.buildings.Orenda                 : Building with ID 0 not found in tabBuildings, idOrenda: 81959
2025-07-06T13:47:46.163+03:00  INFO 35380 --- [buildings] [main] com.vva.buildings.Orenda                 : Building with ID 0 not found in tabBuildings, idOrenda: 74452
2025-07-06T13:47:46.166+03:00  INFO 35380 --- [buildings] [main] com.vva.buildings.Orenda                 : Building with ID 51250 not found in tabBuildings, idOrenda: 71070
2025-07-06T13:47:46.173+03:00  INFO 35380 --- [buildings] [main] com.vva.buildings.Orenda                 : Building with ID 51410 not found in tabBuildings, idOrenda: 71241
2025-07-06T13:47:46.173+03:00  INFO 35380 --- [buildings] [main] com.vva.buildings.Orenda                 : Building with ID 0 not found in tabBuildings, idOrenda: 75661
2025-07-06T13:47:46.181+03:00  INFO 35380 --- [buildings] [main] com.vva.buildings.Orenda                 : Building with ID 0 not found in tabBuildings, idOrenda: 85030
2025-07-06T13:47:46.186+03:00  INFO 35380 --- [buildings] [main] com.vva.buildings.Orenda                 : Building with ID 0 not found in tabBuildings, idOrenda: 84442
2025-07-06T13:47:46.199+03:00  INFO 35380 --- [buildings] [main] com.vva.buildings.Orenda                 : Building with ID 18001 not found in tabBuildings, idOrenda: 85331
2025-07-06T13:47:46.203+03:00  INFO 35380 --- [buildings] [main] com.vva.buildings.Orenda                 : Building with ID 51006 not found in tabBuildings, idOrenda: 79642
2025-07-06T13:47:46.204+03:00  INFO 35380 --- [buildings] [main] com.vva.buildings.Orenda                 : Building with ID 51006 not found in tabBuildings, idOrenda: 80024
2025-07-06T13:47:46.205+03:00  INFO 35380 --- [buildings] [main] com.vva.buildings.Orenda                 : Building with ID 51006 not found in tabBuildings, idOrenda: 81730
2025-07-06T13:47:46.214+03:00  INFO 35380 --- [buildings] [main] com.vva.buildings.Orenda                 : Building with ID 51006 not found in tabBuildings, idOrenda: 79033
2025-07-06T13:47:46.215+03:00  INFO 35380 --- [buildings] [main] com.vva.buildings.Orenda                 : Building with ID 51006 not found in tabBuildings, idOrenda: 84029
2025-07-06T13:47:46.217+03:00  INFO 35380 --- [buildings] [main] com.vva.buildings.Orenda                 : Building with ID 51006 not found in tabBuildings, idOrenda: 83519
2025-07-06T13:47:46.221+03:00  INFO 35380 --- [buildings] [main] com.vva.buildings.Orenda                 : Building with ID 51006 not found in tabBuildings, idOrenda: 83063
2025-07-06T13:47:46.223+03:00  INFO 35380 --- [buildings] [main] com.vva.buildings.Orenda                 : Building with ID 51006 not found in tabBuildings, idOrenda: 82591
2025-07-06T13:47:46.227+03:00  INFO 35380 --- [buildings] [main] com.vva.buildings.Orenda                 : Building with ID 53273 not found in tabBuildings, idOrenda: 83625
2025-07-06T13:47:46.234+03:00  INFO 35380 --- [buildings] [main] com.vva.buildings.Orenda                 : Building with ID 53841 not found in tabBuildings, idOrenda: 81550
2025-07-06T13:47:46.235+03:00  INFO 35380 --- [buildings] [main] com.vva.buildings.Orenda                 : Building with ID 58530 not found in tabBuildings, idOrenda: 81566
2025-07-06T13:47:46.236+03:00  INFO 35380 --- [buildings] [main] com.vva.buildings.Orenda                 : Building with ID 53028 not found in tabBuildings, idOrenda: 81527
2025-07-06T13:47:46.238+03:00  INFO 35380 --- [buildings] [main] com.vva.buildings.Orenda                 : Building with ID 53991 not found in tabBuildings, idOrenda: 81294
2025-07-06T13:47:46.246+03:00  INFO 35380 --- [buildings] [main] com.vva.buildings.Orenda                 : Building with ID 53871 not found in tabBuildings, idOrenda: 81641
2025-07-06T13:47:46.247+03:00  INFO 35380 --- [buildings] [main] com.vva.buildings.Orenda                 : Building with ID 53055 not found in tabBuildings, idOrenda: 81745
2025-07-06T13:47:46.249+03:00  INFO 35380 --- [buildings] [main] com.vva.buildings.Orenda                 : Building with ID 58540 not found in tabBuildings, idOrenda: 81987
2025-07-06T13:47:46.249+03:00  INFO 35380 --- [buildings] [main] com.vva.buildings.Orenda                 : Building with ID 53396 not found in tabBuildings, idOrenda: 82006
2025-07-06T13:47:46.249+03:00  INFO 35380 --- [buildings] [main] com.vva.buildings.Orenda                 : Building with ID 52831 not found in tabBuildings, idOrenda: 82000
2025-07-06T13:47:46.253+03:00  INFO 35380 --- [buildings] [main] com.vva.buildings.Orenda                 : Building with ID 53554 not found in tabBuildings, idOrenda: 68955
2025-07-06T13:47:46.254+03:00  INFO 35380 --- [buildings] [main] com.vva.buildings.Orenda                 : Building with ID 53240 not found in tabBuildings, idOrenda: 69049
2025-07-06T13:47:46.254+03:00  INFO 35380 --- [buildings] [main] com.vva.buildings.Orenda                 : Building with ID 53240 not found in tabBuildings, idOrenda: 69050
2025-07-06T13:47:46.255+03:00  INFO 35380 --- [buildings] [main] com.vva.buildings.Orenda                 : Building with ID 54034 not found in tabBuildings, idOrenda: 69060
2025-07-06T13:47:46.258+03:00  INFO 35380 --- [buildings] [main] com.vva.buildings.Orenda                 : Building with ID 0 not found in tabBuildings, idOrenda: 80894
2025-07-06T13:47:46.259+03:00  INFO 35380 --- [buildings] [main] com.vva.buildings.Orenda                 : Building with ID 54034 not found in tabBuildings, idOrenda: 77807
2025-07-06T13:47:46.260+03:00  INFO 35380 --- [buildings] [main] com.vva.buildings.Orenda                 : Building with ID 52977 not found in tabBuildings, idOrenda: 78468
2025-07-06T13:47:46.261+03:00  INFO 35380 --- [buildings] [main] com.vva.buildings.Orenda                 : Building with ID 0 not found in tabBuildings, idOrenda: 78569
2025-07-06T13:47:46.262+03:00  INFO 35380 --- [buildings] [main] com.vva.buildings.Orenda                 : Building with ID 53959 not found in tabBuildings, idOrenda: 68849
2025-07-06T13:47:46.264+03:00  INFO 35380 --- [buildings] [main] com.vva.buildings.Orenda                 : Building with ID 53431 not found in tabBuildings, idOrenda: 68904
2025-07-06T13:47:46.265+03:00  INFO 35380 --- [buildings] [main] com.vva.buildings.Orenda                 : Building with ID 53240 not found in tabBuildings, idOrenda: 69678
2025-07-06T13:47:46.271+03:00  INFO 35380 --- [buildings] [main] com.vva.buildings.Orenda                 : Building with ID 0 not found in tabBuildings, idOrenda: 85288
2025-07-06T13:47:46.271+03:00  INFO 35380 --- [buildings] [main] com.vva.buildings.Orenda                 : Building with ID 0 not found in tabBuildings, idOrenda: 85304
2025-07-06T13:47:46.271+03:00  INFO 35380 --- [buildings] [main] com.vva.buildings.Orenda                 : Building with ID 0 not found in tabBuildings, idOrenda: 85305
2025-07-06T13:47:46.271+03:00  INFO 35380 --- [buildings] [main] com.vva.buildings.Orenda                 : Building with ID 0 not found in tabBuildings, idOrenda: 85306
2025-07-06T13:47:46.271+03:00  INFO 35380 --- [buildings] [main] com.vva.buildings.Orenda                 : Building with ID 0 not found in tabBuildings, idOrenda: 85308
2025-07-06T13:47:46.271+03:00  INFO 35380 --- [buildings] [main] com.vva.buildings.Orenda                 : Building with ID 0 not found in tabBuildings, idOrenda: 85309
2025-07-06T13:47:46.271+03:00  INFO 35380 --- [buildings] [main] com.vva.buildings.Orenda                 : Building with ID 0 not found in tabBuildings, idOrenda: 85311
2025-07-06T13:47:46.271+03:00  INFO 35380 --- [buildings] [main] com.vva.buildings.Orenda                 : Building with ID 0 not found in tabBuildings, idOrenda: 85315
2025-07-06T13:47:46.271+03:00  INFO 35380 --- [buildings] [main] com.vva.buildings.Orenda                 : Building with ID 0 not found in tabBuildings, idOrenda: 85230
2025-07-06T13:47:46.271+03:00  INFO 35380 --- [buildings] [main] com.vva.buildings.Orenda                 : Building with ID 0 not found in tabBuildings, idOrenda: 85231
2025-07-06T13:47:46.271+03:00  INFO 35380 --- [buildings] [main] com.vva.buildings.Orenda                 : ID об'єкту порожній у рядку 6811, idOrenda: 85232
2025-07-06T13:47:46.271+03:00  INFO 35380 --- [buildings] [main] com.vva.buildings.Orenda                 : ID об'єкту порожній у рядку 6812, idOrenda: 85223
2025-07-06T13:47:46.271+03:00  INFO 35380 --- [buildings] [main] com.vva.buildings.Orenda                 : Building with ID 0 not found in tabBuildings, idOrenda: 85234
2025-07-06T13:47:46.271+03:00  INFO 35380 --- [buildings] [main] com.vva.buildings.Orenda                 : Building with ID 0 not found in tabBuildings, idOrenda: 85235
2025-07-06T13:47:46.271+03:00  INFO 35380 --- [buildings] [main] com.vva.buildings.Orenda                 : Building with ID 0 not found in tabBuildings, idOrenda: 85236
2025-07-06T13:47:46.271+03:00  INFO 35380 --- [buildings] [main] com.vva.buildings.Orenda                 : Building with ID 0 not found in tabBuildings, idOrenda: 85237
2025-07-06T13:47:46.271+03:00  INFO 35380 --- [buildings] [main] com.vva.buildings.Orenda                 : Building with ID 0 not found in tabBuildings, idOrenda: 85238
2025-07-06T13:47:46.271+03:00  INFO 35380 --- [buildings] [main] com.vva.buildings.Orenda                 : Building with ID 0 not found in tabBuildings, idOrenda: 85239
2025-07-06T13:47:46.271+03:00  INFO 35380 --- [buildings] [main] com.vva.buildings.Orenda                 : Building with ID 0 not found in tabBuildings, idOrenda: 85240
2025-07-06T13:47:46.271+03:00  INFO 35380 --- [buildings] [main] com.vva.buildings.Orenda                 : ID об'єкту порожній у рядку 6820, idOrenda: 85241
2025-07-06T13:47:46.271+03:00  INFO 35380 --- [buildings] [main] com.vva.buildings.Orenda                 : Building with ID 0 not found in tabBuildings, idOrenda: 85242
2025-07-06T13:47:46.271+03:00  INFO 35380 --- [buildings] [main] com.vva.buildings.Orenda                 : Building with ID 0 not found in tabBuildings, idOrenda: 85243
2025-07-06T13:47:46.272+03:00  INFO 35380 --- [buildings] [main] com.vva.buildings.Orenda                 : ID об'єкту порожній у рядку 6823, idOrenda: 85245
2025-07-06T13:47:46.272+03:00  INFO 35380 --- [buildings] [main] com.vva.buildings.Orenda                 : Building with ID 0 not found in tabBuildings, idOrenda: 85246
2025-07-06T13:47:46.272+03:00  INFO 35380 --- [buildings] [main] com.vva.buildings.Orenda                 : Building with ID 0 not found in tabBuildings, idOrenda: 85247
2025-07-06T13:47:46.272+03:00  INFO 35380 --- [buildings] [main] com.vva.buildings.Orenda                 : Building with ID 0 not found in tabBuildings, idOrenda: 85249
2025-07-06T13:47:46.272+03:00  INFO 35380 --- [buildings] [main] com.vva.buildings.Orenda                 : Building with ID 0 not found in tabBuildings, idOrenda: 85251
2025-07-06T13:47:46.272+03:00  INFO 35380 --- [buildings] [main] com.vva.buildings.Orenda                 : Building with ID 0 not found in tabBuildings, idOrenda: 85252
2025-07-06T13:47:46.272+03:00  INFO 35380 --- [buildings] [main] com.vva.buildings.Orenda                 : Building with ID 0 not found in tabBuildings, idOrenda: 85139
2025-07-06T13:47:46.272+03:00  INFO 35380 --- [buildings] [main] com.vva.buildings.Orenda                 : Building with ID 0 not found in tabBuildings, idOrenda: 85161
2025-07-06T13:47:46.272+03:00  INFO 35380 --- [buildings] [main] com.vva.buildings.Orenda                 : Building with ID 0 not found in tabBuildings, idOrenda: 85162
2025-07-06T13:47:46.272+03:00  INFO 35380 --- [buildings] [main] com.vva.buildings.Orenda                 : Building with ID 0 not found in tabBuildings, idOrenda: 85154
2025-07-06T13:47:46.272+03:00  INFO 35380 --- [buildings] [main] com.vva.buildings.Orenda                 : Building with ID 0 not found in tabBuildings, idOrenda: 85166
2025-07-06T13:47:46.272+03:00  INFO 35380 --- [buildings] [main] com.vva.buildings.Orenda                 : Building with ID 0 not found in tabBuildings, idOrenda: 85167
2025-07-06T13:47:46.272+03:00  INFO 35380 --- [buildings] [main] com.vva.buildings.Orenda                 : Building with ID 0 not found in tabBuildings, idOrenda: 85159
2025-07-06T13:47:46.272+03:00  INFO 35380 --- [buildings] [main] com.vva.buildings.Orenda                 : Building with ID 0 not found in tabBuildings, idOrenda: 85170
2025-07-06T13:47:46.272+03:00  INFO 35380 --- [buildings] [main] com.vva.buildings.Orenda                 : Building with ID 0 not found in tabBuildings, idOrenda: 85175
2025-07-06T13:47:46.272+03:00  INFO 35380 --- [buildings] [main] com.vva.buildings.Orenda                 : Building with ID 0 not found in tabBuildings, idOrenda: 85176
2025-07-06T13:47:46.272+03:00  INFO 35380 --- [buildings] [main] com.vva.buildings.Orenda                 : Building with ID 0 not found in tabBuildings, idOrenda: 85177
2025-07-06T13:47:46.272+03:00  INFO 35380 --- [buildings] [main] com.vva.buildings.Orenda                 : Building with ID 0 not found in tabBuildings, idOrenda: 85172
2025-07-06T13:47:46.272+03:00  INFO 35380 --- [buildings] [main] com.vva.buildings.Orenda                 : Building with ID 0 not found in tabBuildings, idOrenda: 85173
2025-07-06T13:47:46.272+03:00  INFO 35380 --- [buildings] [main] com.vva.buildings.Orenda                 : Building with ID 0 not found in tabBuildings, idOrenda: 85179
2025-07-06T13:47:46.272+03:00  INFO 35380 --- [buildings] [main] com.vva.buildings.Orenda                 : Building with ID 0 not found in tabBuildings, idOrenda: 85180
2025-07-06T13:47:46.272+03:00  INFO 35380 --- [buildings] [main] com.vva.buildings.Orenda                 : Building with ID 0 not found in tabBuildings, idOrenda: 85031
2025-07-06T13:47:46.273+03:00  INFO 35380 --- [buildings] [main] com.vva.buildings.Orenda                 : Building with ID 0 not found in tabBuildings, idOrenda: 84949
2025-07-06T13:47:46.273+03:00  INFO 35380 --- [buildings] [main] com.vva.buildings.Orenda                 : Building with ID 0 not found in tabBuildings, idOrenda: 84943
2025-07-06T13:47:46.273+03:00  INFO 35380 --- [buildings] [main] com.vva.buildings.Orenda                 : Building with ID 0 not found in tabBuildings, idOrenda: 84944
2025-07-06T13:47:46.273+03:00  INFO 35380 --- [buildings] [main] com.vva.buildings.Orenda                 : Building with ID 0 not found in tabBuildings, idOrenda: 84945
2025-07-06T13:47:46.273+03:00  INFO 35380 --- [buildings] [main] com.vva.buildings.Orenda                 : ID об'єкту порожній у рядку 6851, idOrenda: 84231
2025-07-06T13:47:46.273+03:00  INFO 35380 --- [buildings] [main] com.vva.buildings.Orenda                 : Building with ID 0 not found in tabBuildings, idOrenda: 84219
2025-07-06T13:47:46.273+03:00  INFO 35380 --- [buildings] [main] com.vva.buildings.Orenda                 : Building with ID 0 not found in tabBuildings, idOrenda: 84365
2025-07-06T13:47:46.274+03:00  INFO 35380 --- [buildings] [main] com.vva.buildings.Orenda                 : ID об'єкту порожній у рядку 6860, idOrenda: 84614
2025-07-06T13:47:46.274+03:00  INFO 35380 --- [buildings] [main] com.vva.buildings.Orenda                 : Building with ID 0 not found in tabBuildings, idOrenda: 84615
2025-07-06T13:47:46.274+03:00  INFO 35380 --- [buildings] [main] com.vva.buildings.Orenda                 : Building with ID 0 not found in tabBuildings, idOrenda: 84618
2025-07-06T13:47:46.274+03:00  INFO 35380 --- [buildings] [main] com.vva.buildings.Orenda                 : Building with ID 58330 not found in tabBuildings, idOrenda: 79194
2025-07-06T13:47:46.275+03:00  INFO 35380 --- [buildings] [main] com.vva.buildings.Orenda                 : Building with ID 53051 not found in tabBuildings, idOrenda: 67607
2025-07-06T13:47:46.275+03:00  INFO 35380 --- [buildings] [main] com.vva.buildings.Orenda                 : Building with ID 58534 not found in tabBuildings, idOrenda: 67564
2025-07-06T13:47:46.275+03:00  INFO 35380 --- [buildings] [main] com.vva.buildings.Orenda                 : Building with ID 58545 not found in tabBuildings, idOrenda: 67566
2025-07-06T13:47:46.308+03:00  INFO 35380 --- [buildings] [main] com.vva.buildings.Orenda                 : Building with ID 40000 not found in tabBuildings, idOrenda: 82348
2025-07-06T13:47:46.312+03:00  INFO 35380 --- [buildings] [main] com.vva.buildings.Orenda                 : Building with ID 40000 not found in tabBuildings, idOrenda: 70195
2025-07-06T13:47:46.315+03:00  INFO 35380 --- [buildings] [main] com.vva.buildings.Orenda                 : Building with ID 40000 not found in tabBuildings, idOrenda: 70218
2025-07-06T13:47:46.319+03:00  INFO 35380 --- [buildings] [main] com.vva.buildings.Orenda                 : Building with ID 0 not found in tabBuildings, idOrenda: 85399
2025-07-06T13:47:46.319+03:00  INFO 35380 --- [buildings] [main] com.vva.buildings.Orenda                 : Building with ID 0 not found in tabBuildings, idOrenda: 85301
2025-07-06T13:47:46.319+03:00  INFO 35380 --- [buildings] [main] com.vva.buildings.Orenda                 : ID об'єкту порожній у рядку 7293, idOrenda: 85302
2025-07-06T13:47:46.319+03:00  INFO 35380 --- [buildings] [main] com.vva.buildings.Orenda                 : Building with ID 0 not found in tabBuildings, idOrenda: 85334
2025-07-06T13:47:46.328+03:00  INFO 35380 --- [buildings] [main] com.vva.buildings.Orenda                 : ID об'єкту порожній у рядку 7373, idOrenda: 85408
2025-07-06T13:47:46.328+03:00  INFO 35380 --- [buildings] [main] com.vva.buildings.Orenda                 : Building with ID 0 not found in tabBuildings, idOrenda: 85380
2025-07-06T13:47:46.336+03:00  INFO 35380 --- [buildings] [main] com.vva.buildings.Orenda                 : ID об'єкту порожній у рядку 7447, idOrenda: 68713
2025-07-06T13:47:46.340+03:00  INFO 35380 --- [buildings] [main] com.vva.buildings.Orenda                 : Building with ID 52373 not found in tabBuildings, idOrenda: 72496
2025-07-06T13:47:46.368+03:00  INFO 35380 --- [buildings] [main] com.vva.buildings.Orenda                 : ID об'єкту порожній у рядку 7744, idOrenda: 84230
2025-07-06T13:47:46.370+03:00  INFO 35380 --- [buildings] [main] com.vva.buildings.Orenda                 : Building with ID 0 not found in tabBuildings, idOrenda: 85208
2025-07-06T13:47:46.370+03:00  INFO 35380 --- [buildings] [main] com.vva.buildings.Orenda                 : Building with ID 52723 not found in tabBuildings, idOrenda: 78261
2025-07-06T13:47:46.370+03:00  INFO 35380 --- [buildings] [main] com.vva.buildings.Orenda                 : Building with ID 52723 not found in tabBuildings, idOrenda: 76230
2025-07-06T13:47:46.371+03:00  INFO 35380 --- [buildings] [main] com.vva.buildings.Orenda                 : Building with ID 52723 not found in tabBuildings, idOrenda: 76582
2025-07-06T13:47:46.371+03:00  INFO 35380 --- [buildings] [main] com.vva.buildings.Orenda                 : Building with ID 52705 not found in tabBuildings, idOrenda: 80600
2025-07-06T13:47:46.371+03:00  INFO 35380 --- [buildings] [main] com.vva.buildings.Orenda                 : Building with ID 52723 not found in tabBuildings, idOrenda: 75567
2025-07-06T13:47:46.371+03:00  INFO 35380 --- [buildings] [main] com.vva.buildings.Orenda                 : Building with ID 52723 not found in tabBuildings, idOrenda: 78604
2025-07-06T13:47:46.371+03:00  INFO 35380 --- [buildings] [main] com.vva.buildings.Orenda                 : Building with ID 52705 not found in tabBuildings, idOrenda: 76580
2025-07-06T13:47:46.371+03:00  INFO 35380 --- [buildings] [main] com.vva.buildings.Orenda                 : Building with ID 52705 not found in tabBuildings, idOrenda: 75871
2025-07-06T13:47:46.383+03:00  INFO 35380 --- [buildings] [main] com.vva.buildings.Orenda                 : ID об'єкту порожній у рядку 7886, idOrenda: 76710
2025-07-06T13:47:46.383+03:00  INFO 35380 --- [buildings] [main] com.vva.buildings.Orenda                 : ID об'єкту порожній у рядку 7887, idOrenda: 76735
2025-07-06T13:47:46.383+03:00  INFO 35380 --- [buildings] [main] com.vva.buildings.Orenda                 : ID об'єкту порожній у рядку 7888, idOrenda: 76736
2025-07-06T13:47:46.383+03:00  INFO 35380 --- [buildings] [main] com.vva.buildings.Orenda                 : ID об'єкту порожній у рядку 7889, idOrenda: 76737
2025-07-06T13:47:46.383+03:00  INFO 35380 --- [buildings] [main] com.vva.buildings.Orenda                 : ID об'єкту порожній у рядку 7890, idOrenda: 76948
2025-07-06T13:47:46.383+03:00  INFO 35380 --- [buildings] [main] com.vva.buildings.Orenda                 : Building with ID 4024 not found in tabBuildings, idOrenda: 61613
2025-07-06T13:47:46.385+03:00  INFO 35380 --- [buildings] [main] com.vva.buildings.Orenda                 : ID об'єкту порожній у рядку 7907, idOrenda: 79550
2025-07-06T13:47:46.385+03:00  INFO 35380 --- [buildings] [main] com.vva.buildings.Orenda                 : ID об'єкту порожній у рядку 7908, idOrenda: 80241
2025-07-06T13:47:46.385+03:00  INFO 35380 --- [buildings] [main] com.vva.buildings.Orenda                 : ID об'єкту порожній у рядку 7909, idOrenda: 80242
2025-07-06T13:47:46.385+03:00  INFO 35380 --- [buildings] [main] com.vva.buildings.Orenda                 : ID об'єкту порожній у рядку 7910, idOrenda: 80352
2025-07-06T13:47:46.385+03:00  INFO 35380 --- [buildings] [main] com.vva.buildings.Orenda                 : ID об'єкту порожній у рядку 7911, idOrenda: 80431
2025-07-06T13:47:46.386+03:00  INFO 35380 --- [buildings] [main] com.vva.buildings.Orenda                 : ID об'єкту порожній у рядку 7924, idOrenda: 80351
2025-07-06T13:47:46.387+03:00  INFO 35380 --- [buildings] [main] com.vva.buildings.Orenda                 : Building with ID 0 not found in tabBuildings, idOrenda: 81128
2025-07-06T13:47:46.387+03:00  INFO 35380 --- [buildings] [main] com.vva.buildings.Orenda                 : Building with ID 0 not found in tabBuildings, idOrenda: 84898
2025-07-06T13:47:46.387+03:00  INFO 35380 --- [buildings] [main] com.vva.buildings.Orenda                 : Building with ID 0 not found in tabBuildings, idOrenda: 85319
2025-07-06T13:47:46.388+03:00  INFO 35380 --- [buildings] [main] com.vva.buildings.Orenda                 : Building with ID 52722 not found in tabBuildings, idOrenda: 82522
2025-07-06T13:47:46.389+03:00  INFO 35380 --- [buildings] [main] com.vva.buildings.Orenda                 : Building with ID 992740 not found in tabBuildings, idOrenda: 84085
2025-07-06T13:47:46.389+03:00  INFO 35380 --- [buildings] [main] com.vva.buildings.Orenda                 : Building with ID 4105 not found in tabBuildings, idOrenda: 84120
2025-07-06T13:47:46.389+03:00  INFO 35380 --- [buildings] [main] com.vva.buildings.Orenda                 : Building with ID 0 not found in tabBuildings, idOrenda: 84604
2025-07-06T13:47:46.389+03:00  INFO 35380 --- [buildings] [main] com.vva.buildings.Orenda                 : Building with ID 1943 not found in tabBuildings, idOrenda: 84532
2025-07-06T13:47:46.390+03:00  INFO 35380 --- [buildings] [main] com.vva.buildings.Orenda                 : Building with ID 65223 not found in tabBuildings, idOrenda: 84729
2025-07-06T13:47:46.390+03:00  INFO 35380 --- [buildings] [main] com.vva.buildings.Orenda                 : Building with ID 0 not found in tabBuildings, idOrenda: 85182
2025-07-06T13:47:46.390+03:00  INFO 35380 --- [buildings] [main] com.vva.buildings.Orenda                 : Building with ID 6857 not found in tabBuildings, idOrenda: 85174
2025-07-06T13:47:46.390+03:00  INFO 35380 --- [buildings] [main] com.vva.buildings.Orenda                 : Building with ID 0 not found in tabBuildings, idOrenda: 85253
2025-07-06T13:47:46.390+03:00  INFO 35380 --- [buildings] [main] com.vva.buildings.Orenda                 : Building with ID 0 not found in tabBuildings, idOrenda: 85297
2025-07-06T13:47:46.391+03:00  INFO 35380 --- [buildings] [main] com.vva.buildings.Orenda                 : Building with ID 17057 not found in tabBuildings, idOrenda: 81335
2025-07-06T13:47:46.391+03:00  INFO 35380 --- [buildings] [main] com.vva.buildings.Orenda                 : Building with ID 5774 not found in tabBuildings, idOrenda: 81394
2025-07-06T13:47:46.391+03:00  INFO 35380 --- [buildings] [main] com.vva.buildings.Orenda                 : Building with ID 0 not found in tabBuildings, idOrenda: 83140
2025-07-06T13:47:46.392+03:00  INFO 35380 --- [buildings] [main] com.vva.buildings.Orenda                 : Building with ID 0 not found in tabBuildings, idOrenda: 83940
2025-07-06T13:47:46.392+03:00  INFO 35380 --- [buildings] [main] com.vva.buildings.Orenda                 : Building with ID 11893 not found in tabBuildings, idOrenda: 84080
2025-07-06T13:47:46.392+03:00  INFO 35380 --- [buildings] [main] com.vva.buildings.Orenda                 : Building with ID 8178 not found in tabBuildings, idOrenda: 84560
2025-07-06T13:47:46.394+03:00  INFO 35380 --- [buildings] [main] com.vva.buildings.Orenda                 : Finished creating Orenda tabs
2025-07-06T13:48:21.194+03:00  INFO 25716 --- [buildings] [main] c.vva.buildings.BuildingsApplicationKt   : Starting BuildingsApplicationKt using Java 21.0.7 with PID 25716 (C:\Users\volvo\OneDrive\ДКВ\Оприлюдлення\proj\buildings\build\classes\kotlin\main started by volvo in C:\Users\volvo\OneDrive\ДКВ\Оприлюдлення\proj\buildings)
2025-07-06T13:48:21.195+03:00  INFO 25716 --- [buildings] [main] c.vva.buildings.BuildingsApplicationKt   : No active profile set, falling back to 1 default profile: "default"
2025-07-06T13:48:21.830+03:00  INFO 25716 --- [buildings] [main] c.vva.buildings.BuildingsApplicationKt   : Started BuildingsApplicationKt in 0.987 seconds (process running for 1.407)
2025-07-06T13:48:27.595+03:00  INFO 25716 --- [buildings] [main] com.vva.buildings.Orenda                 : Start creating Orenda tabs
2025-07-06T13:48:27.596+03:00  INFO 25716 --- [buildings] [main] com.vva.buildings.Orenda                 : ID об'єкту порожній у рядку 2, idOrenda: 70613
2025-07-06T13:48:27.596+03:00  INFO 25716 --- [buildings] [main] com.vva.buildings.Orenda                 : ID об'єкту порожній у рядку 3, idOrenda: 70614
2025-07-06T13:48:27.596+03:00  INFO 25716 --- [buildings] [main] com.vva.buildings.Orenda                 : ID об'єкту порожній у рядку 4, idOrenda: 70615
2025-07-06T13:48:27.596+03:00  INFO 25716 --- [buildings] [main] com.vva.buildings.Orenda                 : ID об'єкту порожній у рядку 5, idOrenda: 70616
2025-07-06T13:48:27.596+03:00  INFO 25716 --- [buildings] [main] com.vva.buildings.Orenda                 : ID об'єкту порожній у рядку 6, idOrenda: 70617
2025-07-06T13:48:27.596+03:00  INFO 25716 --- [buildings] [main] com.vva.buildings.Orenda                 : ID об'єкту порожній у рядку 7, idOrenda: 70618
2025-07-06T13:48:27.597+03:00  INFO 25716 --- [buildings] [main] com.vva.buildings.Orenda                 : ID об'єкту порожній у рядку 8, idOrenda: 70619
2025-07-06T13:48:27.597+03:00  INFO 25716 --- [buildings] [main] com.vva.buildings.Orenda                 : ID об'єкту порожній у рядку 9, idOrenda: 70620
2025-07-06T13:48:27.597+03:00  INFO 25716 --- [buildings] [main] com.vva.buildings.Orenda                 : ID об'єкту порожній у рядку 10, idOrenda: 70621
2025-07-06T13:48:27.597+03:00  INFO 25716 --- [buildings] [main] com.vva.buildings.Orenda                 : ID об'єкту порожній у рядку 11, idOrenda: 70622
2025-07-06T13:48:27.597+03:00  INFO 25716 --- [buildings] [main] com.vva.buildings.Orenda                 : ID об'єкту порожній у рядку 12, idOrenda: 70623
2025-07-06T13:48:27.597+03:00  INFO 25716 --- [buildings] [main] com.vva.buildings.Orenda                 : ID об'єкту порожній у рядку 13, idOrenda: 70624
2025-07-06T13:48:27.597+03:00  INFO 25716 --- [buildings] [main] com.vva.buildings.Orenda                 : ID об'єкту порожній у рядку 14, idOrenda: 70625
2025-07-06T13:48:27.597+03:00  INFO 25716 --- [buildings] [main] com.vva.buildings.Orenda                 : ID об'єкту порожній у рядку 15, idOrenda: 70626
2025-07-06T13:48:27.598+03:00  INFO 25716 --- [buildings] [main] com.vva.buildings.Orenda                 : ID об'єкту порожній у рядку 16, idOrenda: 70627
2025-07-06T13:48:27.598+03:00  INFO 25716 --- [buildings] [main] com.vva.buildings.Orenda                 : ID об'єкту порожній у рядку 17, idOrenda: 70628
2025-07-06T13:48:27.598+03:00  INFO 25716 --- [buildings] [main] com.vva.buildings.Orenda                 : ID об'єкту порожній у рядку 18, idOrenda: 70629
2025-07-06T13:48:27.598+03:00  INFO 25716 --- [buildings] [main] com.vva.buildings.Orenda                 : ID об'єкту порожній у рядку 19, idOrenda: 70630
2025-07-06T13:48:27.598+03:00  INFO 25716 --- [buildings] [main] com.vva.buildings.Orenda                 : ID об'єкту порожній у рядку 20, idOrenda: 70631
2025-07-06T13:48:27.598+03:00  INFO 25716 --- [buildings] [main] com.vva.buildings.Orenda                 : ID об'єкту порожній у рядку 21, idOrenda: 70632
2025-07-06T13:48:27.598+03:00  INFO 25716 --- [buildings] [main] com.vva.buildings.Orenda                 : ID об'єкту порожній у рядку 22, idOrenda: 70633
2025-07-06T13:48:27.598+03:00  INFO 25716 --- [buildings] [main] com.vva.buildings.Orenda                 : ID об'єкту порожній у рядку 23, idOrenda: 70634
2025-07-06T13:48:27.599+03:00  INFO 25716 --- [buildings] [main] com.vva.buildings.Orenda                 : ID об'єкту порожній у рядку 24, idOrenda: 70635
2025-07-06T13:48:27.599+03:00  INFO 25716 --- [buildings] [main] com.vva.buildings.Orenda                 : ID об'єкту порожній у рядку 25, idOrenda: 70636
2025-07-06T13:48:27.599+03:00  INFO 25716 --- [buildings] [main] com.vva.buildings.Orenda                 : ID об'єкту порожній у рядку 26, idOrenda: 70637
2025-07-06T13:48:27.599+03:00  INFO 25716 --- [buildings] [main] com.vva.buildings.Orenda                 : ID об'єкту порожній у рядку 27, idOrenda: 70638
2025-07-06T13:48:27.599+03:00  INFO 25716 --- [buildings] [main] com.vva.buildings.Orenda                 : ID об'єкту порожній у рядку 28, idOrenda: 70639
2025-07-06T13:48:27.599+03:00  INFO 25716 --- [buildings] [main] com.vva.buildings.Orenda                 : ID об'єкту порожній у рядку 29, idOrenda: 70640
2025-07-06T13:48:27.599+03:00  INFO 25716 --- [buildings] [main] com.vva.buildings.Orenda                 : ID об'єкту порожній у рядку 30, idOrenda: 70641
2025-07-06T13:48:27.599+03:00  INFO 25716 --- [buildings] [main] com.vva.buildings.Orenda                 : ID об'єкту порожній у рядку 31, idOrenda: 70642
2025-07-06T13:48:27.600+03:00  INFO 25716 --- [buildings] [main] com.vva.buildings.Orenda                 : ID об'єкту порожній у рядку 32, idOrenda: 70643
2025-07-06T13:48:27.600+03:00  INFO 25716 --- [buildings] [main] com.vva.buildings.Orenda                 : ID об'єкту порожній у рядку 33, idOrenda: 70644
2025-07-06T13:48:27.600+03:00  INFO 25716 --- [buildings] [main] com.vva.buildings.Orenda                 : ID об'єкту порожній у рядку 34, idOrenda: 70645
2025-07-06T13:48:27.600+03:00  INFO 25716 --- [buildings] [main] com.vva.buildings.Orenda                 : ID об'єкту порожній у рядку 35, idOrenda: 70646
2025-07-06T13:48:27.600+03:00  INFO 25716 --- [buildings] [main] com.vva.buildings.Orenda                 : ID об'єкту порожній у рядку 36, idOrenda: 70647
2025-07-06T13:48:27.600+03:00  INFO 25716 --- [buildings] [main] com.vva.buildings.Orenda                 : ID об'єкту порожній у рядку 37, idOrenda: 70648
2025-07-06T13:48:27.600+03:00  INFO 25716 --- [buildings] [main] com.vva.buildings.Orenda                 : ID об'єкту порожній у рядку 38, idOrenda: 70649
2025-07-06T13:48:27.600+03:00  INFO 25716 --- [buildings] [main] com.vva.buildings.Orenda                 : ID об'єкту порожній у рядку 39, idOrenda: 70650
2025-07-06T13:48:27.600+03:00  INFO 25716 --- [buildings] [main] com.vva.buildings.Orenda                 : ID об'єкту порожній у рядку 40, idOrenda: 70651
2025-07-06T13:48:27.601+03:00  INFO 25716 --- [buildings] [main] com.vva.buildings.Orenda                 : ID об'єкту порожній у рядку 41, idOrenda: 70652
2025-07-06T13:48:27.601+03:00  INFO 25716 --- [buildings] [main] com.vva.buildings.Orenda                 : ID об'єкту порожній у рядку 42, idOrenda: 70653
2025-07-06T13:48:27.601+03:00  INFO 25716 --- [buildings] [main] com.vva.buildings.Orenda                 : ID об'єкту порожній у рядку 43, idOrenda: 70654
2025-07-06T13:48:27.601+03:00  INFO 25716 --- [buildings] [main] com.vva.buildings.Orenda                 : ID об'єкту порожній у рядку 44, idOrenda: 70655
2025-07-06T13:48:27.601+03:00  INFO 25716 --- [buildings] [main] com.vva.buildings.Orenda                 : ID об'єкту порожній у рядку 45, idOrenda: 70656
2025-07-06T13:48:27.601+03:00  INFO 25716 --- [buildings] [main] com.vva.buildings.Orenda                 : ID об'єкту порожній у рядку 46, idOrenda: 70657
2025-07-06T13:48:27.601+03:00  INFO 25716 --- [buildings] [main] com.vva.buildings.Orenda                 : ID об'єкту порожній у рядку 47, idOrenda: 70658
2025-07-06T13:48:27.601+03:00  INFO 25716 --- [buildings] [main] com.vva.buildings.Orenda                 : ID об'єкту порожній у рядку 48, idOrenda: 70659
2025-07-06T13:48:27.601+03:00  INFO 25716 --- [buildings] [main] com.vva.buildings.Orenda                 : ID об'єкту порожній у рядку 49, idOrenda: 70661
2025-07-06T13:48:27.602+03:00  INFO 25716 --- [buildings] [main] com.vva.buildings.Orenda                 : ID об'єкту порожній у рядку 50, idOrenda: 70662
2025-07-06T13:48:27.602+03:00  INFO 25716 --- [buildings] [main] com.vva.buildings.Orenda                 : ID об'єкту порожній у рядку 51, idOrenda: 70663
2025-07-06T13:48:27.602+03:00  INFO 25716 --- [buildings] [main] com.vva.buildings.Orenda                 : ID об'єкту порожній у рядку 52, idOrenda: 70664
2025-07-06T13:48:27.602+03:00  INFO 25716 --- [buildings] [main] com.vva.buildings.Orenda                 : ID об'єкту порожній у рядку 53, idOrenda: 70665
2025-07-06T13:48:27.602+03:00  INFO 25716 --- [buildings] [main] com.vva.buildings.Orenda                 : ID об'єкту порожній у рядку 54, idOrenda: 70666
2025-07-06T13:48:27.602+03:00  INFO 25716 --- [buildings] [main] com.vva.buildings.Orenda                 : ID об'єкту порожній у рядку 55, idOrenda: 70667
2025-07-06T13:48:27.602+03:00  INFO 25716 --- [buildings] [main] com.vva.buildings.Orenda                 : ID об'єкту порожній у рядку 56, idOrenda: 70668
2025-07-06T13:48:27.602+03:00  INFO 25716 --- [buildings] [main] com.vva.buildings.Orenda                 : ID об'єкту порожній у рядку 57, idOrenda: 70669
2025-07-06T13:48:27.603+03:00  INFO 25716 --- [buildings] [main] com.vva.buildings.Orenda                 : ID об'єкту порожній у рядку 58, idOrenda: 70670
2025-07-06T13:48:27.603+03:00  INFO 25716 --- [buildings] [main] com.vva.buildings.Orenda                 : ID об'єкту порожній у рядку 59, idOrenda: 70671
2025-07-06T13:48:27.603+03:00  INFO 25716 --- [buildings] [main] com.vva.buildings.Orenda                 : ID об'єкту порожній у рядку 60, idOrenda: 70673
2025-07-06T13:48:27.603+03:00  INFO 25716 --- [buildings] [main] com.vva.buildings.Orenda                 : ID об'єкту порожній у рядку 61, idOrenda: 70674
2025-07-06T13:48:27.603+03:00  INFO 25716 --- [buildings] [main] com.vva.buildings.Orenda                 : ID об'єкту порожній у рядку 62, idOrenda: 70675
2025-07-06T13:48:27.603+03:00  INFO 25716 --- [buildings] [main] com.vva.buildings.Orenda                 : ID об'єкту порожній у рядку 63, idOrenda: 70676
2025-07-06T13:48:27.603+03:00  INFO 25716 --- [buildings] [main] com.vva.buildings.Orenda                 : ID об'єкту порожній у рядку 64, idOrenda: 70677
2025-07-06T13:48:27.603+03:00  INFO 25716 --- [buildings] [main] com.vva.buildings.Orenda                 : ID об'єкту порожній у рядку 65, idOrenda: 70678
2025-07-06T13:48:27.603+03:00  INFO 25716 --- [buildings] [main] com.vva.buildings.Orenda                 : ID об'єкту порожній у рядку 66, idOrenda: 70679
2025-07-06T13:48:27.603+03:00  INFO 25716 --- [buildings] [main] com.vva.buildings.Orenda                 : ID об'єкту порожній у рядку 67, idOrenda: 70680
2025-07-06T13:48:27.603+03:00  INFO 25716 --- [buildings] [main] com.vva.buildings.Orenda                 : ID об'єкту порожній у рядку 68, idOrenda: 70681
2025-07-06T13:48:27.604+03:00  INFO 25716 --- [buildings] [main] com.vva.buildings.Orenda                 : ID об'єкту порожній у рядку 69, idOrenda: 70682
2025-07-06T13:48:27.604+03:00  INFO 25716 --- [buildings] [main] com.vva.buildings.Orenda                 : ID об'єкту порожній у рядку 70, idOrenda: 70683
2025-07-06T13:48:27.604+03:00  INFO 25716 --- [buildings] [main] com.vva.buildings.Orenda                 : ID об'єкту порожній у рядку 71, idOrenda: 70684
2025-07-06T13:48:27.604+03:00  INFO 25716 --- [buildings] [main] com.vva.buildings.Orenda                 : ID об'єкту порожній у рядку 72, idOrenda: 70685
2025-07-06T13:48:27.604+03:00  INFO 25716 --- [buildings] [main] com.vva.buildings.Orenda                 : ID об'єкту порожній у рядку 73, idOrenda: 70686
2025-07-06T13:48:27.604+03:00  INFO 25716 --- [buildings] [main] com.vva.buildings.Orenda                 : ID об'єкту порожній у рядку 74, idOrenda: 71372
2025-07-06T13:48:27.608+03:00  INFO 25716 --- [buildings] [main] com.vva.buildings.Orenda                 : ID об'єкту порожній у рядку 106, idOrenda: 63119
2025-07-06T13:48:27.608+03:00  INFO 25716 --- [buildings] [main] com.vva.buildings.Orenda                 : ID об'єкту порожній у рядку 107, idOrenda: 63120
2025-07-06T13:48:27.608+03:00  INFO 25716 --- [buildings] [main] com.vva.buildings.Orenda                 : ID об'єкту порожній у рядку 108, idOrenda: 62891
2025-07-06T13:48:27.608+03:00  INFO 25716 --- [buildings] [main] com.vva.buildings.Orenda                 : ID об'єкту порожній у рядку 109, idOrenda: 55301
2025-07-06T13:48:27.610+03:00  INFO 25716 --- [buildings] [main] com.vva.buildings.Orenda                 : ID об'єкту порожній у рядку 128, idOrenda: 66656
2025-07-06T13:48:27.610+03:00  INFO 25716 --- [buildings] [main] com.vva.buildings.Orenda                 : ID об'єкту порожній у рядку 129, idOrenda: 67975
2025-07-06T13:48:27.617+03:00  INFO 25716 --- [buildings] [main] com.vva.buildings.Orenda                 : Building with ID 0 not found in tabBuildings, idOrenda: 85272
2025-07-06T13:48:27.617+03:00  INFO 25716 --- [buildings] [main] com.vva.buildings.Orenda                 : Building with ID 0 not found in tabBuildings, idOrenda: 85299
2025-07-06T13:48:27.618+03:00  INFO 25716 --- [buildings] [main] com.vva.buildings.Orenda                 : ID об'єкту порожній у рядку 181, idOrenda: 31138
2025-07-06T13:48:27.621+03:00  INFO 25716 --- [buildings] [main] com.vva.buildings.Orenda                 : Building with ID 0 not found in tabBuildings, idOrenda: 69918
2025-07-06T13:48:27.622+03:00  INFO 25716 --- [buildings] [main] com.vva.buildings.Orenda                 : Building with ID 11893 not found in tabBuildings, idOrenda: 78131
2025-07-06T13:48:27.623+03:00  INFO 25716 --- [buildings] [main] com.vva.buildings.Orenda                 : Building with ID 12784 not found in tabBuildings, idOrenda: 79148
2025-07-06T13:48:27.623+03:00  INFO 25716 --- [buildings] [main] com.vva.buildings.Orenda                 : Building with ID 54756 not found in tabBuildings, idOrenda: 82563
2025-07-06T13:48:27.624+03:00  INFO 25716 --- [buildings] [main] com.vva.buildings.Orenda                 : Building with ID 11893 not found in tabBuildings, idOrenda: 84849
2025-07-06T13:48:27.624+03:00  INFO 25716 --- [buildings] [main] com.vva.buildings.Orenda                 : Building with ID 11893 not found in tabBuildings, idOrenda: 63939
2025-07-06T13:48:27.624+03:00  INFO 25716 --- [buildings] [main] com.vva.buildings.Orenda                 : Building with ID 11893 not found in tabBuildings, idOrenda: 80815
2025-07-06T13:48:27.624+03:00  INFO 25716 --- [buildings] [main] com.vva.buildings.Orenda                 : Building with ID 12792 not found in tabBuildings, idOrenda: 80208
2025-07-06T13:48:27.624+03:00  INFO 25716 --- [buildings] [main] com.vva.buildings.Orenda                 : Building with ID 12785 not found in tabBuildings, idOrenda: 80214
2025-07-06T13:48:27.625+03:00  INFO 25716 --- [buildings] [main] com.vva.buildings.Orenda                 : Building with ID 43115 not found in tabBuildings, idOrenda: 78483
2025-07-06T13:48:27.625+03:00  INFO 25716 --- [buildings] [main] com.vva.buildings.Orenda                 : Building with ID 43115 not found in tabBuildings, idOrenda: 78484
2025-07-06T13:48:27.626+03:00  INFO 25716 --- [buildings] [main] com.vva.buildings.Orenda                 : Building with ID 4105 not found in tabBuildings, idOrenda: 62835
2025-07-06T13:48:27.628+03:00  INFO 25716 --- [buildings] [main] com.vva.buildings.Orenda                 : ID об'єкту порожній у рядку 276, idOrenda: 52643
2025-07-06T13:48:27.628+03:00  INFO 25716 --- [buildings] [main] com.vva.buildings.Orenda                 : ID об'єкту порожній у рядку 277, idOrenda: 52645
2025-07-06T13:48:27.628+03:00  INFO 25716 --- [buildings] [main] com.vva.buildings.Orenda                 : Building with ID 1945 not found in tabBuildings, idOrenda: 79057
2025-07-06T13:48:27.628+03:00  INFO 25716 --- [buildings] [main] com.vva.buildings.Orenda                 : Building with ID 1945 not found in tabBuildings, idOrenda: 66548
2025-07-06T13:48:27.628+03:00  INFO 25716 --- [buildings] [main] com.vva.buildings.Orenda                 : Building with ID 0 not found in tabBuildings, idOrenda: 80883
2025-07-06T13:48:27.628+03:00  INFO 25716 --- [buildings] [main] com.vva.buildings.Orenda                 : Building with ID 1945 not found in tabBuildings, idOrenda: 78495
2025-07-06T13:48:27.631+03:00  INFO 25716 --- [buildings] [main] com.vva.buildings.Orenda                 : ID об'єкту порожній у рядку 307, idOrenda: 39008
2025-07-06T13:48:27.631+03:00  INFO 25716 --- [buildings] [main] com.vva.buildings.Orenda                 : ID об'єкту порожній у рядку 308, idOrenda: 63170
2025-07-06T13:48:27.631+03:00  INFO 25716 --- [buildings] [main] com.vva.buildings.Orenda                 : ID об'єкту порожній у рядку 309, idOrenda: 63171
2025-07-06T13:48:27.631+03:00  INFO 25716 --- [buildings] [main] com.vva.buildings.Orenda                 : Building with ID 16977 not found in tabBuildings, idOrenda: 79059
2025-07-06T13:48:27.631+03:00  INFO 25716 --- [buildings] [main] com.vva.buildings.Orenda                 : Building with ID 16977 not found in tabBuildings, idOrenda: 77067
2025-07-06T13:48:27.631+03:00  INFO 25716 --- [buildings] [main] com.vva.buildings.Orenda                 : Building with ID 16977 not found in tabBuildings, idOrenda: 79422
2025-07-06T13:48:27.631+03:00  INFO 25716 --- [buildings] [main] com.vva.buildings.Orenda                 : Building with ID 8028 not found in tabBuildings, idOrenda: 77739
2025-07-06T13:48:27.631+03:00  INFO 25716 --- [buildings] [main] com.vva.buildings.Orenda                 : Building with ID 6568 not found in tabBuildings, idOrenda: 84842
2025-07-06T13:48:27.631+03:00  INFO 25716 --- [buildings] [main] com.vva.buildings.Orenda                 : Building with ID 6570 not found in tabBuildings, idOrenda: 84840
2025-07-06T13:48:27.631+03:00  INFO 25716 --- [buildings] [main] com.vva.buildings.Orenda                 : Building with ID 6567 not found in tabBuildings, idOrenda: 85062
2025-07-06T13:48:27.632+03:00  INFO 25716 --- [buildings] [main] com.vva.buildings.Orenda                 : Building with ID 6667 not found in tabBuildings, idOrenda: 84684
2025-07-06T13:48:27.633+03:00  INFO 25716 --- [buildings] [main] com.vva.buildings.Orenda                 : Building with ID 0 not found in tabBuildings, idOrenda: 80903
2025-07-06T13:48:27.633+03:00  INFO 25716 --- [buildings] [main] com.vva.buildings.Orenda                 : Building with ID 0 not found in tabBuildings, idOrenda: 80904
2025-07-06T13:48:27.634+03:00  INFO 25716 --- [buildings] [main] com.vva.buildings.Orenda                 : ID об'єкту порожній у рядку 336, idOrenda: 76721
2025-07-06T13:48:27.634+03:00  INFO 25716 --- [buildings] [main] com.vva.buildings.Orenda                 : Building with ID 28785 not found in tabBuildings, idOrenda: 56203
2025-07-06T13:48:27.634+03:00  INFO 25716 --- [buildings] [main] com.vva.buildings.Orenda                 : Building with ID 28785 not found in tabBuildings, idOrenda: 75892
2025-07-06T13:48:27.634+03:00  INFO 25716 --- [buildings] [main] com.vva.buildings.Orenda                 : Building with ID 28785 not found in tabBuildings, idOrenda: 75893
2025-07-06T13:48:27.634+03:00  INFO 25716 --- [buildings] [main] com.vva.buildings.Orenda                 : Building with ID 8178 not found in tabBuildings, idOrenda: 81999
2025-07-06T13:48:27.634+03:00  INFO 25716 --- [buildings] [main] com.vva.buildings.Orenda                 : Building with ID 8178 not found in tabBuildings, idOrenda: 77515
2025-07-06T13:48:27.635+03:00  INFO 25716 --- [buildings] [main] com.vva.buildings.Orenda                 : Building with ID 8178 not found in tabBuildings, idOrenda: 70688
2025-07-06T13:48:27.635+03:00  INFO 25716 --- [buildings] [main] com.vva.buildings.Orenda                 : Building with ID 8178 not found in tabBuildings, idOrenda: 83432
2025-07-06T13:48:27.635+03:00  INFO 25716 --- [buildings] [main] com.vva.buildings.Orenda                 : Building with ID 8178 not found in tabBuildings, idOrenda: 71913
2025-07-06T13:48:27.635+03:00  INFO 25716 --- [buildings] [main] com.vva.buildings.Orenda                 : Building with ID 28873 not found in tabBuildings, idOrenda: 70543
2025-07-06T13:48:27.636+03:00  INFO 25716 --- [buildings] [main] com.vva.buildings.Orenda                 : Building with ID 28873 not found in tabBuildings, idOrenda: 70932
2025-07-06T13:48:27.636+03:00  INFO 25716 --- [buildings] [main] com.vva.buildings.Orenda                 : Building with ID 28873 not found in tabBuildings, idOrenda: 70933
2025-07-06T13:48:27.636+03:00  INFO 25716 --- [buildings] [main] com.vva.buildings.Orenda                 : Building with ID 8178 not found in tabBuildings, idOrenda: 70959
2025-07-06T13:48:27.636+03:00  INFO 25716 --- [buildings] [main] com.vva.buildings.Orenda                 : Building with ID 28873 not found in tabBuildings, idOrenda: 64274
2025-07-06T13:48:27.636+03:00  INFO 25716 --- [buildings] [main] com.vva.buildings.Orenda                 : Building with ID 8178 not found in tabBuildings, idOrenda: 64029
2025-07-06T13:48:27.636+03:00  INFO 25716 --- [buildings] [main] com.vva.buildings.Orenda                 : Building with ID 8178 not found in tabBuildings, idOrenda: 66543
2025-07-06T13:48:27.636+03:00  INFO 25716 --- [buildings] [main] com.vva.buildings.Orenda                 : Building with ID 28873 not found in tabBuildings, idOrenda: 73199
2025-07-06T13:48:27.640+03:00  INFO 25716 --- [buildings] [main] com.vva.buildings.Orenda                 : Building with ID 12721 not found in tabBuildings, idOrenda: 84658
2025-07-06T13:48:27.641+03:00  INFO 25716 --- [buildings] [main] com.vva.buildings.Orenda                 : ID об'єкту порожній у рядку 406, idOrenda: 63924
2025-07-06T13:48:27.641+03:00  INFO 25716 --- [buildings] [main] com.vva.buildings.Orenda                 : ID об'єкту порожній у рядку 407, idOrenda: 63882
2025-07-06T13:48:27.641+03:00  INFO 25716 --- [buildings] [main] com.vva.buildings.Orenda                 : ID об'єкту порожній у рядку 408, idOrenda: 55130
2025-07-06T13:48:27.641+03:00  INFO 25716 --- [buildings] [main] com.vva.buildings.Orenda                 : ID об'єкту порожній у рядку 409, idOrenda: 58936
2025-07-06T13:48:27.641+03:00  INFO 25716 --- [buildings] [main] com.vva.buildings.Orenda                 : ID об'єкту порожній у рядку 410, idOrenda: 38552
2025-07-06T13:48:27.641+03:00  INFO 25716 --- [buildings] [main] com.vva.buildings.Orenda                 : ID об'єкту порожній у рядку 411, idOrenda: 63083
2025-07-06T13:48:27.641+03:00  INFO 25716 --- [buildings] [main] com.vva.buildings.Orenda                 : ID об'єкту порожній у рядку 412, idOrenda: 63084
2025-07-06T13:48:27.641+03:00  INFO 25716 --- [buildings] [main] com.vva.buildings.Orenda                 : ID об'єкту порожній у рядку 413, idOrenda: 63085
2025-07-06T13:48:27.641+03:00  INFO 25716 --- [buildings] [main] com.vva.buildings.Orenda                 : ID об'єкту порожній у рядку 414, idOrenda: 63086
2025-07-06T13:48:27.641+03:00  INFO 25716 --- [buildings] [main] com.vva.buildings.Orenda                 : ID об'єкту порожній у рядку 416, idOrenda: 74741
2025-07-06T13:48:27.642+03:00  INFO 25716 --- [buildings] [main] com.vva.buildings.Orenda                 : Building with ID 12397 not found in tabBuildings, idOrenda: 82052
2025-07-06T13:48:27.643+03:00  INFO 25716 --- [buildings] [main] com.vva.buildings.Orenda                 : Building with ID 48179 not found in tabBuildings, idOrenda: 80916
2025-07-06T13:48:27.643+03:00  INFO 25716 --- [buildings] [main] com.vva.buildings.Orenda                 : Building with ID 48179 not found in tabBuildings, idOrenda: 63367
2025-07-06T13:48:27.643+03:00  INFO 25716 --- [buildings] [main] com.vva.buildings.Orenda                 : Building with ID 48179 not found in tabBuildings, idOrenda: 75076
2025-07-06T13:48:27.643+03:00  INFO 25716 --- [buildings] [main] com.vva.buildings.Orenda                 : Building with ID 48179 not found in tabBuildings, idOrenda: 78676
2025-07-06T13:48:27.643+03:00  INFO 25716 --- [buildings] [main] com.vva.buildings.Orenda                 : Building with ID 48179 not found in tabBuildings, idOrenda: 67702
2025-07-06T13:48:27.643+03:00  INFO 25716 --- [buildings] [main] com.vva.buildings.Orenda                 : Building with ID 48179 not found in tabBuildings, idOrenda: 67825
2025-07-06T13:48:27.643+03:00  INFO 25716 --- [buildings] [main] com.vva.buildings.Orenda                 : Building with ID 48179 not found in tabBuildings, idOrenda: 79087
2025-07-06T13:48:27.643+03:00  INFO 25716 --- [buildings] [main] com.vva.buildings.Orenda                 : Building with ID 1943 not found in tabBuildings, idOrenda: 82868
2025-07-06T13:48:27.643+03:00  INFO 25716 --- [buildings] [main] com.vva.buildings.Orenda                 : Building with ID 1943 not found in tabBuildings, idOrenda: 82027
2025-07-06T13:48:27.643+03:00  INFO 25716 --- [buildings] [main] com.vva.buildings.Orenda                 : Building with ID 1943 not found in tabBuildings, idOrenda: 82028
2025-07-06T13:48:27.643+03:00  INFO 25716 --- [buildings] [main] com.vva.buildings.Orenda                 : Building with ID 1943 not found in tabBuildings, idOrenda: 76135
2025-07-06T13:48:27.643+03:00  INFO 25716 --- [buildings] [main] com.vva.buildings.Orenda                 : Building with ID 1943 not found in tabBuildings, idOrenda: 77388
2025-07-06T13:48:27.643+03:00  INFO 25716 --- [buildings] [main] com.vva.buildings.Orenda                 : Building with ID 0 not found in tabBuildings, idOrenda: 85218
2025-07-06T13:48:27.643+03:00  INFO 25716 --- [buildings] [main] com.vva.buildings.Orenda                 : Building with ID 1943 not found in tabBuildings, idOrenda: 78328
2025-07-06T13:48:27.643+03:00  INFO 25716 --- [buildings] [main] com.vva.buildings.Orenda                 : Building with ID 1943 not found in tabBuildings, idOrenda: 77772
2025-07-06T13:48:27.643+03:00  INFO 25716 --- [buildings] [main] com.vva.buildings.Orenda                 : Building with ID 1943 not found in tabBuildings, idOrenda: 79399
2025-07-06T13:48:27.644+03:00  INFO 25716 --- [buildings] [main] com.vva.buildings.Orenda                 : Building with ID 0 not found in tabBuildings, idOrenda: 80482
2025-07-06T13:48:27.644+03:00  INFO 25716 --- [buildings] [main] com.vva.buildings.Orenda                 : Building with ID 0 not found in tabBuildings, idOrenda: 85065
2025-07-06T13:48:27.644+03:00  INFO 25716 --- [buildings] [main] com.vva.buildings.Orenda                 : Building with ID 11984 not found in tabBuildings, idOrenda: 9551
2025-07-06T13:48:27.644+03:00  INFO 25716 --- [buildings] [main] com.vva.buildings.Orenda                 : ID об'єкту порожній у рядку 452, idOrenda: 18354
2025-07-06T13:48:27.644+03:00  INFO 25716 --- [buildings] [main] com.vva.buildings.Orenda                 : ID об'єкту порожній у рядку 453, idOrenda: 68455
2025-07-06T13:48:27.645+03:00  INFO 25716 --- [buildings] [main] com.vva.buildings.Orenda                 : Building with ID 0 not found in tabBuildings, idOrenda: 81953
2025-07-06T13:48:27.645+03:00  INFO 25716 --- [buildings] [main] com.vva.buildings.Orenda                 : ID об'єкту порожній у рядку 459, idOrenda: 33387
2025-07-06T13:48:27.645+03:00  INFO 25716 --- [buildings] [main] com.vva.buildings.Orenda                 : Building with ID 0 not found in tabBuildings, idOrenda: 70587
2025-07-06T13:48:27.653+03:00  INFO 25716 --- [buildings] [main] com.vva.buildings.Orenda                 : Building with ID 0 not found in tabBuildings, idOrenda: 80756
2025-07-06T13:48:27.657+03:00  INFO 25716 --- [buildings] [main] com.vva.buildings.Orenda                 : Building with ID 70656 not found in tabBuildings, idOrenda: 85044
2025-07-06T13:48:27.658+03:00  INFO 25716 --- [buildings] [main] com.vva.buildings.Orenda                 : Building with ID 0 not found in tabBuildings, idOrenda: 81320
2025-07-06T13:48:27.659+03:00  INFO 25716 --- [buildings] [main] com.vva.buildings.Orenda                 : ID об'єкту порожній у рядку 604, idOrenda: 65948
2025-07-06T13:48:27.660+03:00  INFO 25716 --- [buildings] [main] com.vva.buildings.Orenda                 : ID об'єкту порожній у рядку 615, idOrenda: 62726
2025-07-06T13:48:27.660+03:00  INFO 25716 --- [buildings] [main] com.vva.buildings.Orenda                 : ID об'єкту порожній у рядку 616, idOrenda: 62727
2025-07-06T13:48:27.662+03:00  INFO 25716 --- [buildings] [main] com.vva.buildings.Orenda                 : ID об'єкту порожній у рядку 633, idOrenda: 62390
2025-07-06T13:48:27.662+03:00  INFO 25716 --- [buildings] [main] com.vva.buildings.Orenda                 : ID об'єкту порожній у рядку 634, idOrenda: 62393
2025-07-06T13:48:27.662+03:00  INFO 25716 --- [buildings] [main] com.vva.buildings.Orenda                 : ID об'єкту порожній у рядку 635, idOrenda: 62419
2025-07-06T13:48:27.662+03:00  INFO 25716 --- [buildings] [main] com.vva.buildings.Orenda                 : ID об'єкту порожній у рядку 636, idOrenda: 62424
2025-07-06T13:48:27.663+03:00  INFO 25716 --- [buildings] [main] com.vva.buildings.Orenda                 : ID об'єкту порожній у рядку 643, idOrenda: 45525
2025-07-06T13:48:27.663+03:00  INFO 25716 --- [buildings] [main] com.vva.buildings.Orenda                 : ID об'єкту порожній у рядку 644, idOrenda: 45612
2025-07-06T13:48:27.663+03:00  INFO 25716 --- [buildings] [main] com.vva.buildings.Orenda                 : ID об'єкту порожній у рядку 645, idOrenda: 57341
2025-07-06T13:48:27.663+03:00  INFO 25716 --- [buildings] [main] com.vva.buildings.Orenda                 : ID об'єкту порожній у рядку 646, idOrenda: 57343
2025-07-06T13:48:27.663+03:00  INFO 25716 --- [buildings] [main] com.vva.buildings.Orenda                 : ID об'єкту порожній у рядку 647, idOrenda: 57355
2025-07-06T13:48:27.663+03:00  INFO 25716 --- [buildings] [main] com.vva.buildings.Orenda                 : ID об'єкту порожній у рядку 648, idOrenda: 57379
2025-07-06T13:48:27.673+03:00  INFO 25716 --- [buildings] [main] com.vva.buildings.Orenda                 : ID об'єкту порожній у рядку 748, idOrenda: 63852
2025-07-06T13:48:27.673+03:00  INFO 25716 --- [buildings] [main] com.vva.buildings.Orenda                 : ID об'єкту порожній у рядку 749, idOrenda: 52240
2025-07-06T13:48:27.673+03:00  INFO 25716 --- [buildings] [main] com.vva.buildings.Orenda                 : ID об'єкту порожній у рядку 750, idOrenda: 72383
2025-07-06T13:48:27.674+03:00  INFO 25716 --- [buildings] [main] com.vva.buildings.Orenda                 : ID об'єкту порожній у рядку 759, idOrenda: 61224
2025-07-06T13:48:27.675+03:00  INFO 25716 --- [buildings] [main] com.vva.buildings.Orenda                 : ID об'єкту порожній у рядку 768, idOrenda: 62840
2025-07-06T13:48:27.675+03:00  INFO 25716 --- [buildings] [main] com.vva.buildings.Orenda                 : ID об'єкту порожній у рядку 769, idOrenda: 62852
2025-07-06T13:48:27.675+03:00  INFO 25716 --- [buildings] [main] com.vva.buildings.Orenda                 : ID об'єкту порожній у рядку 770, idOrenda: 62853
2025-07-06T13:48:27.676+03:00  INFO 25716 --- [buildings] [main] com.vva.buildings.Orenda                 : ID об'єкту порожній у рядку 772, idOrenda: 53418
2025-07-06T13:48:27.676+03:00  INFO 25716 --- [buildings] [main] com.vva.buildings.Orenda                 : ID об'єкту порожній у рядку 773, idOrenda: 53528
2025-07-06T13:48:27.676+03:00  INFO 25716 --- [buildings] [main] com.vva.buildings.Orenda                 : ID об'єкту порожній у рядку 774, idOrenda: 53529
2025-07-06T13:48:27.676+03:00  INFO 25716 --- [buildings] [main] com.vva.buildings.Orenda                 : ID об'єкту порожній у рядку 775, idOrenda: 51305
2025-07-06T13:48:27.676+03:00  INFO 25716 --- [buildings] [main] com.vva.buildings.Orenda                 : ID об'єкту порожній у рядку 776, idOrenda: 51309
2025-07-06T13:48:27.676+03:00  INFO 25716 --- [buildings] [main] com.vva.buildings.Orenda                 : ID об'єкту порожній у рядку 777, idOrenda: 51320
2025-07-06T13:48:27.676+03:00  INFO 25716 --- [buildings] [main] com.vva.buildings.Orenda                 : ID об'єкту порожній у рядку 778, idOrenda: 51833
2025-07-06T13:48:27.676+03:00  INFO 25716 --- [buildings] [main] com.vva.buildings.Orenda                 : ID об'єкту порожній у рядку 779, idOrenda: 51834
2025-07-06T13:48:27.676+03:00  INFO 25716 --- [buildings] [main] com.vva.buildings.Orenda                 : ID об'єкту порожній у рядку 780, idOrenda: 51845
2025-07-06T13:48:27.676+03:00  INFO 25716 --- [buildings] [main] com.vva.buildings.Orenda                 : ID об'єкту порожній у рядку 781, idOrenda: 51846
2025-07-06T13:48:27.676+03:00  INFO 25716 --- [buildings] [main] com.vva.buildings.Orenda                 : ID об'єкту порожній у рядку 782, idOrenda: 48801
2025-07-06T13:48:27.676+03:00  INFO 25716 --- [buildings] [main] com.vva.buildings.Orenda                 : ID об'єкту порожній у рядку 783, idOrenda: 48803
2025-07-06T13:48:27.676+03:00  INFO 25716 --- [buildings] [main] com.vva.buildings.Orenda                 : ID об'єкту порожній у рядку 784, idOrenda: 48808
2025-07-06T13:48:27.676+03:00  INFO 25716 --- [buildings] [main] com.vva.buildings.Orenda                 : ID об'єкту порожній у рядку 785, idOrenda: 48810
2025-07-06T13:48:27.677+03:00  INFO 25716 --- [buildings] [main] com.vva.buildings.Orenda                 : ID об'єкту порожній у рядку 787, idOrenda: 51578
2025-07-06T13:48:27.677+03:00  INFO 25716 --- [buildings] [main] com.vva.buildings.Orenda                 : ID об'єкту порожній у рядку 788, idOrenda: 54382
2025-07-06T13:48:27.677+03:00  INFO 25716 --- [buildings] [main] com.vva.buildings.Orenda                 : ID об'єкту порожній у рядку 791, idOrenda: 59323
2025-07-06T13:48:27.679+03:00  INFO 25716 --- [buildings] [main] com.vva.buildings.Orenda                 : ID об'єкту порожній у рядку 814, idOrenda: 62105
2025-07-06T13:48:27.680+03:00  INFO 25716 --- [buildings] [main] com.vva.buildings.Orenda                 : ID об'єкту порожній у рядку 815, idOrenda: 61640
2025-07-06T13:48:27.680+03:00  INFO 25716 --- [buildings] [main] com.vva.buildings.Orenda                 : ID об'єкту порожній у рядку 816, idOrenda: 61641
2025-07-06T13:48:27.680+03:00  INFO 25716 --- [buildings] [main] com.vva.buildings.Orenda                 : ID об'єкту порожній у рядку 817, idOrenda: 61652
2025-07-06T13:48:27.680+03:00  INFO 25716 --- [buildings] [main] com.vva.buildings.Orenda                 : ID об'єкту порожній у рядку 818, idOrenda: 61653
2025-07-06T13:48:27.680+03:00  INFO 25716 --- [buildings] [main] com.vva.buildings.Orenda                 : ID об'єкту порожній у рядку 819, idOrenda: 62020
2025-07-06T13:48:27.680+03:00  INFO 25716 --- [buildings] [main] com.vva.buildings.Orenda                 : ID об'єкту порожній у рядку 820, idOrenda: 62088
2025-07-06T13:48:27.680+03:00  INFO 25716 --- [buildings] [main] com.vva.buildings.Orenda                 : ID об'єкту порожній у рядку 821, idOrenda: 60399
2025-07-06T13:48:27.680+03:00  INFO 25716 --- [buildings] [main] com.vva.buildings.Orenda                 : ID об'єкту порожній у рядку 822, idOrenda: 60489
2025-07-06T13:48:27.680+03:00  INFO 25716 --- [buildings] [main] com.vva.buildings.Orenda                 : ID об'єкту порожній у рядку 823, idOrenda: 60491
2025-07-06T13:48:27.680+03:00  INFO 25716 --- [buildings] [main] com.vva.buildings.Orenda                 : ID об'єкту порожній у рядку 824, idOrenda: 60624
2025-07-06T13:48:27.680+03:00  INFO 25716 --- [buildings] [main] com.vva.buildings.Orenda                 : ID об'єкту порожній у рядку 825, idOrenda: 60647
2025-07-06T13:48:27.680+03:00  INFO 25716 --- [buildings] [main] com.vva.buildings.Orenda                 : ID об'єкту порожній у рядку 826, idOrenda: 60650
2025-07-06T13:48:27.680+03:00  INFO 25716 --- [buildings] [main] com.vva.buildings.Orenda                 : ID об'єкту порожній у рядку 827, idOrenda: 60656
2025-07-06T13:48:27.680+03:00  INFO 25716 --- [buildings] [main] com.vva.buildings.Orenda                 : ID об'єкту порожній у рядку 828, idOrenda: 60659
2025-07-06T13:48:27.680+03:00  INFO 25716 --- [buildings] [main] com.vva.buildings.Orenda                 : ID об'єкту порожній у рядку 829, idOrenda: 60662
2025-07-06T13:48:27.680+03:00  INFO 25716 --- [buildings] [main] com.vva.buildings.Orenda                 : ID об'єкту порожній у рядку 830, idOrenda: 60664
2025-07-06T13:48:27.681+03:00  INFO 25716 --- [buildings] [main] com.vva.buildings.Orenda                 : ID об'єкту порожній у рядку 838, idOrenda: 69207
2025-07-06T13:48:27.682+03:00  INFO 25716 --- [buildings] [main] com.vva.buildings.Orenda                 : Building with ID 0 not found in tabBuildings, idOrenda: 78333
2025-07-06T13:48:27.684+03:00  INFO 25716 --- [buildings] [main] com.vva.buildings.Orenda                 : Building with ID 0 not found in tabBuildings, idOrenda: 85210
2025-07-06T13:48:27.684+03:00  INFO 25716 --- [buildings] [main] com.vva.buildings.Orenda                 : Building with ID 0 not found in tabBuildings, idOrenda: 85169
2025-07-06T13:48:27.684+03:00  INFO 25716 --- [buildings] [main] com.vva.buildings.Orenda                 : Building with ID 0 not found in tabBuildings, idOrenda: 72225
2025-07-06T13:48:27.685+03:00  INFO 25716 --- [buildings] [main] com.vva.buildings.Orenda                 : Building with ID 48908 not found in tabBuildings, idOrenda: 80519
2025-07-06T13:48:27.687+03:00  INFO 25716 --- [buildings] [main] com.vva.buildings.Orenda                 : Building with ID 58492 not found in tabBuildings, idOrenda: 79780
2025-07-06T13:48:27.693+03:00  INFO 25716 --- [buildings] [main] com.vva.buildings.Orenda                 : ID об'єкту порожній у рядку 936, idOrenda: 65106
2025-07-06T13:48:27.753+03:00  INFO 25716 --- [buildings] [main] com.vva.buildings.Orenda                 : ID об'єкту порожній у рядку 943, idOrenda: 65889
2025-07-06T13:48:27.757+03:00  INFO 25716 --- [buildings] [main] com.vva.buildings.Orenda                 : Building with ID 45594 not found in tabBuildings, idOrenda: 80761
2025-07-06T13:48:27.758+03:00  INFO 25716 --- [buildings] [main] com.vva.buildings.Orenda                 : Building with ID 35655 not found in tabBuildings, idOrenda: 75254
2025-07-06T13:48:27.763+03:00  INFO 25716 --- [buildings] [main] com.vva.buildings.Orenda                 : ID об'єкту порожній у рядку 1016, idOrenda: 64961
2025-07-06T13:48:27.763+03:00  INFO 25716 --- [buildings] [main] com.vva.buildings.Orenda                 : ID об'єкту порожній у рядку 1019, idOrenda: 64966
2025-07-06T13:48:27.763+03:00  INFO 25716 --- [buildings] [main] com.vva.buildings.Orenda                 : ID об'єкту порожній у рядку 1020, idOrenda: 64969
2025-07-06T13:48:27.764+03:00  INFO 25716 --- [buildings] [main] com.vva.buildings.Orenda                 : ID об'єкту порожній у рядку 1024, idOrenda: 64998
2025-07-06T13:48:27.765+03:00  INFO 25716 --- [buildings] [main] com.vva.buildings.Orenda                 : ID об'єкту порожній у рядку 1033, idOrenda: 74327
2025-07-06T13:48:27.766+03:00  INFO 25716 --- [buildings] [main] com.vva.buildings.Orenda                 : Building with ID 46062 not found in tabBuildings, idOrenda: 51836
2025-07-06T13:48:27.766+03:00  INFO 25716 --- [buildings] [main] com.vva.buildings.Orenda                 : ID об'єкту порожній у рядку 1037, idOrenda: 70477
2025-07-06T13:48:27.771+03:00  INFO 25716 --- [buildings] [main] com.vva.buildings.Orenda                 : ID об'єкту порожній у рядку 1067, idOrenda: 66488
2025-07-06T13:48:27.772+03:00  INFO 25716 --- [buildings] [main] com.vva.buildings.Orenda                 : ID об'єкту порожній у рядку 1068, idOrenda: 66495
2025-07-06T13:48:27.772+03:00  INFO 25716 --- [buildings] [main] com.vva.buildings.Orenda                 : ID об'єкту порожній у рядку 1069, idOrenda: 66496
2025-07-06T13:48:27.772+03:00  INFO 25716 --- [buildings] [main] com.vva.buildings.Orenda                 : ID об'єкту порожній у рядку 1070, idOrenda: 66508
2025-07-06T13:48:27.772+03:00  INFO 25716 --- [buildings] [main] com.vva.buildings.Orenda                 : ID об'єкту порожній у рядку 1071, idOrenda: 66510
2025-07-06T13:48:27.783+03:00  INFO 25716 --- [buildings] [main] com.vva.buildings.Orenda                 : Building with ID 61960 not found in tabBuildings, idOrenda: 84841
2025-07-06T13:48:27.784+03:00  INFO 25716 --- [buildings] [main] com.vva.buildings.Orenda                 : ID об'єкту порожній у рядку 1150, idOrenda: 84999
2025-07-06T13:48:27.786+03:00  INFO 25716 --- [buildings] [main] com.vva.buildings.Orenda                 : ID об'єкту порожній у рядку 1166, idOrenda: 66211
2025-07-06T13:48:27.786+03:00  INFO 25716 --- [buildings] [main] com.vva.buildings.Orenda                 : ID об'єкту порожній у рядку 1167, idOrenda: 66212
2025-07-06T13:48:27.787+03:00  INFO 25716 --- [buildings] [main] com.vva.buildings.Orenda                 : ID об'єкту порожній у рядку 1168, idOrenda: 66214
2025-07-06T13:48:27.787+03:00  INFO 25716 --- [buildings] [main] com.vva.buildings.Orenda                 : ID об'єкту порожній у рядку 1169, idOrenda: 66215
2025-07-06T13:48:27.787+03:00  INFO 25716 --- [buildings] [main] com.vva.buildings.Orenda                 : ID об'єкту порожній у рядку 1170, idOrenda: 66222
2025-07-06T13:48:27.788+03:00  INFO 25716 --- [buildings] [main] com.vva.buildings.Orenda                 : ID об'єкту порожній у рядку 1171, idOrenda: 66224
2025-07-06T13:48:27.788+03:00  INFO 25716 --- [buildings] [main] com.vva.buildings.Orenda                 : ID об'єкту порожній у рядку 1172, idOrenda: 66230
2025-07-06T13:48:27.788+03:00  INFO 25716 --- [buildings] [main] com.vva.buildings.Orenda                 : ID об'єкту порожній у рядку 1173, idOrenda: 66271
2025-07-06T13:48:27.788+03:00  INFO 25716 --- [buildings] [main] com.vva.buildings.Orenda                 : ID об'єкту порожній у рядку 1174, idOrenda: 66326
2025-07-06T13:48:27.788+03:00  INFO 25716 --- [buildings] [main] com.vva.buildings.Orenda                 : ID об'єкту порожній у рядку 1175, idOrenda: 66398
2025-07-06T13:48:27.788+03:00  INFO 25716 --- [buildings] [main] com.vva.buildings.Orenda                 : ID об'єкту порожній у рядку 1176, idOrenda: 66399
2025-07-06T13:48:27.790+03:00  INFO 25716 --- [buildings] [main] com.vva.buildings.Orenda                 : Building with ID 58323 not found in tabBuildings, idOrenda: 79324
2025-07-06T13:48:27.797+03:00  INFO 25716 --- [buildings] [main] com.vva.buildings.Orenda                 : Building with ID 45964 not found in tabBuildings, idOrenda: 78259
2025-07-06T13:48:27.802+03:00  INFO 25716 --- [buildings] [main] com.vva.buildings.Orenda                 : ID об'єкту порожній у рядку 1258, idOrenda: 54437
2025-07-06T13:48:27.802+03:00  INFO 25716 --- [buildings] [main] com.vva.buildings.Orenda                 : ID об'єкту порожній у рядку 1259, idOrenda: 64851
2025-07-06T13:48:27.803+03:00  INFO 25716 --- [buildings] [main] com.vva.buildings.Orenda                 : ID об'єкту порожній у рядку 1262, idOrenda: 64891
2025-07-06T13:48:27.804+03:00  INFO 25716 --- [buildings] [main] com.vva.buildings.Orenda                 : ID об'єкту порожній у рядку 1269, idOrenda: 73800
2025-07-06T13:48:27.807+03:00  INFO 25716 --- [buildings] [main] com.vva.buildings.Orenda                 : Building with ID 46099 not found in tabBuildings, idOrenda: 82743
2025-07-06T13:48:27.811+03:00  INFO 25716 --- [buildings] [main] com.vva.buildings.Orenda                 : Building with ID 46006 not found in tabBuildings, idOrenda: 83601
2025-07-06T13:48:27.815+03:00  INFO 25716 --- [buildings] [main] com.vva.buildings.Orenda                 : ID об'єкту порожній у рядку 1349, idOrenda: 83136
2025-07-06T13:48:27.821+03:00  INFO 25716 --- [buildings] [main] com.vva.buildings.Orenda                 : ID об'єкту порожній у рядку 1393, idOrenda: 60743
2025-07-06T13:48:27.823+03:00  INFO 25716 --- [buildings] [main] com.vva.buildings.Orenda                 : Building with ID 1143 not found in tabBuildings, idOrenda: 82050
2025-07-06T13:48:27.836+03:00  INFO 25716 --- [buildings] [main] com.vva.buildings.Orenda                 : Building with ID 56266 not found in tabBuildings, idOrenda: 78668
2025-07-06T13:48:27.838+03:00  INFO 25716 --- [buildings] [main] com.vva.buildings.Orenda                 : ID об'єкту порожній у рядку 1522, idOrenda: 21726
2025-07-06T13:48:27.839+03:00  INFO 25716 --- [buildings] [main] com.vva.buildings.Orenda                 : ID об'єкту порожній у рядку 1531, idOrenda: 62029
2025-07-06T13:48:27.839+03:00  INFO 25716 --- [buildings] [main] com.vva.buildings.Orenda                 : ID об'єкту порожній у рядку 1534, idOrenda: 65928
2025-07-06T13:48:27.839+03:00  INFO 25716 --- [buildings] [main] com.vva.buildings.Orenda                 : ID об'єкту порожній у рядку 1535, idOrenda: 65929
2025-07-06T13:48:27.840+03:00  INFO 25716 --- [buildings] [main] com.vva.buildings.Orenda                 : ID об'єкту порожній у рядку 1536, idOrenda: 65931
2025-07-06T13:48:27.840+03:00  INFO 25716 --- [buildings] [main] com.vva.buildings.Orenda                 : ID об'єкту порожній у рядку 1537, idOrenda: 65949
2025-07-06T13:48:27.840+03:00  INFO 25716 --- [buildings] [main] com.vva.buildings.Orenda                 : ID об'єкту порожній у рядку 1541, idOrenda: 66184
2025-07-06T13:48:27.840+03:00  INFO 25716 --- [buildings] [main] com.vva.buildings.Orenda                 : ID об'єкту порожній у рядку 1542, idOrenda: 66191
2025-07-06T13:48:27.840+03:00  INFO 25716 --- [buildings] [main] com.vva.buildings.Orenda                 : ID об'єкту порожній у рядку 1543, idOrenda: 66192
2025-07-06T13:48:27.840+03:00  INFO 25716 --- [buildings] [main] com.vva.buildings.Orenda                 : ID об'єкту порожній у рядку 1544, idOrenda: 66193
2025-07-06T13:48:27.840+03:00  INFO 25716 --- [buildings] [main] com.vva.buildings.Orenda                 : ID об'єкту порожній у рядку 1545, idOrenda: 66206
2025-07-06T13:48:27.844+03:00  INFO 25716 --- [buildings] [main] com.vva.buildings.Orenda                 : ID об'єкту порожній у рядку 1573, idOrenda: 73419
2025-07-06T13:48:27.844+03:00  INFO 25716 --- [buildings] [main] com.vva.buildings.Orenda                 : ID об'єкту порожній у рядку 1574, idOrenda: 74638
2025-07-06T13:48:27.844+03:00  INFO 25716 --- [buildings] [main] com.vva.buildings.Orenda                 : ID об'єкту порожній у рядку 1575, idOrenda: 74639
2025-07-06T13:48:27.844+03:00  INFO 25716 --- [buildings] [main] com.vva.buildings.Orenda                 : ID об'єкту порожній у рядку 1576, idOrenda: 74641
2025-07-06T13:48:27.844+03:00  INFO 25716 --- [buildings] [main] com.vva.buildings.Orenda                 : ID об'єкту порожній у рядку 1577, idOrenda: 74642
2025-07-06T13:48:27.844+03:00  INFO 25716 --- [buildings] [main] com.vva.buildings.Orenda                 : ID об'єкту порожній у рядку 1578, idOrenda: 74643
2025-07-06T13:48:27.844+03:00  INFO 25716 --- [buildings] [main] com.vva.buildings.Orenda                 : ID об'єкту порожній у рядку 1579, idOrenda: 74645
2025-07-06T13:48:27.844+03:00  INFO 25716 --- [buildings] [main] com.vva.buildings.Orenda                 : ID об'єкту порожній у рядку 1580, idOrenda: 74646
2025-07-06T13:48:27.844+03:00  INFO 25716 --- [buildings] [main] com.vva.buildings.Orenda                 : ID об'єкту порожній у рядку 1581, idOrenda: 74647
2025-07-06T13:48:27.844+03:00  INFO 25716 --- [buildings] [main] com.vva.buildings.Orenda                 : ID об'єкту порожній у рядку 1582, idOrenda: 74649
2025-07-06T13:48:27.844+03:00  INFO 25716 --- [buildings] [main] com.vva.buildings.Orenda                 : ID об'єкту порожній у рядку 1583, idOrenda: 74650
2025-07-06T13:48:27.844+03:00  INFO 25716 --- [buildings] [main] com.vva.buildings.Orenda                 : ID об'єкту порожній у рядку 1584, idOrenda: 74652
2025-07-06T13:48:27.845+03:00  INFO 25716 --- [buildings] [main] com.vva.buildings.Orenda                 : ID об'єкту порожній у рядку 1585, idOrenda: 74654
2025-07-06T13:48:27.845+03:00  INFO 25716 --- [buildings] [main] com.vva.buildings.Orenda                 : ID об'єкту порожній у рядку 1586, idOrenda: 74509
2025-07-06T13:48:27.845+03:00  INFO 25716 --- [buildings] [main] com.vva.buildings.Orenda                 : ID об'єкту порожній у рядку 1587, idOrenda: 74510
2025-07-06T13:48:27.845+03:00  INFO 25716 --- [buildings] [main] com.vva.buildings.Orenda                 : ID об'єкту порожній у рядку 1588, idOrenda: 74511
2025-07-06T13:48:27.845+03:00  INFO 25716 --- [buildings] [main] com.vva.buildings.Orenda                 : ID об'єкту порожній у рядку 1589, idOrenda: 74512
2025-07-06T13:48:27.845+03:00  INFO 25716 --- [buildings] [main] com.vva.buildings.Orenda                 : ID об'єкту порожній у рядку 1590, idOrenda: 74513
2025-07-06T13:48:27.845+03:00  INFO 25716 --- [buildings] [main] com.vva.buildings.Orenda                 : ID об'єкту порожній у рядку 1591, idOrenda: 74514
2025-07-06T13:48:27.845+03:00  INFO 25716 --- [buildings] [main] com.vva.buildings.Orenda                 : ID об'єкту порожній у рядку 1592, idOrenda: 74515
2025-07-06T13:48:27.845+03:00  INFO 25716 --- [buildings] [main] com.vva.buildings.Orenda                 : ID об'єкту порожній у рядку 1593, idOrenda: 74516
2025-07-06T13:48:27.845+03:00  INFO 25716 --- [buildings] [main] com.vva.buildings.Orenda                 : ID об'єкту порожній у рядку 1594, idOrenda: 74517
2025-07-06T13:48:27.845+03:00  INFO 25716 --- [buildings] [main] com.vva.buildings.Orenda                 : ID об'єкту порожній у рядку 1595, idOrenda: 74518
2025-07-06T13:48:27.845+03:00  INFO 25716 --- [buildings] [main] com.vva.buildings.Orenda                 : ID об'єкту порожній у рядку 1596, idOrenda: 74519
2025-07-06T13:48:27.845+03:00  INFO 25716 --- [buildings] [main] com.vva.buildings.Orenda                 : ID об'єкту порожній у рядку 1597, idOrenda: 74520
2025-07-06T13:48:27.845+03:00  INFO 25716 --- [buildings] [main] com.vva.buildings.Orenda                 : ID об'єкту порожній у рядку 1598, idOrenda: 74521
2025-07-06T13:48:27.845+03:00  INFO 25716 --- [buildings] [main] com.vva.buildings.Orenda                 : ID об'єкту порожній у рядку 1599, idOrenda: 74522
2025-07-06T13:48:27.845+03:00  INFO 25716 --- [buildings] [main] com.vva.buildings.Orenda                 : ID об'єкту порожній у рядку 1600, idOrenda: 74523
2025-07-06T13:48:27.845+03:00  INFO 25716 --- [buildings] [main] com.vva.buildings.Orenda                 : ID об'єкту порожній у рядку 1601, idOrenda: 74524
2025-07-06T13:48:27.845+03:00  INFO 25716 --- [buildings] [main] com.vva.buildings.Orenda                 : ID об'єкту порожній у рядку 1602, idOrenda: 74525
2025-07-06T13:48:27.845+03:00  INFO 25716 --- [buildings] [main] com.vva.buildings.Orenda                 : ID об'єкту порожній у рядку 1603, idOrenda: 74526
2025-07-06T13:48:27.845+03:00  INFO 25716 --- [buildings] [main] com.vva.buildings.Orenda                 : ID об'єкту порожній у рядку 1604, idOrenda: 74527
2025-07-06T13:48:27.845+03:00  INFO 25716 --- [buildings] [main] com.vva.buildings.Orenda                 : ID об'єкту порожній у рядку 1605, idOrenda: 74528
2025-07-06T13:48:27.845+03:00  INFO 25716 --- [buildings] [main] com.vva.buildings.Orenda                 : ID об'єкту порожній у рядку 1606, idOrenda: 74529
2025-07-06T13:48:27.846+03:00  INFO 25716 --- [buildings] [main] com.vva.buildings.Orenda                 : ID об'єкту порожній у рядку 1607, idOrenda: 74532
2025-07-06T13:48:27.846+03:00  INFO 25716 --- [buildings] [main] com.vva.buildings.Orenda                 : ID об'єкту порожній у рядку 1608, idOrenda: 74533
2025-07-06T13:48:27.846+03:00  INFO 25716 --- [buildings] [main] com.vva.buildings.Orenda                 : ID об'єкту порожній у рядку 1609, idOrenda: 74534
2025-07-06T13:48:27.846+03:00  INFO 25716 --- [buildings] [main] com.vva.buildings.Orenda                 : ID об'єкту порожній у рядку 1610, idOrenda: 74535
2025-07-06T13:48:27.846+03:00  INFO 25716 --- [buildings] [main] com.vva.buildings.Orenda                 : ID об'єкту порожній у рядку 1611, idOrenda: 74536
2025-07-06T13:48:27.846+03:00  INFO 25716 --- [buildings] [main] com.vva.buildings.Orenda                 : ID об'єкту порожній у рядку 1612, idOrenda: 74537
2025-07-06T13:48:27.846+03:00  INFO 25716 --- [buildings] [main] com.vva.buildings.Orenda                 : ID об'єкту порожній у рядку 1613, idOrenda: 74538
2025-07-06T13:48:27.846+03:00  INFO 25716 --- [buildings] [main] com.vva.buildings.Orenda                 : ID об'єкту порожній у рядку 1614, idOrenda: 74539
2025-07-06T13:48:27.846+03:00  INFO 25716 --- [buildings] [main] com.vva.buildings.Orenda                 : ID об'єкту порожній у рядку 1615, idOrenda: 74540
2025-07-06T13:48:27.846+03:00  INFO 25716 --- [buildings] [main] com.vva.buildings.Orenda                 : ID об'єкту порожній у рядку 1616, idOrenda: 74541
2025-07-06T13:48:27.846+03:00  INFO 25716 --- [buildings] [main] com.vva.buildings.Orenda                 : ID об'єкту порожній у рядку 1617, idOrenda: 74542
2025-07-06T13:48:27.846+03:00  INFO 25716 --- [buildings] [main] com.vva.buildings.Orenda                 : ID об'єкту порожній у рядку 1618, idOrenda: 74543
2025-07-06T13:48:27.846+03:00  INFO 25716 --- [buildings] [main] com.vva.buildings.Orenda                 : ID об'єкту порожній у рядку 1619, idOrenda: 74545
2025-07-06T13:48:27.846+03:00  INFO 25716 --- [buildings] [main] com.vva.buildings.Orenda                 : ID об'єкту порожній у рядку 1620, idOrenda: 74547
2025-07-06T13:48:27.846+03:00  INFO 25716 --- [buildings] [main] com.vva.buildings.Orenda                 : ID об'єкту порожній у рядку 1621, idOrenda: 74548
2025-07-06T13:48:27.846+03:00  INFO 25716 --- [buildings] [main] com.vva.buildings.Orenda                 : ID об'єкту порожній у рядку 1622, idOrenda: 74498
2025-07-06T13:48:27.846+03:00  INFO 25716 --- [buildings] [main] com.vva.buildings.Orenda                 : ID об'єкту порожній у рядку 1623, idOrenda: 74499
2025-07-06T13:48:27.846+03:00  INFO 25716 --- [buildings] [main] com.vva.buildings.Orenda                 : ID об'єкту порожній у рядку 1624, idOrenda: 74500
2025-07-06T13:48:27.846+03:00  INFO 25716 --- [buildings] [main] com.vva.buildings.Orenda                 : ID об'єкту порожній у рядку 1625, idOrenda: 74501
2025-07-06T13:48:27.846+03:00  INFO 25716 --- [buildings] [main] com.vva.buildings.Orenda                 : ID об'єкту порожній у рядку 1626, idOrenda: 74502
2025-07-06T13:48:27.846+03:00  INFO 25716 --- [buildings] [main] com.vva.buildings.Orenda                 : ID об'єкту порожній у рядку 1627, idOrenda: 74503
2025-07-06T13:48:27.846+03:00  INFO 25716 --- [buildings] [main] com.vva.buildings.Orenda                 : ID об'єкту порожній у рядку 1628, idOrenda: 74504
2025-07-06T13:48:27.846+03:00  INFO 25716 --- [buildings] [main] com.vva.buildings.Orenda                 : ID об'єкту порожній у рядку 1629, idOrenda: 74506
2025-07-06T13:48:27.847+03:00  INFO 25716 --- [buildings] [main] com.vva.buildings.Orenda                 : ID об'єкту порожній у рядку 1630, idOrenda: 74507
2025-07-06T13:48:27.847+03:00  INFO 25716 --- [buildings] [main] com.vva.buildings.Orenda                 : ID об'єкту порожній у рядку 1631, idOrenda: 75143
2025-07-06T13:48:27.847+03:00  INFO 25716 --- [buildings] [main] com.vva.buildings.Orenda                 : ID об'єкту порожній у рядку 1632, idOrenda: 75144
2025-07-06T13:48:27.847+03:00  INFO 25716 --- [buildings] [main] com.vva.buildings.Orenda                 : ID об'єкту порожній у рядку 1633, idOrenda: 75145
2025-07-06T13:48:27.847+03:00  INFO 25716 --- [buildings] [main] com.vva.buildings.Orenda                 : ID об'єкту порожній у рядку 1634, idOrenda: 75146
2025-07-06T13:48:27.847+03:00  INFO 25716 --- [buildings] [main] com.vva.buildings.Orenda                 : ID об'єкту порожній у рядку 1635, idOrenda: 75147
2025-07-06T13:48:27.847+03:00  INFO 25716 --- [buildings] [main] com.vva.buildings.Orenda                 : ID об'єкту порожній у рядку 1636, idOrenda: 75148
2025-07-06T13:48:27.848+03:00  INFO 25716 --- [buildings] [main] com.vva.buildings.Orenda                 : ID об'єкту порожній у рядку 1642, idOrenda: 74224
2025-07-06T13:48:27.848+03:00  INFO 25716 --- [buildings] [main] com.vva.buildings.Orenda                 : ID об'єкту порожній у рядку 1643, idOrenda: 74227
2025-07-06T13:48:27.848+03:00  INFO 25716 --- [buildings] [main] com.vva.buildings.Orenda                 : ID об'єкту порожній у рядку 1644, idOrenda: 74228
2025-07-06T13:48:27.848+03:00  INFO 25716 --- [buildings] [main] com.vva.buildings.Orenda                 : ID об'єкту порожній у рядку 1645, idOrenda: 74229
2025-07-06T13:48:27.848+03:00  INFO 25716 --- [buildings] [main] com.vva.buildings.Orenda                 : ID об'єкту порожній у рядку 1646, idOrenda: 74230
2025-07-06T13:48:27.848+03:00  INFO 25716 --- [buildings] [main] com.vva.buildings.Orenda                 : ID об'єкту порожній у рядку 1647, idOrenda: 74231
2025-07-06T13:48:27.848+03:00  INFO 25716 --- [buildings] [main] com.vva.buildings.Orenda                 : ID об'єкту порожній у рядку 1648, idOrenda: 74215
2025-07-06T13:48:27.848+03:00  INFO 25716 --- [buildings] [main] com.vva.buildings.Orenda                 : ID об'єкту порожній у рядку 1649, idOrenda: 75404
2025-07-06T13:48:27.848+03:00  INFO 25716 --- [buildings] [main] com.vva.buildings.Orenda                 : ID об'єкту порожній у рядку 1650, idOrenda: 75405
2025-07-06T13:48:27.848+03:00  INFO 25716 --- [buildings] [main] com.vva.buildings.Orenda                 : ID об'єкту порожній у рядку 1651, idOrenda: 75406
2025-07-06T13:48:27.848+03:00  INFO 25716 --- [buildings] [main] com.vva.buildings.Orenda                 : ID об'єкту порожній у рядку 1652, idOrenda: 75407
2025-07-06T13:48:27.848+03:00  INFO 25716 --- [buildings] [main] com.vva.buildings.Orenda                 : ID об'єкту порожній у рядку 1653, idOrenda: 75408
2025-07-06T13:48:27.848+03:00  INFO 25716 --- [buildings] [main] com.vva.buildings.Orenda                 : ID об'єкту порожній у рядку 1654, idOrenda: 75409
2025-07-06T13:48:27.848+03:00  INFO 25716 --- [buildings] [main] com.vva.buildings.Orenda                 : ID об'єкту порожній у рядку 1655, idOrenda: 75410
2025-07-06T13:48:27.848+03:00  INFO 25716 --- [buildings] [main] com.vva.buildings.Orenda                 : ID об'єкту порожній у рядку 1656, idOrenda: 73983
2025-07-06T13:48:27.848+03:00  INFO 25716 --- [buildings] [main] com.vva.buildings.Orenda                 : ID об'єкту порожній у рядку 1657, idOrenda: 73985
2025-07-06T13:48:27.848+03:00  INFO 25716 --- [buildings] [main] com.vva.buildings.Orenda                 : ID об'єкту порожній у рядку 1658, idOrenda: 73987
2025-07-06T13:48:27.848+03:00  INFO 25716 --- [buildings] [main] com.vva.buildings.Orenda                 : ID об'єкту порожній у рядку 1659, idOrenda: 73988
2025-07-06T13:48:27.848+03:00  INFO 25716 --- [buildings] [main] com.vva.buildings.Orenda                 : ID об'єкту порожній у рядку 1660, idOrenda: 73989
2025-07-06T13:48:27.848+03:00  INFO 25716 --- [buildings] [main] com.vva.buildings.Orenda                 : ID об'єкту порожній у рядку 1661, idOrenda: 73990
2025-07-06T13:48:27.848+03:00  INFO 25716 --- [buildings] [main] com.vva.buildings.Orenda                 : ID об'єкту порожній у рядку 1662, idOrenda: 74061
2025-07-06T13:48:27.848+03:00  INFO 25716 --- [buildings] [main] com.vva.buildings.Orenda                 : ID об'єкту порожній у рядку 1663, idOrenda: 74072
2025-07-06T13:48:27.848+03:00  INFO 25716 --- [buildings] [main] com.vva.buildings.Orenda                 : Building with ID 45004 not found in tabBuildings, idOrenda: 72894
2025-07-06T13:48:27.848+03:00  INFO 25716 --- [buildings] [main] com.vva.buildings.Orenda                 : Building with ID 45004 not found in tabBuildings, idOrenda: 81601
2025-07-06T13:48:27.849+03:00  INFO 25716 --- [buildings] [main] com.vva.buildings.Orenda                 : Building with ID 45004 not found in tabBuildings, idOrenda: 71925
2025-07-06T13:48:27.849+03:00  INFO 25716 --- [buildings] [main] com.vva.buildings.Orenda                 : Building with ID 45004 not found in tabBuildings, idOrenda: 83599
2025-07-06T13:48:27.849+03:00  INFO 25716 --- [buildings] [main] com.vva.buildings.Orenda                 : Building with ID 0 not found in tabBuildings, idOrenda: 85244
2025-07-06T13:48:27.853+03:00  INFO 25716 --- [buildings] [main] com.vva.buildings.Orenda                 : Building with ID 0 not found in tabBuildings, idOrenda: 85254
2025-07-06T13:48:27.853+03:00  INFO 25716 --- [buildings] [main] com.vva.buildings.Orenda                 : Building with ID 9999 not found in tabBuildings, idOrenda: 82766
2025-07-06T13:48:27.854+03:00  INFO 25716 --- [buildings] [main] com.vva.buildings.Orenda                 : Building with ID 0 not found in tabBuildings, idOrenda: 84415
2025-07-06T13:48:27.856+03:00  INFO 25716 --- [buildings] [main] com.vva.buildings.Orenda                 : ID об'єкту порожній у рядку 1739, idOrenda: 63031
2025-07-06T13:48:27.856+03:00  INFO 25716 --- [buildings] [main] com.vva.buildings.Orenda                 : ID об'єкту порожній у рядку 1740, idOrenda: 66022
2025-07-06T13:48:27.856+03:00  INFO 25716 --- [buildings] [main] com.vva.buildings.Orenda                 : ID об'єкту порожній у рядку 1741, idOrenda: 66023
2025-07-06T13:48:27.856+03:00  INFO 25716 --- [buildings] [main] com.vva.buildings.Orenda                 : ID об'єкту порожній у рядку 1745, idOrenda: 69235
2025-07-06T13:48:27.856+03:00  INFO 25716 --- [buildings] [main] com.vva.buildings.Orenda                 : ID об'єкту порожній у рядку 1746, idOrenda: 72731
2025-07-06T13:48:27.856+03:00  INFO 25716 --- [buildings] [main] com.vva.buildings.Orenda                 : Building with ID 45679 not found in tabBuildings, idOrenda: 73949
2025-07-06T13:48:27.857+03:00  INFO 25716 --- [buildings] [main] com.vva.buildings.Orenda                 : Building with ID 45679 not found in tabBuildings, idOrenda: 77026
2025-07-06T13:48:27.857+03:00  INFO 25716 --- [buildings] [main] com.vva.buildings.Orenda                 : Building with ID 45679 not found in tabBuildings, idOrenda: 79430
2025-07-06T13:48:27.857+03:00  INFO 25716 --- [buildings] [main] com.vva.buildings.Orenda                 : Building with ID 45679 not found in tabBuildings, idOrenda: 72650
2025-07-06T13:48:27.857+03:00  INFO 25716 --- [buildings] [main] com.vva.buildings.Orenda                 : ID об'єкту порожній у рядку 1755, idOrenda: 73258
2025-07-06T13:48:27.858+03:00  INFO 25716 --- [buildings] [main] com.vva.buildings.Orenda                 : Building with ID 9965 not found in tabBuildings, idOrenda: 70958
2025-07-06T13:48:27.858+03:00  INFO 25716 --- [buildings] [main] com.vva.buildings.Orenda                 : Building with ID 9965 not found in tabBuildings, idOrenda: 80161
2025-07-06T13:48:27.858+03:00  INFO 25716 --- [buildings] [main] com.vva.buildings.Orenda                 : Building with ID 9965 not found in tabBuildings, idOrenda: 80897
2025-07-06T13:48:27.858+03:00  INFO 25716 --- [buildings] [main] com.vva.buildings.Orenda                 : Building with ID 9965 not found in tabBuildings, idOrenda: 80910
2025-07-06T13:48:27.858+03:00  INFO 25716 --- [buildings] [main] com.vva.buildings.Orenda                 : Building with ID 9965 not found in tabBuildings, idOrenda: 80912
2025-07-06T13:48:27.859+03:00  INFO 25716 --- [buildings] [main] com.vva.buildings.Orenda                 : Building with ID 47092 not found in tabBuildings, idOrenda: 73670
2025-07-06T13:48:27.859+03:00  INFO 25716 --- [buildings] [main] com.vva.buildings.Orenda                 : Building with ID 47092 not found in tabBuildings, idOrenda: 73672
2025-07-06T13:48:27.860+03:00  INFO 25716 --- [buildings] [main] com.vva.buildings.Orenda                 : ID об'єкту порожній у рядку 1783, idOrenda: 85274
2025-07-06T13:48:27.862+03:00  INFO 25716 --- [buildings] [main] com.vva.buildings.Orenda                 : Building with ID 0 not found in tabBuildings, idOrenda: 72833
2025-07-06T13:48:27.863+03:00  INFO 25716 --- [buildings] [main] com.vva.buildings.Orenda                 : Building with ID 7975 not found in tabBuildings, idOrenda: 79414
2025-07-06T13:48:27.864+03:00  INFO 25716 --- [buildings] [main] com.vva.buildings.Orenda                 : Building with ID 5894 not found in tabBuildings, idOrenda: 83678
2025-07-06T13:48:27.864+03:00  INFO 25716 --- [buildings] [main] com.vva.buildings.Orenda                 : Building with ID 5625 not found in tabBuildings, idOrenda: 83122
2025-07-06T13:48:27.864+03:00  INFO 25716 --- [buildings] [main] com.vva.buildings.Orenda                 : Building with ID 30311 not found in tabBuildings, idOrenda: 76339
2025-07-06T13:48:27.865+03:00  INFO 25716 --- [buildings] [main] com.vva.buildings.Orenda                 : Building with ID 30311 not found in tabBuildings, idOrenda: 57806
2025-07-06T13:48:27.867+03:00  INFO 25716 --- [buildings] [main] com.vva.buildings.Orenda                 : Building with ID 56242 not found in tabBuildings, idOrenda: 79286
2025-07-06T13:48:27.868+03:00  INFO 25716 --- [buildings] [main] com.vva.buildings.Orenda                 : Building with ID 0 not found in tabBuildings, idOrenda: 79508
2025-07-06T13:48:27.868+03:00  INFO 25716 --- [buildings] [main] com.vva.buildings.Orenda                 : ID об'єкту порожній у рядку 1857, idOrenda: 75788
2025-07-06T13:48:27.868+03:00  INFO 25716 --- [buildings] [main] com.vva.buildings.Orenda                 : ID об'єкту порожній у рядку 1858, idOrenda: 75954
2025-07-06T13:48:27.868+03:00  INFO 25716 --- [buildings] [main] com.vva.buildings.Orenda                 : ID об'єкту порожній у рядку 1859, idOrenda: 70910
2025-07-06T13:48:27.868+03:00  INFO 25716 --- [buildings] [main] com.vva.buildings.Orenda                 : ID об'єкту порожній у рядку 1860, idOrenda: 70911
2025-07-06T13:48:27.868+03:00  INFO 25716 --- [buildings] [main] com.vva.buildings.Orenda                 : ID об'єкту порожній у рядку 1861, idOrenda: 70914
2025-07-06T13:48:27.868+03:00  INFO 25716 --- [buildings] [main] com.vva.buildings.Orenda                 : ID об'єкту порожній у рядку 1862, idOrenda: 70915
2025-07-06T13:48:27.869+03:00  INFO 25716 --- [buildings] [main] com.vva.buildings.Orenda                 : ID об'єкту порожній у рядку 1871, idOrenda: 61211
2025-07-06T13:48:27.869+03:00  INFO 25716 --- [buildings] [main] com.vva.buildings.Orenda                 : ID об'єкту порожній у рядку 1872, idOrenda: 47930
2025-07-06T13:48:27.869+03:00  INFO 25716 --- [buildings] [main] com.vva.buildings.Orenda                 : ID об'єкту порожній у рядку 1873, idOrenda: 47932
2025-07-06T13:48:27.869+03:00  INFO 25716 --- [buildings] [main] com.vva.buildings.Orenda                 : ID об'єкту порожній у рядку 1874, idOrenda: 52621
2025-07-06T13:48:27.869+03:00  INFO 25716 --- [buildings] [main] com.vva.buildings.Orenda                 : ID об'єкту порожній у рядку 1875, idOrenda: 63918
2025-07-06T13:48:27.869+03:00  INFO 25716 --- [buildings] [main] com.vva.buildings.Orenda                 : ID об'єкту порожній у рядку 1876, idOrenda: 63161
2025-07-06T13:48:27.869+03:00  INFO 25716 --- [buildings] [main] com.vva.buildings.Orenda                 : ID об'єкту порожній у рядку 1877, idOrenda: 63162
2025-07-06T13:48:27.869+03:00  INFO 25716 --- [buildings] [main] com.vva.buildings.Orenda                 : ID об'єкту порожній у рядку 1878, idOrenda: 63198
2025-07-06T13:48:27.869+03:00  INFO 25716 --- [buildings] [main] com.vva.buildings.Orenda                 : ID об'єкту порожній у рядку 1879, idOrenda: 62129
2025-07-06T13:48:27.869+03:00  INFO 25716 --- [buildings] [main] com.vva.buildings.Orenda                 : ID об'єкту порожній у рядку 1880, idOrenda: 36261
2025-07-06T13:48:27.869+03:00  INFO 25716 --- [buildings] [main] com.vva.buildings.Orenda                 : ID об'єкту порожній у рядку 1881, idOrenda: 37319
2025-07-06T13:48:27.869+03:00  INFO 25716 --- [buildings] [main] com.vva.buildings.Orenda                 : ID об'єкту порожній у рядку 1882, idOrenda: 64763
2025-07-06T13:48:27.869+03:00  INFO 25716 --- [buildings] [main] com.vva.buildings.Orenda                 : ID об'єкту порожній у рядку 1883, idOrenda: 51413
2025-07-06T13:48:27.869+03:00  INFO 25716 --- [buildings] [main] com.vva.buildings.Orenda                 : ID об'єкту порожній у рядку 1884, idOrenda: 38835
2025-07-06T13:48:27.872+03:00  INFO 25716 --- [buildings] [main] com.vva.buildings.Orenda                 : Building with ID 2114 not found in tabBuildings, idOrenda: 60938
2025-07-06T13:48:27.872+03:00  INFO 25716 --- [buildings] [main] com.vva.buildings.Orenda                 : Building with ID 2114 not found in tabBuildings, idOrenda: 75666
2025-07-06T13:48:27.872+03:00  INFO 25716 --- [buildings] [main] com.vva.buildings.Orenda                 : Building with ID 2114 not found in tabBuildings, idOrenda: 71327
2025-07-06T13:48:27.873+03:00  INFO 25716 --- [buildings] [main] com.vva.buildings.Orenda                 : ID об'єкту порожній у рядку 1918, idOrenda: 71328
2025-07-06T13:48:27.873+03:00  INFO 25716 --- [buildings] [main] com.vva.buildings.Orenda                 : ID об'єкту порожній у рядку 1919, idOrenda: 76964
2025-07-06T13:48:27.873+03:00  INFO 25716 --- [buildings] [main] com.vva.buildings.Orenda                 : Building with ID 33850 not found in tabBuildings, idOrenda: 62098
2025-07-06T13:48:27.873+03:00  INFO 25716 --- [buildings] [main] com.vva.buildings.Orenda                 : Building with ID 1534 not found in tabBuildings, idOrenda: 71964
2025-07-06T13:48:27.873+03:00  INFO 25716 --- [buildings] [main] com.vva.buildings.Orenda                 : ID об'єкту порожній у рядку 1923, idOrenda: 72734
2025-07-06T13:48:27.873+03:00  INFO 25716 --- [buildings] [main] com.vva.buildings.Orenda                 : ID об'єкту порожній у рядку 1924, idOrenda: 56387
2025-07-06T13:48:27.873+03:00  INFO 25716 --- [buildings] [main] com.vva.buildings.Orenda                 : ID об'єкту порожній у рядку 1925, idOrenda: 56389
2025-07-06T13:48:27.873+03:00  INFO 25716 --- [buildings] [main] com.vva.buildings.Orenda                 : ID об'єкту порожній у рядку 1926, idOrenda: 61121
2025-07-06T13:48:27.873+03:00  INFO 25716 --- [buildings] [main] com.vva.buildings.Orenda                 : ID об'єкту порожній у рядку 1927, idOrenda: 48661
2025-07-06T13:48:27.876+03:00  INFO 25716 --- [buildings] [main] com.vva.buildings.Orenda                 : Building with ID 0 not found in tabBuildings, idOrenda: 85407
2025-07-06T13:48:27.876+03:00  INFO 25716 --- [buildings] [main] com.vva.buildings.Orenda                 : ID об'єкту порожній у рядку 1950, idOrenda: 52188
2025-07-06T13:48:27.876+03:00  INFO 25716 --- [buildings] [main] com.vva.buildings.Orenda                 : ID об'єкту порожній у рядку 1951, idOrenda: 63168
2025-07-06T13:48:27.876+03:00  INFO 25716 --- [buildings] [main] com.vva.buildings.Orenda                 : ID об'єкту порожній у рядку 1952, idOrenda: 60599
2025-07-06T13:48:27.876+03:00  INFO 25716 --- [buildings] [main] com.vva.buildings.Orenda                 : ID об'єкту порожній у рядку 1953, idOrenda: 56281
2025-07-06T13:48:27.876+03:00  INFO 25716 --- [buildings] [main] com.vva.buildings.Orenda                 : ID об'єкту порожній у рядку 1954, idOrenda: 56282
2025-07-06T13:48:27.876+03:00  INFO 25716 --- [buildings] [main] com.vva.buildings.Orenda                 : ID об'єкту порожній у рядку 1955, idOrenda: 56283
2025-07-06T13:48:27.877+03:00  INFO 25716 --- [buildings] [main] com.vva.buildings.Orenda                 : Building with ID 0 not found in tabBuildings, idOrenda: 81966
2025-07-06T13:48:27.877+03:00  INFO 25716 --- [buildings] [main] com.vva.buildings.Orenda                 : ID об'єкту порожній у рядку 1965, idOrenda: 73965
2025-07-06T13:48:27.878+03:00  INFO 25716 --- [buildings] [main] com.vva.buildings.Orenda                 : ID об'єкту порожній у рядку 1970, idOrenda: 75956
2025-07-06T13:48:27.878+03:00  INFO 25716 --- [buildings] [main] com.vva.buildings.Orenda                 : ID об'єкту порожній у рядку 1971, idOrenda: 75957
2025-07-06T13:48:27.878+03:00  INFO 25716 --- [buildings] [main] com.vva.buildings.Orenda                 : ID об'єкту порожній у рядку 1974, idOrenda: 77630
2025-07-06T13:48:27.878+03:00  INFO 25716 --- [buildings] [main] com.vva.buildings.Orenda                 : ID об'єкту порожній у рядку 1976, idOrenda: 72184
2025-07-06T13:48:27.878+03:00  INFO 25716 --- [buildings] [main] com.vva.buildings.Orenda                 : ID об'єкту порожній у рядку 1977, idOrenda: 72185
2025-07-06T13:48:27.885+03:00  INFO 25716 --- [buildings] [main] com.vva.buildings.Orenda                 : Building with ID 0 not found in tabBuildings, idOrenda: 34965
2025-07-06T13:48:27.886+03:00  INFO 25716 --- [buildings] [main] com.vva.buildings.Orenda                 : ID об'єкту порожній у рядку 2038, idOrenda: 63912
2025-07-06T13:48:27.888+03:00  INFO 25716 --- [buildings] [main] com.vva.buildings.Orenda                 : Building with ID 44574 not found in tabBuildings, idOrenda: 75238
2025-07-06T13:48:27.889+03:00  INFO 25716 --- [buildings] [main] com.vva.buildings.Orenda                 : Building with ID 44574 not found in tabBuildings, idOrenda: 75239
2025-07-06T13:48:27.907+03:00  INFO 25716 --- [buildings] [main] com.vva.buildings.Orenda                 : ID об'єкту порожній у рядку 2168, idOrenda: 62839
2025-07-06T13:48:27.912+03:00  INFO 25716 --- [buildings] [main] com.vva.buildings.Orenda                 : Building with ID 103121001 not found in tabBuildings, idOrenda: 78378
2025-07-06T13:48:27.912+03:00  INFO 25716 --- [buildings] [main] com.vva.buildings.Orenda                 : Building with ID 103121001 not found in tabBuildings, idOrenda: 78379
2025-07-06T13:48:27.912+03:00  INFO 25716 --- [buildings] [main] com.vva.buildings.Orenda                 : Building with ID 103121001 not found in tabBuildings, idOrenda: 78380
2025-07-06T13:48:27.912+03:00  INFO 25716 --- [buildings] [main] com.vva.buildings.Orenda                 : Building with ID 103121001 not found in tabBuildings, idOrenda: 78381
2025-07-06T13:48:27.912+03:00  INFO 25716 --- [buildings] [main] com.vva.buildings.Orenda                 : Building with ID 103121001 not found in tabBuildings, idOrenda: 78382
2025-07-06T13:48:27.912+03:00  INFO 25716 --- [buildings] [main] com.vva.buildings.Orenda                 : Building with ID 103121001 not found in tabBuildings, idOrenda: 74720
2025-07-06T13:48:27.912+03:00  INFO 25716 --- [buildings] [main] com.vva.buildings.Orenda                 : Building with ID 103121001 not found in tabBuildings, idOrenda: 82592
2025-07-06T13:48:27.912+03:00  INFO 25716 --- [buildings] [main] com.vva.buildings.Orenda                 : Building with ID 103121001 not found in tabBuildings, idOrenda: 82593
2025-07-06T13:48:27.914+03:00  INFO 25716 --- [buildings] [main] com.vva.buildings.Orenda                 : Building with ID 45093 not found in tabBuildings, idOrenda: 68445
2025-07-06T13:48:27.914+03:00  INFO 25716 --- [buildings] [main] com.vva.buildings.Orenda                 : Building with ID 45093 not found in tabBuildings, idOrenda: 68448
2025-07-06T13:48:27.914+03:00  INFO 25716 --- [buildings] [main] com.vva.buildings.Orenda                 : Building with ID 45093 not found in tabBuildings, idOrenda: 68449
2025-07-06T13:48:27.914+03:00  INFO 25716 --- [buildings] [main] com.vva.buildings.Orenda                 : Building with ID 45093 not found in tabBuildings, idOrenda: 68450
2025-07-06T13:48:27.919+03:00  INFO 25716 --- [buildings] [main] com.vva.buildings.Orenda                 : Building with ID 0 not found in tabBuildings, idOrenda: 85256
2025-07-06T13:48:27.919+03:00  INFO 25716 --- [buildings] [main] com.vva.buildings.Orenda                 : Building with ID 0 not found in tabBuildings, idOrenda: 85257
2025-07-06T13:48:27.923+03:00  INFO 25716 --- [buildings] [main] com.vva.buildings.Orenda                 : Building with ID 0 not found in tabBuildings, idOrenda: 85417
2025-07-06T13:48:27.925+03:00  INFO 25716 --- [buildings] [main] com.vva.buildings.Orenda                 : Building with ID 7813 not found in tabBuildings, idOrenda: 76960
2025-07-06T13:48:27.925+03:00  INFO 25716 --- [buildings] [main] com.vva.buildings.Orenda                 : Building with ID 7813 not found in tabBuildings, idOrenda: 78945
2025-07-06T13:48:27.927+03:00  INFO 25716 --- [buildings] [main] com.vva.buildings.Orenda                 : Building with ID 7813 not found in tabBuildings, idOrenda: 80495
2025-07-06T13:48:27.928+03:00  INFO 25716 --- [buildings] [main] com.vva.buildings.Orenda                 : Building with ID 34783 not found in tabBuildings, idOrenda: 80479
2025-07-06T13:48:27.928+03:00  INFO 25716 --- [buildings] [main] com.vva.buildings.Orenda                 : Building with ID 7813 not found in tabBuildings, idOrenda: 79635
2025-07-06T13:48:27.928+03:00  INFO 25716 --- [buildings] [main] com.vva.buildings.Orenda                 : Building with ID 7813 not found in tabBuildings, idOrenda: 79636
2025-07-06T13:48:27.928+03:00  INFO 25716 --- [buildings] [main] com.vva.buildings.Orenda                 : Building with ID 7813 not found in tabBuildings, idOrenda: 79959
2025-07-06T13:48:27.928+03:00  INFO 25716 --- [buildings] [main] com.vva.buildings.Orenda                 : Building with ID 7813 not found in tabBuildings, idOrenda: 79960
2025-07-06T13:48:27.928+03:00  INFO 25716 --- [buildings] [main] com.vva.buildings.Orenda                 : Building with ID 7813 not found in tabBuildings, idOrenda: 79957
2025-07-06T13:48:27.928+03:00  INFO 25716 --- [buildings] [main] com.vva.buildings.Orenda                 : Building with ID 34783 not found in tabBuildings, idOrenda: 83440
2025-07-06T13:48:27.928+03:00  INFO 25716 --- [buildings] [main] com.vva.buildings.Orenda                 : Building with ID 7813 not found in tabBuildings, idOrenda: 83441
2025-07-06T13:48:27.928+03:00  INFO 25716 --- [buildings] [main] com.vva.buildings.Orenda                 : Building with ID 7813 not found in tabBuildings, idOrenda: 83442
2025-07-06T13:48:27.928+03:00  INFO 25716 --- [buildings] [main] com.vva.buildings.Orenda                 : Building with ID 34783 not found in tabBuildings, idOrenda: 84157
2025-07-06T13:48:27.928+03:00  INFO 25716 --- [buildings] [main] com.vva.buildings.Orenda                 : Building with ID 58975 not found in tabBuildings, idOrenda: 82360
2025-07-06T13:48:27.930+03:00  INFO 25716 --- [buildings] [main] com.vva.buildings.Orenda                 : Building with ID 31327 not found in tabBuildings, idOrenda: 83439
2025-07-06T13:48:27.931+03:00  INFO 25716 --- [buildings] [main] com.vva.buildings.Orenda                 : Building with ID 31327 not found in tabBuildings, idOrenda: 83130
2025-07-06T13:48:27.931+03:00  INFO 25716 --- [buildings] [main] com.vva.buildings.Orenda                 : ID об'єкту порожній у рядку 2312, idOrenda: 73521
2025-07-06T13:48:27.931+03:00  INFO 25716 --- [buildings] [main] com.vva.buildings.Orenda                 : ID об'єкту порожній у рядку 2313, idOrenda: 72632
2025-07-06T13:48:27.931+03:00  INFO 25716 --- [buildings] [main] com.vva.buildings.Orenda                 : ID об'єкту порожній у рядку 2314, idOrenda: 72633
2025-07-06T13:48:27.931+03:00  INFO 25716 --- [buildings] [main] com.vva.buildings.Orenda                 : ID об'єкту порожній у рядку 2315, idOrenda: 68035
2025-07-06T13:48:27.931+03:00  INFO 25716 --- [buildings] [main] com.vva.buildings.Orenda                 : ID об'єкту порожній у рядку 2316, idOrenda: 68069
2025-07-06T13:48:27.934+03:00  INFO 25716 --- [buildings] [main] com.vva.buildings.Orenda                 : ID об'єкту порожній у рядку 2337, idOrenda: 70081
2025-07-06T13:48:27.937+03:00  INFO 25716 --- [buildings] [main] com.vva.buildings.Orenda                 : Building with ID 1792 not found in tabBuildings, idOrenda: 61677
2025-07-06T13:48:27.938+03:00  INFO 25716 --- [buildings] [main] com.vva.buildings.Orenda                 : Building with ID 1792 not found in tabBuildings, idOrenda: 68466
2025-07-06T13:48:27.938+03:00  INFO 25716 --- [buildings] [main] com.vva.buildings.Orenda                 : Building with ID 1792 not found in tabBuildings, idOrenda: 61424
2025-07-06T13:48:27.938+03:00  INFO 25716 --- [buildings] [main] com.vva.buildings.Orenda                 : ID об'єкту порожній у рядку 2365, idOrenda: 85000
2025-07-06T13:48:27.938+03:00  INFO 25716 --- [buildings] [main] com.vva.buildings.Orenda                 : ID об'єкту порожній у рядку 2366, idOrenda: 85001
2025-07-06T13:48:27.938+03:00  INFO 25716 --- [buildings] [main] com.vva.buildings.Orenda                 : Building with ID 0 not found in tabBuildings, idOrenda: 77744
2025-07-06T13:48:27.939+03:00  INFO 25716 --- [buildings] [main] com.vva.buildings.Orenda                 : Building with ID 0 not found in tabBuildings, idOrenda: 84932
2025-07-06T13:48:27.939+03:00  INFO 25716 --- [buildings] [main] com.vva.buildings.Orenda                 : ID об'єкту порожній у рядку 2373, idOrenda: 48024
2025-07-06T13:48:27.939+03:00  INFO 25716 --- [buildings] [main] com.vva.buildings.Orenda                 : ID об'єкту порожній у рядку 2374, idOrenda: 63317
2025-07-06T13:48:27.939+03:00  INFO 25716 --- [buildings] [main] com.vva.buildings.Orenda                 : Building with ID 5766 not found in tabBuildings, idOrenda: 63318
2025-07-06T13:48:27.939+03:00  INFO 25716 --- [buildings] [main] com.vva.buildings.Orenda                 : Building with ID 44639 not found in tabBuildings, idOrenda: 63319
2025-07-06T13:48:27.939+03:00  INFO 25716 --- [buildings] [main] com.vva.buildings.Orenda                 : Building with ID 44639 not found in tabBuildings, idOrenda: 63320
2025-07-06T13:48:27.939+03:00  INFO 25716 --- [buildings] [main] com.vva.buildings.Orenda                 : Building with ID 5766 not found in tabBuildings, idOrenda: 56218
2025-07-06T13:48:27.939+03:00  INFO 25716 --- [buildings] [main] com.vva.buildings.Orenda                 : Building with ID 5766 not found in tabBuildings, idOrenda: 56222
2025-07-06T13:48:27.939+03:00  INFO 25716 --- [buildings] [main] com.vva.buildings.Orenda                 : Building with ID 44639 not found in tabBuildings, idOrenda: 56223
2025-07-06T13:48:27.939+03:00  INFO 25716 --- [buildings] [main] com.vva.buildings.Orenda                 : Building with ID 44639 not found in tabBuildings, idOrenda: 56225
2025-07-06T13:48:27.940+03:00  INFO 25716 --- [buildings] [main] com.vva.buildings.Orenda                 : Building with ID 44639 not found in tabBuildings, idOrenda: 56226
2025-07-06T13:48:27.940+03:00  INFO 25716 --- [buildings] [main] com.vva.buildings.Orenda                 : Building with ID 4035 not found in tabBuildings, idOrenda: 81402
2025-07-06T13:48:27.940+03:00  INFO 25716 --- [buildings] [main] com.vva.buildings.Orenda                 : Building with ID 4024 not found in tabBuildings, idOrenda: 69270
2025-07-06T13:48:27.940+03:00  INFO 25716 --- [buildings] [main] com.vva.buildings.Orenda                 : Building with ID 0 not found in tabBuildings, idOrenda: 85290
2025-07-06T13:48:27.940+03:00  INFO 25716 --- [buildings] [main] com.vva.buildings.Orenda                 : Building with ID 4025 not found in tabBuildings, idOrenda: 85293
2025-07-06T13:48:27.940+03:00  INFO 25716 --- [buildings] [main] com.vva.buildings.Orenda                 : Building with ID 4025 not found in tabBuildings, idOrenda: 84311
2025-07-06T13:48:27.943+03:00  INFO 25716 --- [buildings] [main] com.vva.buildings.Orenda                 : Building with ID 0 not found in tabBuildings, idOrenda: 85350
2025-07-06T13:48:27.944+03:00  INFO 25716 --- [buildings] [main] com.vva.buildings.Orenda                 : Building with ID 0 not found in tabBuildings, idOrenda: 85351
2025-07-06T13:48:27.944+03:00  INFO 25716 --- [buildings] [main] com.vva.buildings.Orenda                 : Building with ID 0 not found in tabBuildings, idOrenda: 85352
2025-07-06T13:48:27.944+03:00  INFO 25716 --- [buildings] [main] com.vva.buildings.Orenda                 : Building with ID 0 not found in tabBuildings, idOrenda: 85353
2025-07-06T13:48:27.944+03:00  INFO 25716 --- [buildings] [main] com.vva.buildings.Orenda                 : Building with ID 0 not found in tabBuildings, idOrenda: 85317
2025-07-06T13:48:27.949+03:00  INFO 25716 --- [buildings] [main] com.vva.buildings.Orenda                 : ID об'єкту порожній у рядку 2463, idOrenda: 56838
2025-07-06T13:48:27.949+03:00  INFO 25716 --- [buildings] [main] com.vva.buildings.Orenda                 : ID об'єкту порожній у рядку 2464, idOrenda: 16269
2025-07-06T13:48:27.949+03:00  INFO 25716 --- [buildings] [main] com.vva.buildings.Orenda                 : ID об'єкту порожній у рядку 2465, idOrenda: 63275
2025-07-06T13:48:27.949+03:00  INFO 25716 --- [buildings] [main] com.vva.buildings.Orenda                 : ID об'єкту порожній у рядку 2466, idOrenda: 47923
2025-07-06T13:48:27.949+03:00  INFO 25716 --- [buildings] [main] com.vva.buildings.Orenda                 : ID об'єкту порожній у рядку 2467, idOrenda: 47924
2025-07-06T13:48:27.949+03:00  INFO 25716 --- [buildings] [main] com.vva.buildings.Orenda                 : ID об'єкту порожній у рядку 2468, idOrenda: 62152
2025-07-06T13:48:27.949+03:00  INFO 25716 --- [buildings] [main] com.vva.buildings.Orenda                 : ID об'єкту порожній у рядку 2470, idOrenda: 75790
2025-07-06T13:48:27.949+03:00  INFO 25716 --- [buildings] [main] com.vva.buildings.Orenda                 : Building with ID 44067 not found in tabBuildings, idOrenda: 76574
2025-07-06T13:48:27.949+03:00  INFO 25716 --- [buildings] [main] com.vva.buildings.Orenda                 : Building with ID 44067 not found in tabBuildings, idOrenda: 76569
2025-07-06T13:48:27.949+03:00  INFO 25716 --- [buildings] [main] com.vva.buildings.Orenda                 : Building with ID 44067 not found in tabBuildings, idOrenda: 83431
2025-07-06T13:48:27.950+03:00  INFO 25716 --- [buildings] [main] com.vva.buildings.Orenda                 : Building with ID 44067 not found in tabBuildings, idOrenda: 83295
2025-07-06T13:48:27.950+03:00  INFO 25716 --- [buildings] [main] com.vva.buildings.Orenda                 : Building with ID 44067 not found in tabBuildings, idOrenda: 83296
2025-07-06T13:48:27.950+03:00  INFO 25716 --- [buildings] [main] com.vva.buildings.Orenda                 : Building with ID 44067 not found in tabBuildings, idOrenda: 82869
2025-07-06T13:48:27.950+03:00  INFO 25716 --- [buildings] [main] com.vva.buildings.Orenda                 : Building with ID 44067 not found in tabBuildings, idOrenda: 83971
2025-07-06T13:48:27.950+03:00  INFO 25716 --- [buildings] [main] com.vva.buildings.Orenda                 : Building with ID 44067 not found in tabBuildings, idOrenda: 82098
2025-07-06T13:48:27.950+03:00  INFO 25716 --- [buildings] [main] com.vva.buildings.Orenda                 : ID об'єкту порожній у рядку 2479, idOrenda: 52145
2025-07-06T13:48:27.950+03:00  INFO 25716 --- [buildings] [main] com.vva.buildings.Orenda                 : ID об'єкту порожній у рядку 2480, idOrenda: 47786
2025-07-06T13:48:27.950+03:00  INFO 25716 --- [buildings] [main] com.vva.buildings.Orenda                 : ID об'єкту порожній у рядку 2481, idOrenda: 47788
2025-07-06T13:48:27.950+03:00  INFO 25716 --- [buildings] [main] com.vva.buildings.Orenda                 : ID об'єкту порожній у рядку 2482, idOrenda: 55212
2025-07-06T13:48:27.950+03:00  INFO 25716 --- [buildings] [main] com.vva.buildings.Orenda                 : ID об'єкту порожній у рядку 2483, idOrenda: 55213
2025-07-06T13:48:27.950+03:00  INFO 25716 --- [buildings] [main] com.vva.buildings.Orenda                 : ID об'єкту порожній у рядку 2484, idOrenda: 63915
2025-07-06T13:48:27.950+03:00  INFO 25716 --- [buildings] [main] com.vva.buildings.Orenda                 : ID об'єкту порожній у рядку 2485, idOrenda: 63916
2025-07-06T13:48:27.950+03:00  INFO 25716 --- [buildings] [main] com.vva.buildings.Orenda                 : ID об'єкту порожній у рядку 2486, idOrenda: 57475
2025-07-06T13:48:27.950+03:00  INFO 25716 --- [buildings] [main] com.vva.buildings.Orenda                 : ID об'єкту порожній у рядку 2487, idOrenda: 57825
2025-07-06T13:48:27.950+03:00  INFO 25716 --- [buildings] [main] com.vva.buildings.Orenda                 : ID об'єкту порожній у рядку 2488, idOrenda: 57878
2025-07-06T13:48:27.950+03:00  INFO 25716 --- [buildings] [main] com.vva.buildings.Orenda                 : ID об'єкту порожній у рядку 2489, idOrenda: 57879
2025-07-06T13:48:27.950+03:00  INFO 25716 --- [buildings] [main] com.vva.buildings.Orenda                 : Building with ID 0 not found in tabBuildings, idOrenda: 63156
2025-07-06T13:48:27.950+03:00  INFO 25716 --- [buildings] [main] com.vva.buildings.Orenda                 : ID об'єкту порожній у рядку 2491, idOrenda: 63157
2025-07-06T13:48:27.950+03:00  INFO 25716 --- [buildings] [main] com.vva.buildings.Orenda                 : ID об'єкту порожній у рядку 2492, idOrenda: 63158
2025-07-06T13:48:27.950+03:00  INFO 25716 --- [buildings] [main] com.vva.buildings.Orenda                 : ID об'єкту порожній у рядку 2493, idOrenda: 63159
2025-07-06T13:48:27.950+03:00  INFO 25716 --- [buildings] [main] com.vva.buildings.Orenda                 : ID об'єкту порожній у рядку 2494, idOrenda: 60409
2025-07-06T13:48:27.950+03:00  INFO 25716 --- [buildings] [main] com.vva.buildings.Orenda                 : ID об'єкту порожній у рядку 2495, idOrenda: 60415
2025-07-06T13:48:27.950+03:00  INFO 25716 --- [buildings] [main] com.vva.buildings.Orenda                 : ID об'єкту порожній у рядку 2496, idOrenda: 2949
2025-07-06T13:48:27.952+03:00  INFO 25716 --- [buildings] [main] com.vva.buildings.Orenda                 : ID об'єкту порожній у рядку 2508, idOrenda: 62131
2025-07-06T13:48:27.952+03:00  INFO 25716 --- [buildings] [main] com.vva.buildings.Orenda                 : ID об'єкту порожній у рядку 2509, idOrenda: 63155
2025-07-06T13:48:27.952+03:00  INFO 25716 --- [buildings] [main] com.vva.buildings.Orenda                 : ID об'єкту порожній у рядку 2510, idOrenda: 63199
2025-07-06T13:48:27.952+03:00  INFO 25716 --- [buildings] [main] com.vva.buildings.Orenda                 : ID об'єкту порожній у рядку 2511, idOrenda: 56193
2025-07-06T13:48:27.952+03:00  INFO 25716 --- [buildings] [main] com.vva.buildings.Orenda                 : ID об'єкту порожній у рядку 2512, idOrenda: 56194
2025-07-06T13:48:27.952+03:00  INFO 25716 --- [buildings] [main] com.vva.buildings.Orenda                 : ID об'єкту порожній у рядку 2513, idOrenda: 56195
2025-07-06T13:48:27.952+03:00  INFO 25716 --- [buildings] [main] com.vva.buildings.Orenda                 : ID об'єкту порожній у рядку 2514, idOrenda: 56198
2025-07-06T13:48:27.952+03:00  INFO 25716 --- [buildings] [main] com.vva.buildings.Orenda                 : ID об'єкту порожній у рядку 2515, idOrenda: 56199
2025-07-06T13:48:27.952+03:00  INFO 25716 --- [buildings] [main] com.vva.buildings.Orenda                 : ID об'єкту порожній у рядку 2516, idOrenda: 56200
2025-07-06T13:48:27.952+03:00  INFO 25716 --- [buildings] [main] com.vva.buildings.Orenda                 : ID об'єкту порожній у рядку 2517, idOrenda: 63783
2025-07-06T13:48:27.952+03:00  INFO 25716 --- [buildings] [main] com.vva.buildings.Orenda                 : ID об'єкту порожній у рядку 2518, idOrenda: 61266
2025-07-06T13:48:27.952+03:00  INFO 25716 --- [buildings] [main] com.vva.buildings.Orenda                 : ID об'єкту порожній у рядку 2519, idOrenda: 52623
2025-07-06T13:48:27.952+03:00  INFO 25716 --- [buildings] [main] com.vva.buildings.Orenda                 : ID об'єкту порожній у рядку 2520, idOrenda: 70558
2025-07-06T13:48:27.952+03:00  INFO 25716 --- [buildings] [main] com.vva.buildings.Orenda                 : ID об'єкту порожній у рядку 2521, idOrenda: 68899
2025-07-06T13:48:27.952+03:00  INFO 25716 --- [buildings] [main] com.vva.buildings.Orenda                 : ID об'єкту порожній у рядку 2522, idOrenda: 73632
2025-07-06T13:48:27.952+03:00  INFO 25716 --- [buildings] [main] com.vva.buildings.Orenda                 : ID об'єкту порожній у рядку 2523, idOrenda: 72154
2025-07-06T13:48:27.952+03:00  INFO 25716 --- [buildings] [main] com.vva.buildings.Orenda                 : ID об'єкту порожній у рядку 2524, idOrenda: 72166
2025-07-06T13:48:27.952+03:00  INFO 25716 --- [buildings] [main] com.vva.buildings.Orenda                 : ID об'єкту порожній у рядку 2525, idOrenda: 63972
2025-07-06T13:48:27.952+03:00  INFO 25716 --- [buildings] [main] com.vva.buildings.Orenda                 : ID об'єкту порожній у рядку 2526, idOrenda: 63973
2025-07-06T13:48:27.952+03:00  INFO 25716 --- [buildings] [main] com.vva.buildings.Orenda                 : ID об'єкту порожній у рядку 2527, idOrenda: 62104
2025-07-06T13:48:27.952+03:00  INFO 25716 --- [buildings] [main] com.vva.buildings.Orenda                 : Building with ID 5774 not found in tabBuildings, idOrenda: 81393
2025-07-06T13:48:27.952+03:00  INFO 25716 --- [buildings] [main] com.vva.buildings.Orenda                 : Building with ID 5774 not found in tabBuildings, idOrenda: 83107
2025-07-06T13:48:27.952+03:00  INFO 25716 --- [buildings] [main] com.vva.buildings.Orenda                 : Building with ID 5774 not found in tabBuildings, idOrenda: 83275
2025-07-06T13:48:27.952+03:00  INFO 25716 --- [buildings] [main] com.vva.buildings.Orenda                 : Building with ID 5774 not found in tabBuildings, idOrenda: 83685
2025-07-06T13:48:27.952+03:00  INFO 25716 --- [buildings] [main] com.vva.buildings.Orenda                 : Building with ID 5774 not found in tabBuildings, idOrenda: 83686
2025-07-06T13:48:27.952+03:00  INFO 25716 --- [buildings] [main] com.vva.buildings.Orenda                 : Building with ID 5774 not found in tabBuildings, idOrenda: 82984
2025-07-06T13:48:27.952+03:00  INFO 25716 --- [buildings] [main] com.vva.buildings.Orenda                 : Building with ID 5774 not found in tabBuildings, idOrenda: 82985
2025-07-06T13:48:27.952+03:00  INFO 25716 --- [buildings] [main] com.vva.buildings.Orenda                 : Building with ID 5774 not found in tabBuildings, idOrenda: 82986
2025-07-06T13:48:27.953+03:00  INFO 25716 --- [buildings] [main] com.vva.buildings.Orenda                 : Building with ID 5774 not found in tabBuildings, idOrenda: 83951
2025-07-06T13:48:27.954+03:00  INFO 25716 --- [buildings] [main] com.vva.buildings.Orenda                 : ID об'єкту порожній у рядку 2547, idOrenda: 49052
2025-07-06T13:48:27.954+03:00  INFO 25716 --- [buildings] [main] com.vva.buildings.Orenda                 : ID об'єкту порожній у рядку 2548, idOrenda: 61303
2025-07-06T13:48:27.954+03:00  INFO 25716 --- [buildings] [main] com.vva.buildings.Orenda                 : ID об'єкту порожній у рядку 2549, idOrenda: 65348
2025-07-06T13:48:27.954+03:00  INFO 25716 --- [buildings] [main] com.vva.buildings.Orenda                 : ID об'єкту порожній у рядку 2550, idOrenda: 65349
2025-07-06T13:48:27.954+03:00  INFO 25716 --- [buildings] [main] com.vva.buildings.Orenda                 : ID об'єкту порожній у рядку 2551, idOrenda: 65350
2025-07-06T13:48:27.957+03:00  INFO 25716 --- [buildings] [main] com.vva.buildings.Orenda                 : ID об'єкту порожній у рядку 2574, idOrenda: 65345
2025-07-06T13:48:27.957+03:00  INFO 25716 --- [buildings] [main] com.vva.buildings.Orenda                 : ID об'єкту порожній у рядку 2575, idOrenda: 65346
2025-07-06T13:48:27.957+03:00  INFO 25716 --- [buildings] [main] com.vva.buildings.Orenda                 : ID об'єкту порожній у рядку 2576, idOrenda: 65347
2025-07-06T13:48:27.957+03:00  INFO 25716 --- [buildings] [main] com.vva.buildings.Orenda                 : ID об'єкту порожній у рядку 2577, idOrenda: 63169
2025-07-06T13:48:27.957+03:00  INFO 25716 --- [buildings] [main] com.vva.buildings.Orenda                 : ID об'єкту порожній у рядку 2579, idOrenda: 65317
2025-07-06T13:48:27.957+03:00  INFO 25716 --- [buildings] [main] com.vva.buildings.Orenda                 : ID об'єкту порожній у рядку 2580, idOrenda: 56398
2025-07-06T13:48:27.957+03:00  INFO 25716 --- [buildings] [main] com.vva.buildings.Orenda                 : ID об'єкту порожній у рядку 2581, idOrenda: 56401
2025-07-06T13:48:27.957+03:00  INFO 25716 --- [buildings] [main] com.vva.buildings.Orenda                 : ID об'єкту порожній у рядку 2582, idOrenda: 62981
2025-07-06T13:48:27.957+03:00  INFO 25716 --- [buildings] [main] com.vva.buildings.Orenda                 : Building with ID 47012 not found in tabBuildings, idOrenda: 79876
2025-07-06T13:48:27.961+03:00  INFO 25716 --- [buildings] [main] com.vva.buildings.Orenda                 : Building with ID 0 not found in tabBuildings, idOrenda: 85359
2025-07-06T13:48:27.962+03:00  INFO 25716 --- [buildings] [main] com.vva.buildings.Orenda                 : ID об'єкту порожній у рядку 2630, idOrenda: 63937
2025-07-06T13:48:27.962+03:00  INFO 25716 --- [buildings] [main] com.vva.buildings.Orenda                 : ID об'єкту порожній у рядку 2631, idOrenda: 63897
2025-07-06T13:48:27.962+03:00  INFO 25716 --- [buildings] [main] com.vva.buildings.Orenda                 : ID об'єкту порожній у рядку 2632, idOrenda: 65342
2025-07-06T13:48:27.964+03:00  INFO 25716 --- [buildings] [main] com.vva.buildings.Orenda                 : ID об'єкту порожній у рядку 2648, idOrenda: 64847
2025-07-06T13:48:27.964+03:00  INFO 25716 --- [buildings] [main] com.vva.buildings.Orenda                 : ID об'єкту порожній у рядку 2649, idOrenda: 67742
2025-07-06T13:48:27.967+03:00  INFO 25716 --- [buildings] [main] com.vva.buildings.Orenda                 : ID об'єкту порожній у рядку 2685, idOrenda: 84170
2025-07-06T13:48:27.968+03:00  INFO 25716 --- [buildings] [main] com.vva.buildings.Orenda                 : ID об'єкту порожній у рядку 2687, idOrenda: 63200
2025-07-06T13:48:27.968+03:00  INFO 25716 --- [buildings] [main] com.vva.buildings.Orenda                 : ID об'єкту порожній у рядку 2688, idOrenda: 61114
2025-07-06T13:48:27.968+03:00  INFO 25716 --- [buildings] [main] com.vva.buildings.Orenda                 : ID об'єкту порожній у рядку 2689, idOrenda: 61115
2025-07-06T13:48:27.968+03:00  INFO 25716 --- [buildings] [main] com.vva.buildings.Orenda                 : ID об'єкту порожній у рядку 2690, idOrenda: 61117
2025-07-06T13:48:27.968+03:00  INFO 25716 --- [buildings] [main] com.vva.buildings.Orenda                 : ID об'єкту порожній у рядку 2691, idOrenda: 61118
2025-07-06T13:48:27.968+03:00  INFO 25716 --- [buildings] [main] com.vva.buildings.Orenda                 : ID об'єкту порожній у рядку 2692, idOrenda: 61119
2025-07-06T13:48:27.968+03:00  INFO 25716 --- [buildings] [main] com.vva.buildings.Orenda                 : ID об'єкту порожній у рядку 2693, idOrenda: 63919
2025-07-06T13:48:27.968+03:00  INFO 25716 --- [buildings] [main] com.vva.buildings.Orenda                 : ID об'єкту порожній у рядку 2694, idOrenda: 63920
2025-07-06T13:48:27.968+03:00  INFO 25716 --- [buildings] [main] com.vva.buildings.Orenda                 : ID об'єкту порожній у рядку 2695, idOrenda: 63921
2025-07-06T13:48:27.968+03:00  INFO 25716 --- [buildings] [main] com.vva.buildings.Orenda                 : ID об'єкту порожній у рядку 2696, idOrenda: 63922
2025-07-06T13:48:27.968+03:00  INFO 25716 --- [buildings] [main] com.vva.buildings.Orenda                 : ID об'єкту порожній у рядку 2697, idOrenda: 63923
2025-07-06T13:48:27.968+03:00  INFO 25716 --- [buildings] [main] com.vva.buildings.Orenda                 : ID об'єкту порожній у рядку 2701, idOrenda: 50801
2025-07-06T13:48:27.968+03:00  INFO 25716 --- [buildings] [main] com.vva.buildings.Orenda                 : ID об'єкту порожній у рядку 2702, idOrenda: 63054
2025-07-06T13:48:27.968+03:00  INFO 25716 --- [buildings] [main] com.vva.buildings.Orenda                 : ID об'єкту порожній у рядку 2703, idOrenda: 63055
2025-07-06T13:48:27.968+03:00  INFO 25716 --- [buildings] [main] com.vva.buildings.Orenda                 : ID об'єкту порожній у рядку 2704, idOrenda: 63056
2025-07-06T13:48:27.968+03:00  INFO 25716 --- [buildings] [main] com.vva.buildings.Orenda                 : ID об'єкту порожній у рядку 2705, idOrenda: 63057
2025-07-06T13:48:27.968+03:00  INFO 25716 --- [buildings] [main] com.vva.buildings.Orenda                 : ID об'єкту порожній у рядку 2706, idOrenda: 63058
2025-07-06T13:48:27.968+03:00  INFO 25716 --- [buildings] [main] com.vva.buildings.Orenda                 : ID об'єкту порожній у рядку 2707, idOrenda: 63059
2025-07-06T13:48:27.968+03:00  INFO 25716 --- [buildings] [main] com.vva.buildings.Orenda                 : ID об'єкту порожній у рядку 2708, idOrenda: 64036
2025-07-06T13:48:27.968+03:00  INFO 25716 --- [buildings] [main] com.vva.buildings.Orenda                 : ID об'єкту порожній у рядку 2709, idOrenda: 55700
2025-07-06T13:48:27.969+03:00  INFO 25716 --- [buildings] [main] com.vva.buildings.Orenda                 : ID об'єкту порожній у рядку 2710, idOrenda: 55701
2025-07-06T13:48:27.969+03:00  INFO 25716 --- [buildings] [main] com.vva.buildings.Orenda                 : ID об'єкту порожній у рядку 2711, idOrenda: 55702
2025-07-06T13:48:27.969+03:00  INFO 25716 --- [buildings] [main] com.vva.buildings.Orenda                 : ID об'єкту порожній у рядку 2712, idOrenda: 38193
2025-07-06T13:48:27.969+03:00  INFO 25716 --- [buildings] [main] com.vva.buildings.Orenda                 : ID об'єкту порожній у рядку 2714, idOrenda: 63896
2025-07-06T13:48:27.970+03:00  INFO 25716 --- [buildings] [main] com.vva.buildings.Orenda                 : ID об'єкту порожній у рядку 2721, idOrenda: 56236
2025-07-06T13:48:27.970+03:00  INFO 25716 --- [buildings] [main] com.vva.buildings.Orenda                 : ID об'єкту порожній у рядку 2722, idOrenda: 60776
2025-07-06T13:48:27.970+03:00  INFO 25716 --- [buildings] [main] com.vva.buildings.Orenda                 : ID об'єкту порожній у рядку 2723, idOrenda: 63269
2025-07-06T13:48:27.970+03:00  INFO 25716 --- [buildings] [main] com.vva.buildings.Orenda                 : ID об'єкту порожній у рядку 2724, idOrenda: 63270
2025-07-06T13:48:27.970+03:00  INFO 25716 --- [buildings] [main] com.vva.buildings.Orenda                 : ID об'єкту порожній у рядку 2725, idOrenda: 63271
2025-07-06T13:48:27.970+03:00  INFO 25716 --- [buildings] [main] com.vva.buildings.Orenda                 : ID об'єкту порожній у рядку 2726, idOrenda: 63272
2025-07-06T13:48:27.970+03:00  INFO 25716 --- [buildings] [main] com.vva.buildings.Orenda                 : ID об'єкту порожній у рядку 2727, idOrenda: 63901
2025-07-06T13:48:27.970+03:00  INFO 25716 --- [buildings] [main] com.vva.buildings.Orenda                 : Building with ID 17467 not found in tabBuildings, idOrenda: 84551
2025-07-06T13:48:27.970+03:00  INFO 25716 --- [buildings] [main] com.vva.buildings.Orenda                 : Building with ID 4106 not found in tabBuildings, idOrenda: 78943
2025-07-06T13:48:27.970+03:00  INFO 25716 --- [buildings] [main] com.vva.buildings.Orenda                 : Building with ID 4106 not found in tabBuildings, idOrenda: 78944
2025-07-06T13:48:27.970+03:00  INFO 25716 --- [buildings] [main] com.vva.buildings.Orenda                 : Building with ID 4105 not found in tabBuildings, idOrenda: 73617
2025-07-06T13:48:27.970+03:00  INFO 25716 --- [buildings] [main] com.vva.buildings.Orenda                 : Building with ID 4106 not found in tabBuildings, idOrenda: 77025
2025-07-06T13:48:27.970+03:00  INFO 25716 --- [buildings] [main] com.vva.buildings.Orenda                 : Building with ID 4106 not found in tabBuildings, idOrenda: 77532
2025-07-06T13:48:27.970+03:00  INFO 25716 --- [buildings] [main] com.vva.buildings.Orenda                 : Building with ID 4106 not found in tabBuildings, idOrenda: 75865
2025-07-06T13:48:27.970+03:00  INFO 25716 --- [buildings] [main] com.vva.buildings.Orenda                 : Building with ID 4106 not found in tabBuildings, idOrenda: 75867
2025-07-06T13:48:27.970+03:00  INFO 25716 --- [buildings] [main] com.vva.buildings.Orenda                 : Building with ID 0 not found in tabBuildings, idOrenda: 82448
2025-07-06T13:48:27.970+03:00  INFO 25716 --- [buildings] [main] com.vva.buildings.Orenda                 : Building with ID 0 not found in tabBuildings, idOrenda: 82449
2025-07-06T13:48:27.972+03:00  INFO 25716 --- [buildings] [main] com.vva.buildings.Orenda                 : Building with ID 0 not found in tabBuildings, idOrenda: 85183
2025-07-06T13:48:27.972+03:00  INFO 25716 --- [buildings] [main] com.vva.buildings.Orenda                 : Building with ID 0 not found in tabBuildings, idOrenda: 85184
2025-07-06T13:48:27.975+03:00  INFO 25716 --- [buildings] [main] com.vva.buildings.Orenda                 : Building with ID 59353 not found in tabBuildings, idOrenda: 34703
2025-07-06T13:48:27.975+03:00  INFO 25716 --- [buildings] [main] com.vva.buildings.Orenda                 : Building with ID 26948 not found in tabBuildings, idOrenda: 34771
2025-07-06T13:48:27.975+03:00  INFO 25716 --- [buildings] [main] com.vva.buildings.Orenda                 : Building with ID 2594 not found in tabBuildings, idOrenda: 84624
2025-07-06T13:48:27.975+03:00  INFO 25716 --- [buildings] [main] com.vva.buildings.Orenda                 : Building with ID 16173 not found in tabBuildings, idOrenda: 50453
2025-07-06T13:48:27.975+03:00  INFO 25716 --- [buildings] [main] com.vva.buildings.Orenda                 : Building with ID 26927 not found in tabBuildings, idOrenda: 31237
2025-07-06T13:48:27.975+03:00  INFO 25716 --- [buildings] [main] com.vva.buildings.Orenda                 : Building with ID 16174 not found in tabBuildings, idOrenda: 78330
2025-07-06T13:48:27.975+03:00  INFO 25716 --- [buildings] [main] com.vva.buildings.Orenda                 : ID об'єкту порожній у рядку 2787, idOrenda: 71365
2025-07-06T13:48:27.975+03:00  INFO 25716 --- [buildings] [main] com.vva.buildings.Orenda                 : Building with ID 16173 not found in tabBuildings, idOrenda: 5549
2025-07-06T13:48:27.975+03:00  INFO 25716 --- [buildings] [main] com.vva.buildings.Orenda                 : Building with ID 1938 not found in tabBuildings, idOrenda: 79392
2025-07-06T13:48:27.975+03:00  INFO 25716 --- [buildings] [main] com.vva.buildings.Orenda                 : Building with ID 1938 not found in tabBuildings, idOrenda: 70182
2025-07-06T13:48:27.975+03:00  INFO 25716 --- [buildings] [main] com.vva.buildings.Orenda                 : ID об'єкту порожній у рядку 2791, idOrenda: 68818
2025-07-06T13:48:27.975+03:00  INFO 25716 --- [buildings] [main] com.vva.buildings.Orenda                 : ID об'єкту порожній у рядку 2792, idOrenda: 68836
2025-07-06T13:48:27.975+03:00  INFO 25716 --- [buildings] [main] com.vva.buildings.Orenda                 : Building with ID 2444 not found in tabBuildings, idOrenda: 74328
2025-07-06T13:48:27.975+03:00  INFO 25716 --- [buildings] [main] com.vva.buildings.Orenda                 : Building with ID 59351 not found in tabBuildings, idOrenda: 78547
2025-07-06T13:48:27.975+03:00  INFO 25716 --- [buildings] [main] com.vva.buildings.Orenda                 : Building with ID 16164 not found in tabBuildings, idOrenda: 83186
2025-07-06T13:48:27.975+03:00  INFO 25716 --- [buildings] [main] com.vva.buildings.Orenda                 : Building with ID 16173 not found in tabBuildings, idOrenda: 83019
2025-07-06T13:48:27.975+03:00  INFO 25716 --- [buildings] [main] com.vva.buildings.Orenda                 : Building with ID 2083 not found in tabBuildings, idOrenda: 83020
2025-07-06T13:48:27.975+03:00  INFO 25716 --- [buildings] [main] com.vva.buildings.Orenda                 : Building with ID 59351 not found in tabBuildings, idOrenda: 83022
2025-07-06T13:48:27.975+03:00  INFO 25716 --- [buildings] [main] com.vva.buildings.Orenda                 : Building with ID 21520 not found in tabBuildings, idOrenda: 83023
2025-07-06T13:48:27.975+03:00  INFO 25716 --- [buildings] [main] com.vva.buildings.Orenda                 : Building with ID 1923 not found in tabBuildings, idOrenda: 83030
2025-07-06T13:48:27.976+03:00  INFO 25716 --- [buildings] [main] com.vva.buildings.Orenda                 : Building with ID 59353 not found in tabBuildings, idOrenda: 83031
2025-07-06T13:48:27.976+03:00  INFO 25716 --- [buildings] [main] com.vva.buildings.Orenda                 : Building with ID 16173 not found in tabBuildings, idOrenda: 83032
2025-07-06T13:48:27.976+03:00  INFO 25716 --- [buildings] [main] com.vva.buildings.Orenda                 : Building with ID 16164 not found in tabBuildings, idOrenda: 73970
2025-07-06T13:48:27.976+03:00  INFO 25716 --- [buildings] [main] com.vva.buildings.Orenda                 : Building with ID 2376 not found in tabBuildings, idOrenda: 83859
2025-07-06T13:48:27.976+03:00  INFO 25716 --- [buildings] [main] com.vva.buildings.Orenda                 : Building with ID 59353 not found in tabBuildings, idOrenda: 79110
2025-07-06T13:48:27.976+03:00  INFO 25716 --- [buildings] [main] com.vva.buildings.Orenda                 : Building with ID 2311 not found in tabBuildings, idOrenda: 82275
2025-07-06T13:48:27.976+03:00  INFO 25716 --- [buildings] [main] com.vva.buildings.Orenda                 : Building with ID 1948 not found in tabBuildings, idOrenda: 82298
2025-07-06T13:48:27.976+03:00  INFO 25716 --- [buildings] [main] com.vva.buildings.Orenda                 : Building with ID 59351 not found in tabBuildings, idOrenda: 82299
2025-07-06T13:48:27.976+03:00  INFO 25716 --- [buildings] [main] com.vva.buildings.Orenda                 : Building with ID 16179 not found in tabBuildings, idOrenda: 82300
2025-07-06T13:48:27.976+03:00  INFO 25716 --- [buildings] [main] com.vva.buildings.Orenda                 : Building with ID 26948 not found in tabBuildings, idOrenda: 82301
2025-07-06T13:48:27.976+03:00  INFO 25716 --- [buildings] [main] com.vva.buildings.Orenda                 : Building with ID 16173 not found in tabBuildings, idOrenda: 82302
2025-07-06T13:48:27.976+03:00  INFO 25716 --- [buildings] [main] com.vva.buildings.Orenda                 : Building with ID 59353 not found in tabBuildings, idOrenda: 82304
2025-07-06T13:48:27.976+03:00  INFO 25716 --- [buildings] [main] com.vva.buildings.Orenda                 : Building with ID 1974 not found in tabBuildings, idOrenda: 82035
2025-07-06T13:48:27.976+03:00  INFO 25716 --- [buildings] [main] com.vva.buildings.Orenda                 : Building with ID 59351 not found in tabBuildings, idOrenda: 81901
2025-07-06T13:48:27.976+03:00  INFO 25716 --- [buildings] [main] com.vva.buildings.Orenda                 : Building with ID 59353 not found in tabBuildings, idOrenda: 81075
2025-07-06T13:48:27.976+03:00  INFO 25716 --- [buildings] [main] com.vva.buildings.Orenda                 : Building with ID 1795 not found in tabBuildings, idOrenda: 81076
2025-07-06T13:48:27.976+03:00  INFO 25716 --- [buildings] [main] com.vva.buildings.Orenda                 : Building with ID 59351 not found in tabBuildings, idOrenda: 81081
2025-07-06T13:48:27.976+03:00  INFO 25716 --- [buildings] [main] com.vva.buildings.Orenda                 : Building with ID 26927 not found in tabBuildings, idOrenda: 78066
2025-07-06T13:48:27.976+03:00  INFO 25716 --- [buildings] [main] com.vva.buildings.Orenda                 : Building with ID 59351 not found in tabBuildings, idOrenda: 68984
2025-07-06T13:48:27.976+03:00  INFO 25716 --- [buildings] [main] com.vva.buildings.Orenda                 : ID об'єкту порожній у рядку 2820, idOrenda: 68985
2025-07-06T13:48:27.976+03:00  INFO 25716 --- [buildings] [main] com.vva.buildings.Orenda                 : ID об'єкту порожній у рядку 2821, idOrenda: 68987
2025-07-06T13:48:27.976+03:00  INFO 25716 --- [buildings] [main] com.vva.buildings.Orenda                 : Building with ID 59351 not found in tabBuildings, idOrenda: 68997
2025-07-06T13:48:27.976+03:00  INFO 25716 --- [buildings] [main] com.vva.buildings.Orenda                 : Building with ID 2444 not found in tabBuildings, idOrenda: 69014
2025-07-06T13:48:27.976+03:00  INFO 25716 --- [buildings] [main] com.vva.buildings.Orenda                 : ID об'єкту порожній у рядку 2824, idOrenda: 69029
2025-07-06T13:48:27.976+03:00  INFO 25716 --- [buildings] [main] com.vva.buildings.Orenda                 : Building with ID 59947 not found in tabBuildings, idOrenda: 83817
2025-07-06T13:48:27.977+03:00  INFO 25716 --- [buildings] [main] com.vva.buildings.Orenda                 : Building with ID 59947 not found in tabBuildings, idOrenda: 83062
2025-07-06T13:48:27.977+03:00  INFO 25716 --- [buildings] [main] com.vva.buildings.Orenda                 : Building with ID 59947 not found in tabBuildings, idOrenda: 83066
2025-07-06T13:48:27.977+03:00  INFO 25716 --- [buildings] [main] com.vva.buildings.Orenda                 : Building with ID 59947 not found in tabBuildings, idOrenda: 82776
2025-07-06T13:48:27.977+03:00  INFO 25716 --- [buildings] [main] com.vva.buildings.Orenda                 : ID об'єкту порожній у рядку 2832, idOrenda: 75785
2025-07-06T13:48:27.977+03:00  INFO 25716 --- [buildings] [main] com.vva.buildings.Orenda                 : ID об'єкту порожній у рядку 2833, idOrenda: 75759
2025-07-06T13:48:27.977+03:00  INFO 25716 --- [buildings] [main] com.vva.buildings.Orenda                 : ID об'єкту порожній у рядку 2834, idOrenda: 75761
2025-07-06T13:48:27.977+03:00  INFO 25716 --- [buildings] [main] com.vva.buildings.Orenda                 : ID об'єкту порожній у рядку 2835, idOrenda: 75762
2025-07-06T13:48:27.977+03:00  INFO 25716 --- [buildings] [main] com.vva.buildings.Orenda                 : ID об'єкту порожній у рядку 2836, idOrenda: 75763
2025-07-06T13:48:27.977+03:00  INFO 25716 --- [buildings] [main] com.vva.buildings.Orenda                 : ID об'єкту порожній у рядку 2837, idOrenda: 75764
2025-07-06T13:48:27.977+03:00  INFO 25716 --- [buildings] [main] com.vva.buildings.Orenda                 : ID об'єкту порожній у рядку 2838, idOrenda: 75766
2025-07-06T13:48:27.977+03:00  INFO 25716 --- [buildings] [main] com.vva.buildings.Orenda                 : ID об'єкту порожній у рядку 2839, idOrenda: 75767
2025-07-06T13:48:27.977+03:00  INFO 25716 --- [buildings] [main] com.vva.buildings.Orenda                 : ID об'єкту порожній у рядку 2840, idOrenda: 75768
2025-07-06T13:48:27.977+03:00  INFO 25716 --- [buildings] [main] com.vva.buildings.Orenda                 : ID об'єкту порожній у рядку 2841, idOrenda: 75769
2025-07-06T13:48:27.977+03:00  INFO 25716 --- [buildings] [main] com.vva.buildings.Orenda                 : ID об'єкту порожній у рядку 2842, idOrenda: 75770
2025-07-06T13:48:27.977+03:00  INFO 25716 --- [buildings] [main] com.vva.buildings.Orenda                 : Building with ID 0 not found in tabBuildings, idOrenda: 68454
2025-07-06T13:48:27.978+03:00  INFO 25716 --- [buildings] [main] com.vva.buildings.Orenda                 : ID об'єкту порожній у рядку 2848, idOrenda: 47053
2025-07-06T13:48:27.979+03:00  INFO 25716 --- [buildings] [main] com.vva.buildings.Orenda                 : ID об'єкту порожній у рядку 2862, idOrenda: 65374
2025-07-06T13:48:27.979+03:00  INFO 25716 --- [buildings] [main] com.vva.buildings.Orenda                 : ID об'єкту порожній у рядку 2863, idOrenda: 76481
2025-07-06T13:48:27.979+03:00  INFO 25716 --- [buildings] [main] com.vva.buildings.Orenda                 : ID об'єкту порожній у рядку 2864, idOrenda: 76484
2025-07-06T13:48:27.981+03:00  INFO 25716 --- [buildings] [main] com.vva.buildings.Orenda                 : ID об'єкту порожній у рядку 2882, idOrenda: 71538
2025-07-06T13:48:27.981+03:00  INFO 25716 --- [buildings] [main] com.vva.buildings.Orenda                 : ID об'єкту порожній у рядку 2883, idOrenda: 71584
2025-07-06T13:48:27.982+03:00  INFO 25716 --- [buildings] [main] com.vva.buildings.Orenda                 : Building with ID 5616 not found in tabBuildings, idOrenda: 75514
2025-07-06T13:48:27.982+03:00  INFO 25716 --- [buildings] [main] com.vva.buildings.Orenda                 : Building with ID 5616 not found in tabBuildings, idOrenda: 75516
2025-07-06T13:48:27.982+03:00  INFO 25716 --- [buildings] [main] com.vva.buildings.Orenda                 : ID об'єкту порожній у рядку 2891, idOrenda: 61096
2025-07-06T13:48:27.983+03:00  INFO 25716 --- [buildings] [main] com.vva.buildings.Orenda                 : ID об'єкту порожній у рядку 2897, idOrenda: 61551
2025-07-06T13:48:27.983+03:00  INFO 25716 --- [buildings] [main] com.vva.buildings.Orenda                 : Building with ID 0 not found in tabBuildings, idOrenda: 66527
2025-07-06T13:48:27.983+03:00  INFO 25716 --- [buildings] [main] com.vva.buildings.Orenda                 : ID об'єкту порожній у рядку 2899, idOrenda: 70927
2025-07-06T13:48:27.983+03:00  INFO 25716 --- [buildings] [main] com.vva.buildings.Orenda                 : ID об'єкту порожній у рядку 2900, idOrenda: 70845
2025-07-06T13:48:27.983+03:00  INFO 25716 --- [buildings] [main] com.vva.buildings.Orenda                 : ID об'єкту порожній у рядку 2901, idOrenda: 70984
2025-07-06T13:48:27.983+03:00  INFO 25716 --- [buildings] [main] com.vva.buildings.Orenda                 : ID об'єкту порожній у рядку 2903, idOrenda: 70988
2025-07-06T13:48:27.983+03:00  INFO 25716 --- [buildings] [main] com.vva.buildings.Orenda                 : Building with ID 0 not found in tabBuildings, idOrenda: 85400
2025-07-06T13:48:27.983+03:00  INFO 25716 --- [buildings] [main] com.vva.buildings.Orenda                 : ID об'єкту порожній у рядку 2909, idOrenda: 74396
2025-07-06T13:48:27.983+03:00  INFO 25716 --- [buildings] [main] com.vva.buildings.Orenda                 : Building with ID 54967 not found in tabBuildings, idOrenda: 74508
2025-07-06T13:48:27.983+03:00  INFO 25716 --- [buildings] [main] com.vva.buildings.Orenda                 : ID об'єкту порожній у рядку 2911, idOrenda: 84095
2025-07-06T13:48:27.985+03:00  INFO 25716 --- [buildings] [main] com.vva.buildings.Orenda                 : ID об'єкту порожній у рядку 2929, idOrenda: 72045
2025-07-06T13:48:27.985+03:00  INFO 25716 --- [buildings] [main] com.vva.buildings.Orenda                 : ID об'єкту порожній у рядку 2931, idOrenda: 72048
2025-07-06T13:48:27.986+03:00  INFO 25716 --- [buildings] [main] com.vva.buildings.Orenda                 : Building with ID 0 not found in tabBuildings, idOrenda: 80875
2025-07-06T13:48:27.988+03:00  INFO 25716 --- [buildings] [main] com.vva.buildings.Orenda                 : Building with ID 49055 not found in tabBuildings, idOrenda: 80058
2025-07-06T13:48:27.991+03:00  INFO 25716 --- [buildings] [main] com.vva.buildings.Orenda                 : Building with ID 49145 not found in tabBuildings, idOrenda: 77840
2025-07-06T13:48:27.994+03:00  INFO 25716 --- [buildings] [main] com.vva.buildings.Orenda                 : ID об'єкту порожній у рядку 3011, idOrenda: 84968
2025-07-06T13:48:27.998+03:00  INFO 25716 --- [buildings] [main] com.vva.buildings.Orenda                 : ID об'єкту порожній у рядку 3046, idOrenda: 56489
2025-07-06T13:48:28.002+03:00  INFO 25716 --- [buildings] [main] com.vva.buildings.Orenda                 : Building with ID 49796 not found in tabBuildings, idOrenda: 46974
2025-07-06T13:48:28.007+03:00  INFO 25716 --- [buildings] [main] com.vva.buildings.Orenda                 : ID об'єкту порожній у рядку 3128, idOrenda: 63107
2025-07-06T13:48:28.007+03:00  INFO 25716 --- [buildings] [main] com.vva.buildings.Orenda                 : ID об'єкту порожній у рядку 3129, idOrenda: 46872
2025-07-06T13:48:28.007+03:00  INFO 25716 --- [buildings] [main] com.vva.buildings.Orenda                 : ID об'єкту порожній у рядку 3130, idOrenda: 54209
2025-07-06T13:48:28.007+03:00  INFO 25716 --- [buildings] [main] com.vva.buildings.Orenda                 : Building with ID 3166 not found in tabBuildings, idOrenda: 80545
2025-07-06T13:48:28.007+03:00  INFO 25716 --- [buildings] [main] com.vva.buildings.Orenda                 : ID об'єкту порожній у рядку 3137, idOrenda: 72785
2025-07-06T13:48:28.007+03:00  INFO 25716 --- [buildings] [main] com.vva.buildings.Orenda                 : ID об'єкту порожній у рядку 3138, idOrenda: 72803
2025-07-06T13:48:28.007+03:00  INFO 25716 --- [buildings] [main] com.vva.buildings.Orenda                 : ID об'єкту порожній у рядку 3139, idOrenda: 72769
2025-07-06T13:48:28.007+03:00  INFO 25716 --- [buildings] [main] com.vva.buildings.Orenda                 : ID об'єкту порожній у рядку 3140, idOrenda: 72772
2025-07-06T13:48:28.007+03:00  INFO 25716 --- [buildings] [main] com.vva.buildings.Orenda                 : ID об'єкту порожній у рядку 3141, idOrenda: 72765
2025-07-06T13:48:28.008+03:00  INFO 25716 --- [buildings] [main] com.vva.buildings.Orenda                 : ID об'єкту порожній у рядку 3142, idOrenda: 65996
2025-07-06T13:48:28.008+03:00  INFO 25716 --- [buildings] [main] com.vva.buildings.Orenda                 : ID об'єкту порожній у рядку 3143, idOrenda: 46668
2025-07-06T13:48:28.008+03:00  INFO 25716 --- [buildings] [main] com.vva.buildings.Orenda                 : ID об'єкту порожній у рядку 3144, idOrenda: 69213
2025-07-06T13:48:28.008+03:00  INFO 25716 --- [buildings] [main] com.vva.buildings.Orenda                 : ID об'єкту порожній у рядку 3145, idOrenda: 69215
2025-07-06T13:48:28.008+03:00  INFO 25716 --- [buildings] [main] com.vva.buildings.Orenda                 : ID об'єкту порожній у рядку 3146, idOrenda: 72773
2025-07-06T13:48:28.008+03:00  INFO 25716 --- [buildings] [main] com.vva.buildings.Orenda                 : ID об'єкту порожній у рядку 3147, idOrenda: 72780
2025-07-06T13:48:28.008+03:00  INFO 25716 --- [buildings] [main] com.vva.buildings.Orenda                 : ID об'єкту порожній у рядку 3153, idOrenda: 73877
2025-07-06T13:48:28.008+03:00  INFO 25716 --- [buildings] [main] com.vva.buildings.Orenda                 : ID об'єкту порожній у рядку 3154, idOrenda: 65328
2025-07-06T13:48:28.008+03:00  INFO 25716 --- [buildings] [main] com.vva.buildings.Orenda                 : ID об'єкту порожній у рядку 3155, idOrenda: 65329
2025-07-06T13:48:28.009+03:00  INFO 25716 --- [buildings] [main] com.vva.buildings.Orenda                 : ID об'єкту порожній у рядку 3156, idOrenda: 63207
2025-07-06T13:48:28.009+03:00  INFO 25716 --- [buildings] [main] com.vva.buildings.Orenda                 : ID об'єкту порожній у рядку 3157, idOrenda: 55148
2025-07-06T13:48:28.009+03:00  INFO 25716 --- [buildings] [main] com.vva.buildings.Orenda                 : ID об'єкту порожній у рядку 3158, idOrenda: 63670
2025-07-06T13:48:28.009+03:00  INFO 25716 --- [buildings] [main] com.vva.buildings.Orenda                 : ID об'єкту порожній у рядку 3159, idOrenda: 63690
2025-07-06T13:48:28.009+03:00  INFO 25716 --- [buildings] [main] com.vva.buildings.Orenda                 : ID об'єкту порожній у рядку 3160, idOrenda: 63691
2025-07-06T13:48:28.009+03:00  INFO 25716 --- [buildings] [main] com.vva.buildings.Orenda                 : ID об'єкту порожній у рядку 3161, idOrenda: 61100
2025-07-06T13:48:28.009+03:00  INFO 25716 --- [buildings] [main] com.vva.buildings.Orenda                 : ID об'єкту порожній у рядку 3162, idOrenda: 63982
2025-07-06T13:48:28.009+03:00  INFO 25716 --- [buildings] [main] com.vva.buildings.Orenda                 : ID об'єкту порожній у рядку 3163, idOrenda: 63983
2025-07-06T13:48:28.009+03:00  INFO 25716 --- [buildings] [main] com.vva.buildings.Orenda                 : ID об'єкту порожній у рядку 3164, idOrenda: 63204
2025-07-06T13:48:28.009+03:00  INFO 25716 --- [buildings] [main] com.vva.buildings.Orenda                 : ID об'єкту порожній у рядку 3166, idOrenda: 74191
2025-07-06T13:48:28.009+03:00  INFO 25716 --- [buildings] [main] com.vva.buildings.Orenda                 : ID об'єкту порожній у рядку 3167, idOrenda: 74192
2025-07-06T13:48:28.009+03:00  INFO 25716 --- [buildings] [main] com.vva.buildings.Orenda                 : ID об'єкту порожній у рядку 3168, idOrenda: 74193
2025-07-06T13:48:28.010+03:00  INFO 25716 --- [buildings] [main] com.vva.buildings.Orenda                 : Building with ID 0 not found in tabBuildings, idOrenda: 85295
2025-07-06T13:48:28.010+03:00  INFO 25716 --- [buildings] [main] com.vva.buildings.Orenda                 : ID об'єкту порожній у рядку 3175, idOrenda: 61645
2025-07-06T13:48:28.011+03:00  INFO 25716 --- [buildings] [main] com.vva.buildings.Orenda                 : Building with ID 0 not found in tabBuildings, idOrenda: 83841
2025-07-06T13:48:28.011+03:00  INFO 25716 --- [buildings] [main] com.vva.buildings.Orenda                 : Building with ID 0 not found in tabBuildings, idOrenda: 82750
2025-07-06T13:48:28.012+03:00  INFO 25716 --- [buildings] [main] com.vva.buildings.Orenda                 : Building with ID 0 not found in tabBuildings, idOrenda: 83494
2025-07-06T13:48:28.013+03:00  INFO 25716 --- [buildings] [main] com.vva.buildings.Orenda                 : Building with ID 14633 not found in tabBuildings, idOrenda: 77120
2025-07-06T13:48:28.014+03:00  INFO 25716 --- [buildings] [main] com.vva.buildings.Orenda                 : ID об'єкту порожній у рядку 3217, idOrenda: 43199
2025-07-06T13:48:28.015+03:00  INFO 25716 --- [buildings] [main] com.vva.buildings.Orenda                 : ID об'єкту порожній у рядку 3231, idOrenda: 77210
2025-07-06T13:48:28.030+03:00  INFO 25716 --- [buildings] [main] com.vva.buildings.Orenda                 : Building with ID 16080 not found in tabBuildings, idOrenda: 74172
2025-07-06T13:48:28.031+03:00  INFO 25716 --- [buildings] [main] com.vva.buildings.Orenda                 : Building with ID 16131 not found in tabBuildings, idOrenda: 53692
2025-07-06T13:48:28.037+03:00  INFO 25716 --- [buildings] [main] com.vva.buildings.Orenda                 : Building with ID 0 not found in tabBuildings, idOrenda: 80460
2025-07-06T13:48:28.037+03:00  INFO 25716 --- [buildings] [main] com.vva.buildings.Orenda                 : Building with ID 0 not found in tabBuildings, idOrenda: 80461
2025-07-06T13:48:28.038+03:00  INFO 25716 --- [buildings] [main] com.vva.buildings.Orenda                 : ID об'єкту порожній у рядку 3422, idOrenda: 79058
2025-07-06T13:48:28.038+03:00  INFO 25716 --- [buildings] [main] com.vva.buildings.Orenda                 : ID об'єкту порожній у рядку 3429, idOrenda: 77187
2025-07-06T13:48:28.038+03:00  INFO 25716 --- [buildings] [main] com.vva.buildings.Orenda                 : ID об'єкту порожній у рядку 3430, idOrenda: 79589
2025-07-06T13:48:28.038+03:00  INFO 25716 --- [buildings] [main] com.vva.buildings.Orenda                 : ID об'єкту порожній у рядку 3431, idOrenda: 79590
2025-07-06T13:48:28.038+03:00  INFO 25716 --- [buildings] [main] com.vva.buildings.Orenda                 : ID об'єкту порожній у рядку 3432, idOrenda: 79591
2025-07-06T13:48:28.039+03:00  INFO 25716 --- [buildings] [main] com.vva.buildings.Orenda                 : Building with ID 0 not found in tabBuildings, idOrenda: 70540
2025-07-06T13:48:28.039+03:00  INFO 25716 --- [buildings] [main] com.vva.buildings.Orenda                 : ID об'єкту порожній у рядку 3434, idOrenda: 78412
2025-07-06T13:48:28.039+03:00  INFO 25716 --- [buildings] [main] com.vva.buildings.Orenda                 : Building with ID 0 not found in tabBuildings, idOrenda: 69351
2025-07-06T13:48:28.039+03:00  INFO 25716 --- [buildings] [main] com.vva.buildings.Orenda                 : ID об'єкту порожній у рядку 3436, idOrenda: 69352
2025-07-06T13:48:28.039+03:00  INFO 25716 --- [buildings] [main] com.vva.buildings.Orenda                 : Building with ID 0 not found in tabBuildings, idOrenda: 69347
2025-07-06T13:48:28.039+03:00  INFO 25716 --- [buildings] [main] com.vva.buildings.Orenda                 : Building with ID 0 not found in tabBuildings, idOrenda: 62407
2025-07-06T13:48:28.039+03:00  INFO 25716 --- [buildings] [main] com.vva.buildings.Orenda                 : ID об'єкту порожній у рядку 3442, idOrenda: 69359
2025-07-06T13:48:28.039+03:00  INFO 25716 --- [buildings] [main] com.vva.buildings.Orenda                 : ID об'єкту порожній у рядку 3443, idOrenda: 69360
2025-07-06T13:48:28.039+03:00  INFO 25716 --- [buildings] [main] com.vva.buildings.Orenda                 : ID об'єкту порожній у рядку 3444, idOrenda: 69361
2025-07-06T13:48:28.039+03:00  INFO 25716 --- [buildings] [main] com.vva.buildings.Orenda                 : ID об'єкту порожній у рядку 3445, idOrenda: 62015
2025-07-06T13:48:28.042+03:00  INFO 25716 --- [buildings] [main] com.vva.buildings.Orenda                 : Building with ID 48236 not found in tabBuildings, idOrenda: 67476
2025-07-06T13:48:28.079+03:00  INFO 25716 --- [buildings] [main] com.vva.buildings.Orenda                 : Building with ID 48012 not found in tabBuildings, idOrenda: 80652
2025-07-06T13:48:28.082+03:00  INFO 25716 --- [buildings] [main] com.vva.buildings.Orenda                 : ID об'єкту порожній у рядку 3793, idOrenda: 72135
2025-07-06T13:48:28.083+03:00  INFO 25716 --- [buildings] [main] com.vva.buildings.Orenda                 : ID об'єкту порожній у рядку 3800, idOrenda: 75241
2025-07-06T13:48:28.100+03:00  INFO 25716 --- [buildings] [main] com.vva.buildings.Orenda                 : ID об'єкту порожній у рядку 3961, idOrenda: 79336
2025-07-06T13:48:28.104+03:00  INFO 25716 --- [buildings] [main] com.vva.buildings.Orenda                 : Building with ID 0 not found in tabBuildings, idOrenda: 85357
2025-07-06T13:48:28.106+03:00  INFO 25716 --- [buildings] [main] com.vva.buildings.Orenda                 : Building with ID 0 not found in tabBuildings, idOrenda: 85052
2025-07-06T13:48:28.106+03:00  INFO 25716 --- [buildings] [main] com.vva.buildings.Orenda                 : Building with ID 0 not found in tabBuildings, idOrenda: 73185
2025-07-06T13:48:28.106+03:00  INFO 25716 --- [buildings] [main] com.vva.buildings.Orenda                 : ID об'єкту порожній у рядку 4017, idOrenda: 47554
2025-07-06T13:48:28.107+03:00  INFO 25716 --- [buildings] [main] com.vva.buildings.Orenda                 : Building with ID 20248 not found in tabBuildings, idOrenda: 79098
2025-07-06T13:48:28.117+03:00  INFO 25716 --- [buildings] [main] com.vva.buildings.Orenda                 : Building with ID 18074 not found in tabBuildings, idOrenda: 81458
2025-07-06T13:48:28.121+03:00  INFO 25716 --- [buildings] [main] com.vva.buildings.Orenda                 : Building with ID 0 not found in tabBuildings, idOrenda: 73415
2025-07-06T13:48:28.125+03:00  INFO 25716 --- [buildings] [main] com.vva.buildings.Orenda                 : ID об'єкту порожній у рядку 4193, idOrenda: 72920
2025-07-06T13:48:28.125+03:00  INFO 25716 --- [buildings] [main] com.vva.buildings.Orenda                 : ID об'єкту порожній у рядку 4194, idOrenda: 72921
2025-07-06T13:48:28.126+03:00  INFO 25716 --- [buildings] [main] com.vva.buildings.Orenda                 : ID об'єкту порожній у рядку 4195, idOrenda: 72922
2025-07-06T13:48:28.126+03:00  INFO 25716 --- [buildings] [main] com.vva.buildings.Orenda                 : ID об'єкту порожній у рядку 4196, idOrenda: 69896
2025-07-06T13:48:28.126+03:00  INFO 25716 --- [buildings] [main] com.vva.buildings.Orenda                 : ID об'єкту порожній у рядку 4197, idOrenda: 69794
2025-07-06T13:48:28.126+03:00  INFO 25716 --- [buildings] [main] com.vva.buildings.Orenda                 : ID об'єкту порожній у рядку 4198, idOrenda: 69805
2025-07-06T13:48:28.126+03:00  INFO 25716 --- [buildings] [main] com.vva.buildings.Orenda                 : ID об'єкту порожній у рядку 4199, idOrenda: 65566
2025-07-06T13:48:28.126+03:00  INFO 25716 --- [buildings] [main] com.vva.buildings.Orenda                 : ID об'єкту порожній у рядку 4200, idOrenda: 65574
2025-07-06T13:48:28.126+03:00  INFO 25716 --- [buildings] [main] com.vva.buildings.Orenda                 : ID об'єкту порожній у рядку 4201, idOrenda: 65592
2025-07-06T13:48:28.126+03:00  INFO 25716 --- [buildings] [main] com.vva.buildings.Orenda                 : ID об'єкту порожній у рядку 4202, idOrenda: 65596
2025-07-06T13:48:28.126+03:00  INFO 25716 --- [buildings] [main] com.vva.buildings.Orenda                 : ID об'єкту порожній у рядку 4203, idOrenda: 65598
2025-07-06T13:48:28.126+03:00  INFO 25716 --- [buildings] [main] com.vva.buildings.Orenda                 : ID об'єкту порожній у рядку 4204, idOrenda: 65599
2025-07-06T13:48:28.126+03:00  INFO 25716 --- [buildings] [main] com.vva.buildings.Orenda                 : ID об'єкту порожній у рядку 4205, idOrenda: 65600
2025-07-06T13:48:28.126+03:00  INFO 25716 --- [buildings] [main] com.vva.buildings.Orenda                 : ID об'єкту порожній у рядку 4206, idOrenda: 65602
2025-07-06T13:48:28.126+03:00  INFO 25716 --- [buildings] [main] com.vva.buildings.Orenda                 : ID об'єкту порожній у рядку 4207, idOrenda: 65603
2025-07-06T13:48:28.126+03:00  INFO 25716 --- [buildings] [main] com.vva.buildings.Orenda                 : ID об'єкту порожній у рядку 4208, idOrenda: 65611
2025-07-06T13:48:28.126+03:00  INFO 25716 --- [buildings] [main] com.vva.buildings.Orenda                 : ID об'єкту порожній у рядку 4209, idOrenda: 65617
2025-07-06T13:48:28.126+03:00  INFO 25716 --- [buildings] [main] com.vva.buildings.Orenda                 : ID об'єкту порожній у рядку 4210, idOrenda: 65623
2025-07-06T13:48:28.126+03:00  INFO 25716 --- [buildings] [main] com.vva.buildings.Orenda                 : ID об'єкту порожній у рядку 4211, idOrenda: 65626
2025-07-06T13:48:28.126+03:00  INFO 25716 --- [buildings] [main] com.vva.buildings.Orenda                 : ID об'єкту порожній у рядку 4212, idOrenda: 65636
2025-07-06T13:48:28.126+03:00  INFO 25716 --- [buildings] [main] com.vva.buildings.Orenda                 : ID об'єкту порожній у рядку 4213, idOrenda: 65637
2025-07-06T13:48:28.126+03:00  INFO 25716 --- [buildings] [main] com.vva.buildings.Orenda                 : ID об'єкту порожній у рядку 4214, idOrenda: 65638
2025-07-06T13:48:28.126+03:00  INFO 25716 --- [buildings] [main] com.vva.buildings.Orenda                 : ID об'єкту порожній у рядку 4215, idOrenda: 65639
2025-07-06T13:48:28.126+03:00  INFO 25716 --- [buildings] [main] com.vva.buildings.Orenda                 : ID об'єкту порожній у рядку 4216, idOrenda: 65644
2025-07-06T13:48:28.126+03:00  INFO 25716 --- [buildings] [main] com.vva.buildings.Orenda                 : ID об'єкту порожній у рядку 4217, idOrenda: 65645
2025-07-06T13:48:28.126+03:00  INFO 25716 --- [buildings] [main] com.vva.buildings.Orenda                 : ID об'єкту порожній у рядку 4218, idOrenda: 65649
2025-07-06T13:48:28.126+03:00  INFO 25716 --- [buildings] [main] com.vva.buildings.Orenda                 : ID об'єкту порожній у рядку 4219, idOrenda: 65650
2025-07-06T13:48:28.126+03:00  INFO 25716 --- [buildings] [main] com.vva.buildings.Orenda                 : ID об'єкту порожній у рядку 4220, idOrenda: 65651
2025-07-06T13:48:28.126+03:00  INFO 25716 --- [buildings] [main] com.vva.buildings.Orenda                 : ID об'єкту порожній у рядку 4221, idOrenda: 65652
2025-07-06T13:48:28.126+03:00  INFO 25716 --- [buildings] [main] com.vva.buildings.Orenda                 : ID об'єкту порожній у рядку 4222, idOrenda: 65653
2025-07-06T13:48:28.126+03:00  INFO 25716 --- [buildings] [main] com.vva.buildings.Orenda                 : ID об'єкту порожній у рядку 4223, idOrenda: 63422
2025-07-06T13:48:28.127+03:00  INFO 25716 --- [buildings] [main] com.vva.buildings.Orenda                 : ID об'єкту порожній у рядку 4224, idOrenda: 63424
2025-07-06T13:48:28.127+03:00  INFO 25716 --- [buildings] [main] com.vva.buildings.Orenda                 : ID об'єкту порожній у рядку 4225, idOrenda: 69599
2025-07-06T13:48:28.127+03:00  INFO 25716 --- [buildings] [main] com.vva.buildings.Orenda                 : ID об'єкту порожній у рядку 4226, idOrenda: 69600
2025-07-06T13:48:28.127+03:00  INFO 25716 --- [buildings] [main] com.vva.buildings.Orenda                 : Building with ID 44562 not found in tabBuildings, idOrenda: 82666
2025-07-06T13:48:28.127+03:00  INFO 25716 --- [buildings] [main] com.vva.buildings.Orenda                 : Building with ID 44562 not found in tabBuildings, idOrenda: 77642
2025-07-06T13:48:28.127+03:00  INFO 25716 --- [buildings] [main] com.vva.buildings.Orenda                 : Building with ID 44562 not found in tabBuildings, idOrenda: 72140
2025-07-06T13:48:28.131+03:00  INFO 25716 --- [buildings] [main] com.vva.buildings.Orenda                 : Building with ID 0 not found in tabBuildings, idOrenda: 85392
2025-07-06T13:48:28.137+03:00  INFO 25716 --- [buildings] [main] com.vva.buildings.Orenda                 : Building with ID 0 not found in tabBuildings, idOrenda: 77752
2025-07-06T13:48:28.138+03:00  INFO 25716 --- [buildings] [main] com.vva.buildings.Orenda                 : Building with ID 14600 not found in tabBuildings, idOrenda: 78329
2025-07-06T13:48:28.140+03:00  INFO 25716 --- [buildings] [main] com.vva.buildings.Orenda                 : Building with ID 14600 not found in tabBuildings, idOrenda: 73350
2025-07-06T13:48:28.140+03:00  INFO 25716 --- [buildings] [main] com.vva.buildings.Orenda                 : Building with ID 14600 not found in tabBuildings, idOrenda: 73352
2025-07-06T13:48:28.141+03:00  INFO 25716 --- [buildings] [main] com.vva.buildings.Orenda                 : Building with ID 61486 not found in tabBuildings, idOrenda: 84763
2025-07-06T13:48:28.142+03:00  INFO 25716 --- [buildings] [main] com.vva.buildings.Orenda                 : Building with ID 49848 not found in tabBuildings, idOrenda: 78886
2025-07-06T13:48:28.144+03:00  INFO 25716 --- [buildings] [main] com.vva.buildings.Orenda                 : ID об'єкту порожній у рядку 4370, idOrenda: 84250
2025-07-06T13:48:28.144+03:00  INFO 25716 --- [buildings] [main] com.vva.buildings.Orenda                 : ID об'єкту порожній у рядку 4371, idOrenda: 84251
2025-07-06T13:48:28.144+03:00  INFO 25716 --- [buildings] [main] com.vva.buildings.Orenda                 : ID об'єкту порожній у рядку 4372, idOrenda: 84252
2025-07-06T13:48:28.144+03:00  INFO 25716 --- [buildings] [main] com.vva.buildings.Orenda                 : ID об'єкту порожній у рядку 4373, idOrenda: 84253
2025-07-06T13:48:28.144+03:00  INFO 25716 --- [buildings] [main] com.vva.buildings.Orenda                 : ID об'єкту порожній у рядку 4374, idOrenda: 84254
2025-07-06T13:48:28.144+03:00  INFO 25716 --- [buildings] [main] com.vva.buildings.Orenda                 : Building with ID 14600 not found in tabBuildings, idOrenda: 84259
2025-07-06T13:48:28.150+03:00  INFO 25716 --- [buildings] [main] com.vva.buildings.Orenda                 : Building with ID 49846 not found in tabBuildings, idOrenda: 81142
2025-07-06T13:48:28.150+03:00  INFO 25716 --- [buildings] [main] com.vva.buildings.Orenda                 : Building with ID 49846 not found in tabBuildings, idOrenda: 82290
2025-07-06T13:48:28.150+03:00  INFO 25716 --- [buildings] [main] com.vva.buildings.Orenda                 : Building with ID 49846 not found in tabBuildings, idOrenda: 82314
2025-07-06T13:48:28.150+03:00  INFO 25716 --- [buildings] [main] com.vva.buildings.Orenda                 : Building with ID 49846 not found in tabBuildings, idOrenda: 81888
2025-07-06T13:48:28.150+03:00  INFO 25716 --- [buildings] [main] com.vva.buildings.Orenda                 : Building with ID 49846 not found in tabBuildings, idOrenda: 84047
2025-07-06T13:48:28.151+03:00  INFO 25716 --- [buildings] [main] com.vva.buildings.Orenda                 : Building with ID 3152 not found in tabBuildings, idOrenda: 83894
2025-07-06T13:48:28.151+03:00  INFO 25716 --- [buildings] [main] com.vva.buildings.Orenda                 : Building with ID 49846 not found in tabBuildings, idOrenda: 83243
2025-07-06T13:48:28.151+03:00  INFO 25716 --- [buildings] [main] com.vva.buildings.Orenda                 : Building with ID 49846 not found in tabBuildings, idOrenda: 83244
2025-07-06T13:48:28.153+03:00  INFO 25716 --- [buildings] [main] com.vva.buildings.Orenda                 : Building with ID 49846 not found in tabBuildings, idOrenda: 83545
2025-07-06T13:48:28.153+03:00  INFO 25716 --- [buildings] [main] com.vva.buildings.Orenda                 : Building with ID 49846 not found in tabBuildings, idOrenda: 83024
2025-07-06T13:48:28.153+03:00  INFO 25716 --- [buildings] [main] com.vva.buildings.Orenda                 : Building with ID 49846 not found in tabBuildings, idOrenda: 83025
2025-07-06T13:48:28.153+03:00  INFO 25716 --- [buildings] [main] com.vva.buildings.Orenda                 : Building with ID 49846 not found in tabBuildings, idOrenda: 82809
2025-07-06T13:48:28.156+03:00  INFO 25716 --- [buildings] [main] com.vva.buildings.Orenda                 : ID об'єкту порожній у рядку 4502, idOrenda: 73876
2025-07-06T13:48:28.167+03:00  INFO 25716 --- [buildings] [main] com.vva.buildings.Orenda                 : ID об'єкту порожній у рядку 4615, idOrenda: 84262
2025-07-06T13:48:28.167+03:00  INFO 25716 --- [buildings] [main] com.vva.buildings.Orenda                 : ID об'єкту порожній у рядку 4616, idOrenda: 84243
2025-07-06T13:48:28.186+03:00  INFO 25716 --- [buildings] [main] com.vva.buildings.Orenda                 : ID об'єкту порожній у рядку 4795, idOrenda: 84258
2025-07-06T13:48:28.186+03:00  INFO 25716 --- [buildings] [main] com.vva.buildings.Orenda                 : ID об'єкту порожній у рядку 4796, idOrenda: 84255
2025-07-06T13:48:28.186+03:00  INFO 25716 --- [buildings] [main] com.vva.buildings.Orenda                 : ID об'єкту порожній у рядку 4797, idOrenda: 84246
2025-07-06T13:48:28.186+03:00  INFO 25716 --- [buildings] [main] com.vva.buildings.Orenda                 : ID об'єкту порожній у рядку 4798, idOrenda: 84273
2025-07-06T13:48:28.208+03:00  INFO 25716 --- [buildings] [main] com.vva.buildings.Orenda                 : ID об'єкту порожній у рядку 4997, idOrenda: 84232
2025-07-06T13:48:28.221+03:00  INFO 25716 --- [buildings] [main] com.vva.buildings.Orenda                 : Building with ID 0 not found in tabBuildings, idOrenda: 82583
2025-07-06T13:48:28.228+03:00  INFO 25716 --- [buildings] [main] com.vva.buildings.Orenda                 : Building with ID 25678 not found in tabBuildings, idOrenda: 71264
2025-07-06T13:48:28.234+03:00  INFO 25716 --- [buildings] [main] com.vva.buildings.Orenda                 : Building with ID 0 not found in tabBuildings, idOrenda: 84965
2025-07-06T13:48:28.235+03:00  INFO 25716 --- [buildings] [main] com.vva.buildings.Orenda                 : Building with ID 0 not found in tabBuildings, idOrenda: 85402
2025-07-06T13:48:28.246+03:00  INFO 25716 --- [buildings] [main] com.vva.buildings.Orenda                 : Building with ID 453370 not found in tabBuildings, idOrenda: 83616
2025-07-06T13:48:28.270+03:00  INFO 25716 --- [buildings] [main] com.vva.buildings.Orenda                 : Building with ID 0 not found in tabBuildings, idOrenda: 85258
2025-07-06T13:48:28.270+03:00  INFO 25716 --- [buildings] [main] com.vva.buildings.Orenda                 : Building with ID 0 not found in tabBuildings, idOrenda: 85259
2025-07-06T13:48:28.278+03:00  INFO 25716 --- [buildings] [main] com.vva.buildings.Orenda                 : Building with ID 47635 not found in tabBuildings, idOrenda: 78216
2025-07-06T13:48:28.290+03:00  INFO 25716 --- [buildings] [main] com.vva.buildings.Orenda                 : Building with ID 51302 not found in tabBuildings, idOrenda: 83581
2025-07-06T13:48:28.295+03:00  INFO 25716 --- [buildings] [main] com.vva.buildings.Orenda                 : ID об'єкту порожній у рядку 5796, idOrenda: 79076
2025-07-06T13:48:28.296+03:00  INFO 25716 --- [buildings] [main] com.vva.buildings.Orenda                 : Building with ID 51288 not found in tabBuildings, idOrenda: 81321
2025-07-06T13:48:28.298+03:00  INFO 25716 --- [buildings] [main] com.vva.buildings.Orenda                 : Building with ID 0 not found in tabBuildings, idOrenda: 81959
2025-07-06T13:48:28.307+03:00  INFO 25716 --- [buildings] [main] com.vva.buildings.Orenda                 : Building with ID 0 not found in tabBuildings, idOrenda: 74452
2025-07-06T13:48:28.310+03:00  INFO 25716 --- [buildings] [main] com.vva.buildings.Orenda                 : Building with ID 51250 not found in tabBuildings, idOrenda: 71070
2025-07-06T13:48:28.315+03:00  INFO 25716 --- [buildings] [main] com.vva.buildings.Orenda                 : Building with ID 51410 not found in tabBuildings, idOrenda: 71241
2025-07-06T13:48:28.315+03:00  INFO 25716 --- [buildings] [main] com.vva.buildings.Orenda                 : Building with ID 0 not found in tabBuildings, idOrenda: 75661
2025-07-06T13:48:28.324+03:00  INFO 25716 --- [buildings] [main] com.vva.buildings.Orenda                 : Building with ID 0 not found in tabBuildings, idOrenda: 85030
2025-07-06T13:48:28.328+03:00  INFO 25716 --- [buildings] [main] com.vva.buildings.Orenda                 : Building with ID 0 not found in tabBuildings, idOrenda: 84442
2025-07-06T13:48:28.339+03:00  INFO 25716 --- [buildings] [main] com.vva.buildings.Orenda                 : Building with ID 18001 not found in tabBuildings, idOrenda: 85331
2025-07-06T13:48:28.343+03:00  INFO 25716 --- [buildings] [main] com.vva.buildings.Orenda                 : Building with ID 51006 not found in tabBuildings, idOrenda: 79642
2025-07-06T13:48:28.343+03:00  INFO 25716 --- [buildings] [main] com.vva.buildings.Orenda                 : Building with ID 51006 not found in tabBuildings, idOrenda: 80024
2025-07-06T13:48:28.344+03:00  INFO 25716 --- [buildings] [main] com.vva.buildings.Orenda                 : Building with ID 51006 not found in tabBuildings, idOrenda: 81730
2025-07-06T13:48:28.352+03:00  INFO 25716 --- [buildings] [main] com.vva.buildings.Orenda                 : Building with ID 51006 not found in tabBuildings, idOrenda: 79033
2025-07-06T13:48:28.353+03:00  INFO 25716 --- [buildings] [main] com.vva.buildings.Orenda                 : Building with ID 51006 not found in tabBuildings, idOrenda: 84029
2025-07-06T13:48:28.355+03:00  INFO 25716 --- [buildings] [main] com.vva.buildings.Orenda                 : Building with ID 51006 not found in tabBuildings, idOrenda: 83519
2025-07-06T13:48:28.358+03:00  INFO 25716 --- [buildings] [main] com.vva.buildings.Orenda                 : Building with ID 51006 not found in tabBuildings, idOrenda: 83063
2025-07-06T13:48:28.360+03:00  INFO 25716 --- [buildings] [main] com.vva.buildings.Orenda                 : Building with ID 51006 not found in tabBuildings, idOrenda: 82591
2025-07-06T13:48:28.364+03:00  INFO 25716 --- [buildings] [main] com.vva.buildings.Orenda                 : Building with ID 53273 not found in tabBuildings, idOrenda: 83625
2025-07-06T13:48:28.370+03:00  INFO 25716 --- [buildings] [main] com.vva.buildings.Orenda                 : Building with ID 53841 not found in tabBuildings, idOrenda: 81550
2025-07-06T13:48:28.370+03:00  INFO 25716 --- [buildings] [main] com.vva.buildings.Orenda                 : Building with ID 58530 not found in tabBuildings, idOrenda: 81566
2025-07-06T13:48:28.371+03:00  INFO 25716 --- [buildings] [main] com.vva.buildings.Orenda                 : Building with ID 53028 not found in tabBuildings, idOrenda: 81527
2025-07-06T13:48:28.373+03:00  INFO 25716 --- [buildings] [main] com.vva.buildings.Orenda                 : Building with ID 53991 not found in tabBuildings, idOrenda: 81294
2025-07-06T13:48:28.380+03:00  INFO 25716 --- [buildings] [main] com.vva.buildings.Orenda                 : Building with ID 53871 not found in tabBuildings, idOrenda: 81641
2025-07-06T13:48:28.381+03:00  INFO 25716 --- [buildings] [main] com.vva.buildings.Orenda                 : Building with ID 53055 not found in tabBuildings, idOrenda: 81745
2025-07-06T13:48:28.382+03:00  INFO 25716 --- [buildings] [main] com.vva.buildings.Orenda                 : Building with ID 58540 not found in tabBuildings, idOrenda: 81987
2025-07-06T13:48:28.383+03:00  INFO 25716 --- [buildings] [main] com.vva.buildings.Orenda                 : Building with ID 53396 not found in tabBuildings, idOrenda: 82006
2025-07-06T13:48:28.383+03:00  INFO 25716 --- [buildings] [main] com.vva.buildings.Orenda                 : Building with ID 52831 not found in tabBuildings, idOrenda: 82000
2025-07-06T13:48:28.386+03:00  INFO 25716 --- [buildings] [main] com.vva.buildings.Orenda                 : Building with ID 53554 not found in tabBuildings, idOrenda: 68955
2025-07-06T13:48:28.387+03:00  INFO 25716 --- [buildings] [main] com.vva.buildings.Orenda                 : Building with ID 53240 not found in tabBuildings, idOrenda: 69049
2025-07-06T13:48:28.388+03:00  INFO 25716 --- [buildings] [main] com.vva.buildings.Orenda                 : Building with ID 53240 not found in tabBuildings, idOrenda: 69050
2025-07-06T13:48:28.388+03:00  INFO 25716 --- [buildings] [main] com.vva.buildings.Orenda                 : Building with ID 54034 not found in tabBuildings, idOrenda: 69060
2025-07-06T13:48:28.391+03:00  INFO 25716 --- [buildings] [main] com.vva.buildings.Orenda                 : Building with ID 0 not found in tabBuildings, idOrenda: 80894
2025-07-06T13:48:28.392+03:00  INFO 25716 --- [buildings] [main] com.vva.buildings.Orenda                 : Building with ID 54034 not found in tabBuildings, idOrenda: 77807
2025-07-06T13:48:28.393+03:00  INFO 25716 --- [buildings] [main] com.vva.buildings.Orenda                 : Building with ID 52977 not found in tabBuildings, idOrenda: 78468
2025-07-06T13:48:28.393+03:00  INFO 25716 --- [buildings] [main] com.vva.buildings.Orenda                 : Building with ID 0 not found in tabBuildings, idOrenda: 78569
2025-07-06T13:48:28.395+03:00  INFO 25716 --- [buildings] [main] com.vva.buildings.Orenda                 : Building with ID 53959 not found in tabBuildings, idOrenda: 68849
2025-07-06T13:48:28.396+03:00  INFO 25716 --- [buildings] [main] com.vva.buildings.Orenda                 : Building with ID 53431 not found in tabBuildings, idOrenda: 68904
2025-07-06T13:48:28.398+03:00  INFO 25716 --- [buildings] [main] com.vva.buildings.Orenda                 : Building with ID 53240 not found in tabBuildings, idOrenda: 69678
2025-07-06T13:48:28.403+03:00  INFO 25716 --- [buildings] [main] com.vva.buildings.Orenda                 : Building with ID 0 not found in tabBuildings, idOrenda: 85288
2025-07-06T13:48:28.403+03:00  INFO 25716 --- [buildings] [main] com.vva.buildings.Orenda                 : Building with ID 0 not found in tabBuildings, idOrenda: 85304
2025-07-06T13:48:28.403+03:00  INFO 25716 --- [buildings] [main] com.vva.buildings.Orenda                 : Building with ID 0 not found in tabBuildings, idOrenda: 85305
2025-07-06T13:48:28.403+03:00  INFO 25716 --- [buildings] [main] com.vva.buildings.Orenda                 : Building with ID 0 not found in tabBuildings, idOrenda: 85306
2025-07-06T13:48:28.403+03:00  INFO 25716 --- [buildings] [main] com.vva.buildings.Orenda                 : Building with ID 0 not found in tabBuildings, idOrenda: 85308
2025-07-06T13:48:28.403+03:00  INFO 25716 --- [buildings] [main] com.vva.buildings.Orenda                 : Building with ID 0 not found in tabBuildings, idOrenda: 85309
2025-07-06T13:48:28.403+03:00  INFO 25716 --- [buildings] [main] com.vva.buildings.Orenda                 : Building with ID 0 not found in tabBuildings, idOrenda: 85311
2025-07-06T13:48:28.403+03:00  INFO 25716 --- [buildings] [main] com.vva.buildings.Orenda                 : Building with ID 0 not found in tabBuildings, idOrenda: 85315
2025-07-06T13:48:28.403+03:00  INFO 25716 --- [buildings] [main] com.vva.buildings.Orenda                 : Building with ID 0 not found in tabBuildings, idOrenda: 85230
2025-07-06T13:48:28.403+03:00  INFO 25716 --- [buildings] [main] com.vva.buildings.Orenda                 : Building with ID 0 not found in tabBuildings, idOrenda: 85231
2025-07-06T13:48:28.403+03:00  INFO 25716 --- [buildings] [main] com.vva.buildings.Orenda                 : ID об'єкту порожній у рядку 6811, idOrenda: 85232
2025-07-06T13:48:28.403+03:00  INFO 25716 --- [buildings] [main] com.vva.buildings.Orenda                 : ID об'єкту порожній у рядку 6812, idOrenda: 85223
2025-07-06T13:48:28.403+03:00  INFO 25716 --- [buildings] [main] com.vva.buildings.Orenda                 : Building with ID 0 not found in tabBuildings, idOrenda: 85234
2025-07-06T13:48:28.403+03:00  INFO 25716 --- [buildings] [main] com.vva.buildings.Orenda                 : Building with ID 0 not found in tabBuildings, idOrenda: 85235
2025-07-06T13:48:28.403+03:00  INFO 25716 --- [buildings] [main] com.vva.buildings.Orenda                 : Building with ID 0 not found in tabBuildings, idOrenda: 85236
2025-07-06T13:48:28.403+03:00  INFO 25716 --- [buildings] [main] com.vva.buildings.Orenda                 : Building with ID 0 not found in tabBuildings, idOrenda: 85237
2025-07-06T13:48:28.403+03:00  INFO 25716 --- [buildings] [main] com.vva.buildings.Orenda                 : Building with ID 0 not found in tabBuildings, idOrenda: 85238
2025-07-06T13:48:28.403+03:00  INFO 25716 --- [buildings] [main] com.vva.buildings.Orenda                 : Building with ID 0 not found in tabBuildings, idOrenda: 85239
2025-07-06T13:48:28.403+03:00  INFO 25716 --- [buildings] [main] com.vva.buildings.Orenda                 : Building with ID 0 not found in tabBuildings, idOrenda: 85240
2025-07-06T13:48:28.403+03:00  INFO 25716 --- [buildings] [main] com.vva.buildings.Orenda                 : ID об'єкту порожній у рядку 6820, idOrenda: 85241
2025-07-06T13:48:28.403+03:00  INFO 25716 --- [buildings] [main] com.vva.buildings.Orenda                 : Building with ID 0 not found in tabBuildings, idOrenda: 85242
2025-07-06T13:48:28.403+03:00  INFO 25716 --- [buildings] [main] com.vva.buildings.Orenda                 : Building with ID 0 not found in tabBuildings, idOrenda: 85243
2025-07-06T13:48:28.403+03:00  INFO 25716 --- [buildings] [main] com.vva.buildings.Orenda                 : ID об'єкту порожній у рядку 6823, idOrenda: 85245
2025-07-06T13:48:28.403+03:00  INFO 25716 --- [buildings] [main] com.vva.buildings.Orenda                 : Building with ID 0 not found in tabBuildings, idOrenda: 85246
2025-07-06T13:48:28.403+03:00  INFO 25716 --- [buildings] [main] com.vva.buildings.Orenda                 : Building with ID 0 not found in tabBuildings, idOrenda: 85247
2025-07-06T13:48:28.404+03:00  INFO 25716 --- [buildings] [main] com.vva.buildings.Orenda                 : Building with ID 0 not found in tabBuildings, idOrenda: 85249
2025-07-06T13:48:28.404+03:00  INFO 25716 --- [buildings] [main] com.vva.buildings.Orenda                 : Building with ID 0 not found in tabBuildings, idOrenda: 85251
2025-07-06T13:48:28.404+03:00  INFO 25716 --- [buildings] [main] com.vva.buildings.Orenda                 : Building with ID 0 not found in tabBuildings, idOrenda: 85252
2025-07-06T13:48:28.404+03:00  INFO 25716 --- [buildings] [main] com.vva.buildings.Orenda                 : Building with ID 0 not found in tabBuildings, idOrenda: 85139
2025-07-06T13:48:28.404+03:00  INFO 25716 --- [buildings] [main] com.vva.buildings.Orenda                 : Building with ID 0 not found in tabBuildings, idOrenda: 85161
2025-07-06T13:48:28.404+03:00  INFO 25716 --- [buildings] [main] com.vva.buildings.Orenda                 : Building with ID 0 not found in tabBuildings, idOrenda: 85162
2025-07-06T13:48:28.404+03:00  INFO 25716 --- [buildings] [main] com.vva.buildings.Orenda                 : Building with ID 0 not found in tabBuildings, idOrenda: 85154
2025-07-06T13:48:28.404+03:00  INFO 25716 --- [buildings] [main] com.vva.buildings.Orenda                 : Building with ID 0 not found in tabBuildings, idOrenda: 85166
2025-07-06T13:48:28.404+03:00  INFO 25716 --- [buildings] [main] com.vva.buildings.Orenda                 : Building with ID 0 not found in tabBuildings, idOrenda: 85167
2025-07-06T13:48:28.404+03:00  INFO 25716 --- [buildings] [main] com.vva.buildings.Orenda                 : Building with ID 0 not found in tabBuildings, idOrenda: 85159
2025-07-06T13:48:28.404+03:00  INFO 25716 --- [buildings] [main] com.vva.buildings.Orenda                 : Building with ID 0 not found in tabBuildings, idOrenda: 85170
2025-07-06T13:48:28.404+03:00  INFO 25716 --- [buildings] [main] com.vva.buildings.Orenda                 : Building with ID 0 not found in tabBuildings, idOrenda: 85175
2025-07-06T13:48:28.404+03:00  INFO 25716 --- [buildings] [main] com.vva.buildings.Orenda                 : Building with ID 0 not found in tabBuildings, idOrenda: 85176
2025-07-06T13:48:28.404+03:00  INFO 25716 --- [buildings] [main] com.vva.buildings.Orenda                 : Building with ID 0 not found in tabBuildings, idOrenda: 85177
2025-07-06T13:48:28.404+03:00  INFO 25716 --- [buildings] [main] com.vva.buildings.Orenda                 : Building with ID 0 not found in tabBuildings, idOrenda: 85172
2025-07-06T13:48:28.404+03:00  INFO 25716 --- [buildings] [main] com.vva.buildings.Orenda                 : Building with ID 0 not found in tabBuildings, idOrenda: 85173
2025-07-06T13:48:28.404+03:00  INFO 25716 --- [buildings] [main] com.vva.buildings.Orenda                 : Building with ID 0 not found in tabBuildings, idOrenda: 85179
2025-07-06T13:48:28.404+03:00  INFO 25716 --- [buildings] [main] com.vva.buildings.Orenda                 : Building with ID 0 not found in tabBuildings, idOrenda: 85180
2025-07-06T13:48:28.404+03:00  INFO 25716 --- [buildings] [main] com.vva.buildings.Orenda                 : Building with ID 0 not found in tabBuildings, idOrenda: 85031
2025-07-06T13:48:28.404+03:00  INFO 25716 --- [buildings] [main] com.vva.buildings.Orenda                 : Building with ID 0 not found in tabBuildings, idOrenda: 84949
2025-07-06T13:48:28.404+03:00  INFO 25716 --- [buildings] [main] com.vva.buildings.Orenda                 : Building with ID 0 not found in tabBuildings, idOrenda: 84943
2025-07-06T13:48:28.405+03:00  INFO 25716 --- [buildings] [main] com.vva.buildings.Orenda                 : Building with ID 0 not found in tabBuildings, idOrenda: 84944
2025-07-06T13:48:28.405+03:00  INFO 25716 --- [buildings] [main] com.vva.buildings.Orenda                 : Building with ID 0 not found in tabBuildings, idOrenda: 84945
2025-07-06T13:48:28.405+03:00  INFO 25716 --- [buildings] [main] com.vva.buildings.Orenda                 : ID об'єкту порожній у рядку 6851, idOrenda: 84231
2025-07-06T13:48:28.405+03:00  INFO 25716 --- [buildings] [main] com.vva.buildings.Orenda                 : Building with ID 0 not found in tabBuildings, idOrenda: 84219
2025-07-06T13:48:28.405+03:00  INFO 25716 --- [buildings] [main] com.vva.buildings.Orenda                 : Building with ID 0 not found in tabBuildings, idOrenda: 84365
2025-07-06T13:48:28.405+03:00  INFO 25716 --- [buildings] [main] com.vva.buildings.Orenda                 : ID об'єкту порожній у рядку 6860, idOrenda: 84614
2025-07-06T13:48:28.405+03:00  INFO 25716 --- [buildings] [main] com.vva.buildings.Orenda                 : Building with ID 0 not found in tabBuildings, idOrenda: 84615
2025-07-06T13:48:28.406+03:00  INFO 25716 --- [buildings] [main] com.vva.buildings.Orenda                 : Building with ID 0 not found in tabBuildings, idOrenda: 84618
2025-07-06T13:48:28.406+03:00  INFO 25716 --- [buildings] [main] com.vva.buildings.Orenda                 : Building with ID 58330 not found in tabBuildings, idOrenda: 79194
2025-07-06T13:48:28.406+03:00  INFO 25716 --- [buildings] [main] com.vva.buildings.Orenda                 : Building with ID 53051 not found in tabBuildings, idOrenda: 67607
2025-07-06T13:48:28.406+03:00  INFO 25716 --- [buildings] [main] com.vva.buildings.Orenda                 : Building with ID 58534 not found in tabBuildings, idOrenda: 67564
2025-07-06T13:48:28.407+03:00  INFO 25716 --- [buildings] [main] com.vva.buildings.Orenda                 : Building with ID 58545 not found in tabBuildings, idOrenda: 67566
2025-07-06T13:48:28.438+03:00  INFO 25716 --- [buildings] [main] com.vva.buildings.Orenda                 : Building with ID 40000 not found in tabBuildings, idOrenda: 82348
2025-07-06T13:48:28.442+03:00  INFO 25716 --- [buildings] [main] com.vva.buildings.Orenda                 : Building with ID 40000 not found in tabBuildings, idOrenda: 70195
2025-07-06T13:48:28.444+03:00  INFO 25716 --- [buildings] [main] com.vva.buildings.Orenda                 : Building with ID 40000 not found in tabBuildings, idOrenda: 70218
2025-07-06T13:48:28.449+03:00  INFO 25716 --- [buildings] [main] com.vva.buildings.Orenda                 : Building with ID 0 not found in tabBuildings, idOrenda: 85399
2025-07-06T13:48:28.449+03:00  INFO 25716 --- [buildings] [main] com.vva.buildings.Orenda                 : Building with ID 0 not found in tabBuildings, idOrenda: 85301
2025-07-06T13:48:28.449+03:00  INFO 25716 --- [buildings] [main] com.vva.buildings.Orenda                 : ID об'єкту порожній у рядку 7293, idOrenda: 85302
2025-07-06T13:48:28.449+03:00  INFO 25716 --- [buildings] [main] com.vva.buildings.Orenda                 : Building with ID 0 not found in tabBuildings, idOrenda: 85334
2025-07-06T13:48:28.457+03:00  INFO 25716 --- [buildings] [main] com.vva.buildings.Orenda                 : ID об'єкту порожній у рядку 7373, idOrenda: 85408
2025-07-06T13:48:28.458+03:00  INFO 25716 --- [buildings] [main] com.vva.buildings.Orenda                 : Building with ID 0 not found in tabBuildings, idOrenda: 85380
2025-07-06T13:48:28.465+03:00  INFO 25716 --- [buildings] [main] com.vva.buildings.Orenda                 : ID об'єкту порожній у рядку 7447, idOrenda: 68713
2025-07-06T13:48:28.469+03:00  INFO 25716 --- [buildings] [main] com.vva.buildings.Orenda                 : Building with ID 52373 not found in tabBuildings, idOrenda: 72496
2025-07-06T13:48:28.499+03:00  INFO 25716 --- [buildings] [main] com.vva.buildings.Orenda                 : ID об'єкту порожній у рядку 7744, idOrenda: 84230
2025-07-06T13:48:28.501+03:00  INFO 25716 --- [buildings] [main] com.vva.buildings.Orenda                 : Building with ID 0 not found in tabBuildings, idOrenda: 85208
2025-07-06T13:48:28.501+03:00  INFO 25716 --- [buildings] [main] com.vva.buildings.Orenda                 : Building with ID 52723 not found in tabBuildings, idOrenda: 78261
2025-07-06T13:48:28.501+03:00  INFO 25716 --- [buildings] [main] com.vva.buildings.Orenda                 : Building with ID 52723 not found in tabBuildings, idOrenda: 76230
2025-07-06T13:48:28.502+03:00  INFO 25716 --- [buildings] [main] com.vva.buildings.Orenda                 : Building with ID 52723 not found in tabBuildings, idOrenda: 76582
2025-07-06T13:48:28.502+03:00  INFO 25716 --- [buildings] [main] com.vva.buildings.Orenda                 : Building with ID 52705 not found in tabBuildings, idOrenda: 80600
2025-07-06T13:48:28.502+03:00  INFO 25716 --- [buildings] [main] com.vva.buildings.Orenda                 : Building with ID 52723 not found in tabBuildings, idOrenda: 75567
2025-07-06T13:48:28.502+03:00  INFO 25716 --- [buildings] [main] com.vva.buildings.Orenda                 : Building with ID 52723 not found in tabBuildings, idOrenda: 78604
2025-07-06T13:48:28.502+03:00  INFO 25716 --- [buildings] [main] com.vva.buildings.Orenda                 : Building with ID 52705 not found in tabBuildings, idOrenda: 76580
2025-07-06T13:48:28.502+03:00  INFO 25716 --- [buildings] [main] com.vva.buildings.Orenda                 : Building with ID 52705 not found in tabBuildings, idOrenda: 75871
2025-07-06T13:48:28.513+03:00  INFO 25716 --- [buildings] [main] com.vva.buildings.Orenda                 : ID об'єкту порожній у рядку 7886, idOrenda: 76710
2025-07-06T13:48:28.513+03:00  INFO 25716 --- [buildings] [main] com.vva.buildings.Orenda                 : ID об'єкту порожній у рядку 7887, idOrenda: 76735
2025-07-06T13:48:28.513+03:00  INFO 25716 --- [buildings] [main] com.vva.buildings.Orenda                 : ID об'єкту порожній у рядку 7888, idOrenda: 76736
2025-07-06T13:48:28.513+03:00  INFO 25716 --- [buildings] [main] com.vva.buildings.Orenda                 : ID об'єкту порожній у рядку 7889, idOrenda: 76737
2025-07-06T13:48:28.513+03:00  INFO 25716 --- [buildings] [main] com.vva.buildings.Orenda                 : ID об'єкту порожній у рядку 7890, idOrenda: 76948
2025-07-06T13:48:28.514+03:00  INFO 25716 --- [buildings] [main] com.vva.buildings.Orenda                 : Building with ID 4024 not found in tabBuildings, idOrenda: 61613
2025-07-06T13:48:28.515+03:00  INFO 25716 --- [buildings] [main] com.vva.buildings.Orenda                 : ID об'єкту порожній у рядку 7907, idOrenda: 79550
2025-07-06T13:48:28.515+03:00  INFO 25716 --- [buildings] [main] com.vva.buildings.Orenda                 : ID об'єкту порожній у рядку 7908, idOrenda: 80241
2025-07-06T13:48:28.515+03:00  INFO 25716 --- [buildings] [main] com.vva.buildings.Orenda                 : ID об'єкту порожній у рядку 7909, idOrenda: 80242
2025-07-06T13:48:28.515+03:00  INFO 25716 --- [buildings] [main] com.vva.buildings.Orenda                 : ID об'єкту порожній у рядку 7910, idOrenda: 80352
2025-07-06T13:48:28.515+03:00  INFO 25716 --- [buildings] [main] com.vva.buildings.Orenda                 : ID об'єкту порожній у рядку 7911, idOrenda: 80431
2025-07-06T13:48:28.517+03:00  INFO 25716 --- [buildings] [main] com.vva.buildings.Orenda                 : ID об'єкту порожній у рядку 7924, idOrenda: 80351
2025-07-06T13:48:28.517+03:00  INFO 25716 --- [buildings] [main] com.vva.buildings.Orenda                 : Building with ID 0 not found in tabBuildings, idOrenda: 81128
2025-07-06T13:48:28.518+03:00  INFO 25716 --- [buildings] [main] com.vva.buildings.Orenda                 : Building with ID 0 not found in tabBuildings, idOrenda: 84898
2025-07-06T13:48:28.518+03:00  INFO 25716 --- [buildings] [main] com.vva.buildings.Orenda                 : Building with ID 0 not found in tabBuildings, idOrenda: 85319
2025-07-06T13:48:28.518+03:00  INFO 25716 --- [buildings] [main] com.vva.buildings.Orenda                 : Building with ID 52722 not found in tabBuildings, idOrenda: 82522
2025-07-06T13:48:28.519+03:00  INFO 25716 --- [buildings] [main] com.vva.buildings.Orenda                 : Building with ID 992740 not found in tabBuildings, idOrenda: 84085
2025-07-06T13:48:28.520+03:00  INFO 25716 --- [buildings] [main] com.vva.buildings.Orenda                 : Building with ID 4105 not found in tabBuildings, idOrenda: 84120
2025-07-06T13:48:28.520+03:00  INFO 25716 --- [buildings] [main] com.vva.buildings.Orenda                 : Building with ID 0 not found in tabBuildings, idOrenda: 84604
2025-07-06T13:48:28.520+03:00  INFO 25716 --- [buildings] [main] com.vva.buildings.Orenda                 : Building with ID 1943 not found in tabBuildings, idOrenda: 84532
2025-07-06T13:48:28.521+03:00  INFO 25716 --- [buildings] [main] com.vva.buildings.Orenda                 : Building with ID 65223 not found in tabBuildings, idOrenda: 84729
2025-07-06T13:48:28.521+03:00  INFO 25716 --- [buildings] [main] com.vva.buildings.Orenda                 : Building with ID 0 not found in tabBuildings, idOrenda: 85182
2025-07-06T13:48:28.521+03:00  INFO 25716 --- [buildings] [main] com.vva.buildings.Orenda                 : Building with ID 6857 not found in tabBuildings, idOrenda: 85174
2025-07-06T13:48:28.521+03:00  INFO 25716 --- [buildings] [main] com.vva.buildings.Orenda                 : Building with ID 0 not found in tabBuildings, idOrenda: 85253
2025-07-06T13:48:28.521+03:00  INFO 25716 --- [buildings] [main] com.vva.buildings.Orenda                 : Building with ID 0 not found in tabBuildings, idOrenda: 85297
2025-07-06T13:48:28.521+03:00  INFO 25716 --- [buildings] [main] com.vva.buildings.Orenda                 : Building with ID 17057 not found in tabBuildings, idOrenda: 81335
2025-07-06T13:48:28.522+03:00  INFO 25716 --- [buildings] [main] com.vva.buildings.Orenda                 : Building with ID 5774 not found in tabBuildings, idOrenda: 81394
2025-07-06T13:48:28.522+03:00  INFO 25716 --- [buildings] [main] com.vva.buildings.Orenda                 : Building with ID 0 not found in tabBuildings, idOrenda: 83140
2025-07-06T13:48:28.564+03:00  INFO 25716 --- [buildings] [main] com.vva.buildings.Orenda                 : Building with ID 0 not found in tabBuildings, idOrenda: 83940
2025-07-06T13:48:28.565+03:00  INFO 25716 --- [buildings] [main] com.vva.buildings.Orenda                 : Building with ID 11893 not found in tabBuildings, idOrenda: 84080
2025-07-06T13:48:28.565+03:00  INFO 25716 --- [buildings] [main] com.vva.buildings.Orenda                 : Building with ID 8178 not found in tabBuildings, idOrenda: 84560
2025-07-06T13:48:28.567+03:00  INFO 25716 --- [buildings] [main] com.vva.buildings.Orenda                 : Finished creating Orenda tabs
